{
"type": "FeatureCollection",
"name": "cb_2022_us_county_20m",
"crs": { "type": "name", "properties": { "name": "urn:ogc:def:crs:OGC:1.3:CRS84" } },
"features": [
{ "type": "Feature", "properties": { "STATEFP": "22", "COUNTYFP": "003", "NAME": "Allen", "NAMELSAD": "Allen Parish" }, "geometry": { "type": "Polygon", "coordinates": [ [ [ -93.130732, 30.598093 ], [ -92.979098, 30.597995 ], [ -92.978673, 30.878136 ], [ -92.838273, 30.877184 ], [ -92.82387, 30.892071 ], [ -92.740222, 30.891503 ], [ -92.622883, 30.898761 ], [ -92.597798, 30.896001 ], [ -92.583508, 30.56269 ], [ -92.630321, 30.488012 ], [ -92.773981, 30.488218 ], [ -92.775737, 30.437617 ], [ -93.065525, 30.438677 ], [ -93.131155, 30.423591 ], [ -93.130732, 30.598093 ] ] ] } },
{ "type": "Feature", "properties": { "STATEFP": "48", "COUNTYFP": "273", "NAME": "Kleberg", "NAMELSAD": "Kleberg County" }, "geometry": { "type": "Polygon", "coordinates": [ [ [ -98.059464, 27.635862 ], [ -97.942146, 27.635932 ], [ -97.840678, 27.558358 ], [ -97.325216, 27.560896 ], [ -97.222991407531794, 27.576607316479599 ], [ -97.257325, 27.510644 ], [ -97.296057, 27.427175 ], [ -97.336122, 27.317818 ], [ -97.346850876955699, 27.277958832209499 ], [ -97.508863, 27.266636 ], [ -97.785102, 27.283714 ], [ -97.84134, 27.243955 ], [ -97.985887, 27.209308 ], [ -97.986076, 27.260494 ], [ -98.058078, 27.260981 ], [ -98.059464, 27.635862 ] ] ] } },
{ "type": "Feature", "properties": { "STATEFP": "48", "COUNTYFP": "011", "NAME": "Armstrong", "NAMELSAD": "Armstrong County" }, "geometry": { "type": "Polygon", "coordinates": [ [ [ -101.622941, 35.183117 ], [ -101.086281, 35.18214 ], [ -101.090749, 34.748246 ], [ -101.471562, 34.747462 ], [ -101.629257, 34.747649 ], [ -101.622941, 35.183117 ] ] ] } },
{ "type": "Feature", "properties": { "STATEFP": "48", "COUNTYFP": "171", "NAME": "Gillespie", "NAMELSAD": "Gillespie County" }, "geometry": { "type": "Polygon", "coordinates": [ [ [ -99.303996, 30.499832 ], [ -98.964232, 30.498482 ], [ -98.59167, 30.499875 ], [ -98.587897, 30.138954 ], [ -98.920147, 30.13829 ], [ -99.300988, 30.134298 ], [ -99.301718, 30.286653 ], [ -99.303996, 30.499832 ] ] ] } },
{ "type": "Feature", "properties": { "STATEFP": "48", "COUNTYFP": "209", "NAME": "Hays", "NAMELSAD": "Hays County" }, "geometry": { "type": "Polygon", "coordinates": [ [ [ -98.172977, 30.356312 ], [ -98.010831, 30.240339 ], [ -97.928808, 30.181703 ], [ -97.813942, 30.09915 ], [ -97.813515, 30.098842 ], [ -97.70879, 30.023451 ], [ -97.899196, 29.85748 ], [ -97.875259, 29.858208 ], [ -97.943564, 29.806914 ], [ -97.999271, 29.752444 ], [ -98.01518, 29.801485 ], [ -98.018657, 29.812175 ], [ -98.030523, 29.848539 ], [ -98.2976, 30.037994 ], [ -98.172977, 30.356312 ] ] ] } },
{ "type": "Feature", "properties": { "STATEFP": "48", "COUNTYFP": "369", "NAME": "Parmer", "NAMELSAD": "Parmer County" }, "geometry": { "type": "Polygon", "coordinates": [ [ [ -103.043946, 34.379555 ], [ -103.043072, 34.619782 ], [ -103.042769, 34.747361 ], [ -102.525184, 34.746931 ], [ -102.525631, 34.313034 ], [ -102.61515, 34.312891 ], [ -103.043850301172, 34.312749873507897 ], [ -103.043946, 34.379555 ] ] ] } },
{ "type": "Feature", "properties": { "STATEFP": "48", "COUNTYFP": "329", "NAME": "Midland", "NAMELSAD": "Midland County" }, "geometry": { "type": "Polygon", "coordinates": [ [ [ -102.287048, 32.086991 ], [ -102.211249, 32.0868 ], [ -101.776085, 32.086925 ], [ -101.775802, 31.651319 ], [ -102.287345, 31.651276 ], [ -102.287048, 32.086991 ] ] ] } },
{ "type": "Feature", "properties": { "STATEFP": "48", "COUNTYFP": "189", "NAME": "Hale", "NAMELSAD": "Hale County" }, "geometry": { "type": "Polygon", "coordinates": [ [ [ -102.090415, 34.313132 ], [ -101.99802, 34.313039 ], [ -101.564856, 34.312493 ], [ -101.56358, 33.830451 ], [ -102.085733, 33.824675 ], [ -102.090415, 34.313132 ] ] ] } },
{ "type": "Feature", "properties": { "STATEFP": "48", "COUNTYFP": "395", "NAME": "Robertson", "NAMELSAD": "Robertson County" }, "geometry": { "type": "Polygon", "coordinates": [ [ [ -96.830497, 31.10522 ], [ -96.596862, 31.2209 ], [ -96.319165, 31.357129 ], [ -96.331121, 31.252465 ], [ -96.24102, 30.973737 ], [ -96.338001, 30.920531 ], [ -96.45763, 30.744474 ], [ -96.566983, 30.69567 ], [ -96.621423, 30.730764 ], [ -96.61224, 30.75771 ], [ -96.64128, 30.818051 ], [ -96.75633, 30.927206 ], [ -96.767149, 31.042829 ], [ -96.830497, 31.10522 ] ] ] } },
{ "type": "Feature", "properties": { "STATEFP": "48", "COUNTYFP": "221", "NAME": "Hood", "NAMELSAD": "Hood County" }, "geometry": { "type": "Polygon", "coordinates": [ [ [ -98.066836, 32.558822 ], [ -97.617066, 32.555484 ], [ -97.61572, 32.318617 ], [ -97.78276, 32.316493 ], [ -97.945625, 32.233468 ], [ -98.068545, 32.511626 ], [ -98.066836, 32.558822 ] ] ] } },
{ "type": "Feature", "properties": { "STATEFP": "48", "COUNTYFP": "437", "NAME": "Swisher", "NAMELSAD": "Swisher County" }, "geometry": { "type": "Polygon", "coordinates": [ [ [ -101.998493, 34.74819 ], [ -101.629257, 34.747649 ], [ -101.471562, 34.747462 ], [ -101.47158, 34.31229 ], [ -101.564856, 34.312493 ], [ -101.99802, 34.313039 ], [ -101.998493, 34.74819 ] ] ] } },
{ "type": "Feature", "properties": { "STATEFP": "48", "COUNTYFP": "315", "NAME": "Marion", "NAMELSAD": "Marion County" }, "geometry": { "type": "Polygon", "coordinates": [ [ [ -94.705878, 32.879177 ], [ -94.653994, 32.879506 ], [ -94.043002621563303, 32.881088978923998 ], [ -94.043026, 32.797476 ], [ -94.043051527617607, 32.693029976665599 ], [ -94.143428, 32.74148 ], [ -94.176401, 32.694694 ], [ -94.25037, 32.745166 ], [ -94.390783, 32.694377 ], [ -94.507323, 32.693738 ], [ -94.70214, 32.793088 ], [ -94.672351, 32.834756 ], [ -94.705878, 32.879177 ] ] ] } },
{ "type": "Feature", "properties": { "STATEFP": "48", "COUNTYFP": "063", "NAME": "Camp", "NAMELSAD": "Camp County" }, "geometry": { "type": "Polygon", "coordinates": [ [ [ -95.152206, 33.01345 ], [ -95.12613, 33.034581 ], [ -94.935679, 33.073684 ], [ -94.819828, 32.982886 ], [ -94.768855, 32.925834 ], [ -94.719942, 32.904502 ], [ -95.15211, 32.902641 ], [ -95.152206, 33.01345 ] ] ] } },
{ "type": "Feature", "properties": { "STATEFP": "48", "COUNTYFP": "335", "NAME": "Mitchell", "NAMELSAD": "Mitchell County" }, "geometry": { "type": "Polygon", "coordinates": [ [ [ -101.174571, 32.524112 ], [ -101.174562, 32.527703 ], [ -100.660626, 32.525312 ], [ -100.665353, 32.085407 ], [ -100.821594, 32.08661 ], [ -101.183997, 32.087208 ], [ -101.174571, 32.524112 ] ] ] } },
{ "type": "Feature", "properties": { "STATEFP": "48", "COUNTYFP": "045", "NAME": "Briscoe", "NAMELSAD": "Briscoe County" }, "geometry": { "type": "Polygon", "coordinates": [ [ [ -101.471562, 34.747462 ], [ -101.090749, 34.748246 ], [ -100.944939, 34.748281 ], [ -100.946132, 34.312759 ], [ -101.041484, 34.312444 ], [ -101.47158, 34.31229 ], [ -101.471562, 34.747462 ] ] ] } },
{ "type": "Feature", "properties": { "STATEFP": "22", "COUNTYFP": "067", "NAME": "Morehouse", "NAMELSAD": "Morehouse Parish" }, "geometry": { "type": "Polygon", "coordinates": [ [ [ -92.068928088516699, 33.008481580616603 ], [ -91.875128, 33.007728 ], [ -91.489176, 33.006182 ], [ -91.460376233921096, 33.005996955867403 ], [ -91.435930741547395, 33.0058398887954 ], [ -91.437551, 32.980932 ], [ -91.566363, 32.855561 ], [ -91.637595, 32.667298 ], [ -91.742286, 32.558906 ], [ -91.80432, 32.571316 ], [ -91.839532, 32.518482 ], [ -91.913057, 32.505902 ], [ -91.943419, 32.587119 ], [ -91.911168, 32.661139 ], [ -91.975026, 32.711428 ], [ -92.065179, 32.723003 ], [ -92.052728, 32.794734 ], [ -92.085617, 32.965193 ], [ -92.068928088516699, 33.008481580616603 ] ] ] } },
{ "type": "Feature", "properties": { "STATEFP": "48", "COUNTYFP": "373", "NAME": "Polk", "NAMELSAD": "Polk County" }, "geometry": { "type": "Polygon", "coordinates": [ [ [ -95.20018, 30.824566 ], [ -94.939127, 31.042048 ], [ -94.842947, 31.146578 ], [ -94.751577, 31.105556 ], [ -94.561943, 31.058952 ], [ -94.657992, 31.012007 ], [ -94.545717, 30.526977 ], [ -94.537926, 30.491059 ], [ -94.732732, 30.490066 ], [ -94.777341, 30.489002 ], [ -94.849414, 30.493553 ], [ -94.829984, 30.541112 ], [ -94.965729, 30.576586 ], [ -95.054602, 30.680173 ], [ -95.135384, 30.693816 ], [ -95.131205, 30.781703 ], [ -95.20018, 30.824566 ] ] ] } },
{ "type": "Feature", "properties": { "STATEFP": "48", "COUNTYFP": "103", "NAME": "Crane", "NAMELSAD": "Crane County" }, "geometry": { "type": "Polygon", "coordinates": [ [ [ -102.767246, 31.651714 ], [ -102.31805, 31.651327 ], [ -102.301212, 31.086212 ], [ -102.388804, 31.087156 ], [ -102.429545, 31.193557 ], [ -102.511156, 31.2595 ], [ -102.676104, 31.330084 ], [ -102.767365, 31.293803 ], [ -102.767246, 31.651714 ] ] ] } },
{ "type": "Feature", "properties": { "STATEFP": "48", "COUNTYFP": "069", "NAME": "Castro", "NAMELSAD": "Castro County" }, "geometry": { "type": "Polygon", "coordinates": [ [ [ -102.525184, 34.746931 ], [ -102.168839, 34.747417 ], [ -101.998493, 34.74819 ], [ -101.99802, 34.313039 ], [ -102.090415, 34.313132 ], [ -102.525631, 34.313034 ], [ -102.525184, 34.746931 ] ] ] } },
{ "type": "Feature", "properties": { "STATEFP": "22", "COUNTYFP": "081", "NAME": "Red River", "NAMELSAD": "Red River Parish" }, "geometry": { "type": "Polygon", "coordinates": [ [ [ -93.61469, 32.237526 ], [ -93.469441, 32.237181 ], [ -93.428644, 32.235273 ], [ -93.213964, 32.236126 ], [ -93.187138, 32.148509 ], [ -93.121188, 31.97261 ], [ -93.23847, 31.972781 ], [ -93.239501, 31.90352 ], [ -93.355452, 31.932222 ], [ -93.441506, 31.98918 ], [ -93.539553, 32.102167 ], [ -93.535963, 32.193126 ], [ -93.61469, 32.237526 ] ] ] } },
{ "type": "Feature", "properties": { "STATEFP": "48", "COUNTYFP": "123", "NAME": "DeWitt", "NAMELSAD": "DeWitt County" }, "geometry": { "type": "Polygon", "coordinates": [ [ [ -97.613132, 29.109765 ], [ -97.240108, 29.384488 ], [ -96.976378, 29.104046 ], [ -97.305916, 28.864037 ], [ -97.41734, 28.925228 ], [ -97.574639, 28.8133 ], [ -97.75511, 29.007113 ], [ -97.613132, 29.109765 ] ] ] } },
{ "type": "Feature", "properties": { "STATEFP": "48", "COUNTYFP": "325", "NAME": "Medina", "NAMELSAD": "Medina County" }, "geometry": { "type": "Polygon", "coordinates": [ [ [ -99.411817, 29.627514 ], [ -98.983787, 29.62345 ], [ -98.971383, 29.551842 ], [ -98.927161, 29.56225 ], [ -98.806552, 29.690709 ], [ -98.804763, 29.250693 ], [ -98.8049, 29.090434 ], [ -99.41388, 29.091335 ], [ -99.411817, 29.627514 ] ] ] } },
{ "type": "Feature", "properties": { "STATEFP": "48", "COUNTYFP": "079", "NAME": "Cochran", "NAMELSAD": "Cochran County" }, "geometry": { "type": "Polygon", "coordinates": [ [ [ -103.052610516564002, 33.5705747764422 ], [ -103.05261, 33.570599 ], [ -103.047346, 33.824675 ], [ -102.615447, 33.825121 ], [ -102.594836, 33.388489 ], [ -103.056495064337994, 33.388414214620603 ], [ -103.052610516564002, 33.5705747764422 ] ] ] } },
{ "type": "Feature", "properties": { "STATEFP": "48", "COUNTYFP": "075", "NAME": "Childress", "NAMELSAD": "Childress County" }, "geometry": { "type": "Polygon", "coordinates": [ [ [ -100.415895, 34.747525 ], [ -100.000382194815998, 34.746360552561598 ], [ -100.000381, 34.560509 ], [ -99.997629328163001, 34.561136624560099 ], [ -99.99772, 34.311829 ], [ -100.417783, 34.313524 ], [ -100.415895, 34.747525 ] ] ] } },
{ "type": "Feature", "properties": { "STATEFP": "48", "COUNTYFP": "105", "NAME": "Crockett", "NAMELSAD": "Crockett County" }, "geometry": { "type": "Polygon", "coordinates": [ [ [ -102.301212, 31.086212 ], [ -101.776191, 31.079784 ], [ -101.274799, 31.079379 ], [ -100.962176, 31.08249 ], [ -100.960587, 30.706071 ], [ -100.960643, 30.287776 ], [ -101.7584, 30.288044 ], [ -101.65853, 30.357861 ], [ -101.740429, 30.420897 ], [ -101.646245, 30.560763 ], [ -101.652446, 30.620471 ], [ -101.76842, 30.653077 ], [ -101.80742, 30.699504 ], [ -101.883436, 30.925647 ], [ -101.98364, 30.98717 ], [ -102.191731, 31.003788 ], [ -102.202032, 31.031026 ], [ -102.292681, 31.036677 ], [ -102.388804, 31.087156 ], [ -102.301212, 31.086212 ] ] ] } },
{ "type": "Feature", "properties": { "STATEFP": "48", "COUNTYFP": "131", "NAME": "Duval", "NAMELSAD": "Duval County" }, "geometry": { "type": "Polygon", "coordinates": [ [ [ -98.803325, 28.05748 ], [ -98.334323, 28.0578 ], [ -98.235497, 28.057966 ], [ -98.232464, 27.262487 ], [ -98.523284, 27.26515 ], [ -98.522293, 27.343284 ], [ -98.589537, 27.358695 ], [ -98.798323, 27.354029 ], [ -98.803325, 28.05748 ] ] ] } },
{ "type": "Feature", "properties": { "STATEFP": "48", "COUNTYFP": "013", "NAME": "Atascosa", "NAMELSAD": "Atascosa County" }, "geometry": { "type": "Polygon", "coordinates": [ [ [ -98.804763, 29.250693 ], [ -98.484041, 29.140744 ], [ -98.407336, 29.114435 ], [ -98.190991, 28.882333 ], [ -98.098315, 28.786949 ], [ -98.335031, 28.612658 ], [ -98.335047, 28.648275 ], [ -98.800848, 28.647306 ], [ -98.800841, 28.647487 ], [ -98.8049, 29.090434 ], [ -98.804763, 29.250693 ] ] ] } },
{ "type": "Feature", "properties": { "STATEFP": "48", "COUNTYFP": "017", "NAME": "Bailey", "NAMELSAD": "Bailey County" }, "geometry": { "type": "Polygon", "coordinates": [ [ [ -103.043516, 34.079382 ], [ -103.043835830164994, 34.302648 ], [ -103.043850301172, 34.312749873507897 ], [ -102.61515, 34.312891 ], [ -102.615447, 33.825121 ], [ -103.047346, 33.824675 ], [ -103.043516, 34.079382 ] ] ] } },
{ "type": "Feature", "properties": { "STATEFP": "48", "COUNTYFP": "255", "NAME": "Karnes", "NAMELSAD": "Karnes County" }, "geometry": { "type": "Polygon", "coordinates": [ [ [ -98.190991, 28.882333 ], [ -97.728443, 29.221748 ], [ -97.613132, 29.109765 ], [ -97.75511, 29.007113 ], [ -97.574639, 28.8133 ], [ -97.77853, 28.668027 ], [ -97.915106, 28.719648 ], [ -98.005252, 28.690239 ], [ -98.098315, 28.786949 ], [ -98.190991, 28.882333 ] ] ] } },
{ "type": "Feature", "properties": { "STATEFP": "48", "COUNTYFP": "035", "NAME": "Bosque", "NAMELSAD": "Bosque County" }, "geometry": { "type": "Polygon", "coordinates": [ [ [ -97.864864, 32.087328 ], [ -97.642178, 32.201296 ], [ -97.615087, 32.203491 ], [ -97.514333, 32.133802 ], [ -97.476086, 32.17346 ], [ -97.485968, 32.017611 ], [ -97.379992, 31.97274 ], [ -97.438765, 31.933506 ], [ -97.382848, 31.870788 ], [ -97.28206, 31.843152 ], [ -97.32653, 31.78836 ], [ -97.277265, 31.745492 ], [ -97.60523, 31.587762 ], [ -97.689834, 31.711019 ], [ -97.766431, 31.672461 ], [ -98.005462, 32.017897 ], [ -97.864864, 32.087328 ] ] ] } },
{ "type": "Feature", "properties": { "STATEFP": "48", "COUNTYFP": "047", "NAME": "Brooks", "NAMELSAD": "Brooks County" }, "geometry": { "type": "Polygon", "coordinates": [ [ [ -98.523284, 27.26515 ], [ -98.232464, 27.262487 ], [ -98.058078, 27.260981 ], [ -97.986076, 27.260494 ], [ -97.985887, 27.209308 ], [ -97.985494, 26.780917 ], [ -98.32067, 26.783081 ], [ -98.422616, 26.783535 ], [ -98.417883, 27.055285 ], [ -98.466542, 27.054711 ], [ -98.492943, 27.235012 ], [ -98.523284, 27.26515 ] ] ] } },
{ "type": "Feature", "properties": { "STATEFP": "48", "COUNTYFP": "177", "NAME": "Gonzales", "NAMELSAD": "Gonzales County" }, "geometry": { "type": "Polygon", "coordinates": [ [ [ -97.840383, 29.376791 ], [ -97.633176, 29.649863 ], [ -97.597743, 29.630718 ], [ -97.317893, 29.784658 ], [ -97.133444, 29.645806 ], [ -97.142643, 29.628101 ], [ -97.204087, 29.580613 ], [ -97.240108, 29.384488 ], [ -97.613132, 29.109765 ], [ -97.728443, 29.221748 ], [ -97.858782, 29.35289 ], [ -97.840383, 29.376791 ] ] ] } },
{ "type": "Feature", "properties": { "STATEFP": "48", "COUNTYFP": "271", "NAME": "Kinney", "NAMELSAD": "Kinney County" }, "geometry": { "type": "Polygon", "coordinates": [ [ [ -100.801867546029001, 29.232831568098 ], [ -100.757822, 29.238325 ], [ -100.699141, 29.419747 ], [ -100.699932, 29.623897 ], [ -100.112098, 29.623263 ], [ -100.111406, 29.086318 ], [ -100.671215189194001, 29.083516025344501 ], [ -100.674656, 29.099777 ], [ -100.727462, 29.129123 ], [ -100.772649, 29.168492 ], [ -100.795681, 29.22773 ], [ -100.801867546029001, 29.232831568098 ] ] ] } },
{ "type": "Feature", "properties": { "STATEFP": "48", "COUNTYFP": "507", "NAME": "Zavala", "NAMELSAD": "Zavala County" }, "geometry": { "type": "Polygon", "coordinates": [ [ [ -100.111406, 29.086318 ], [ -99.41388, 29.091335 ], [ -99.409021, 28.640566 ], [ -100.114336, 28.648122 ], [ -100.111406, 29.086318 ] ] ] } },
{ "type": "Feature", "properties": { "STATEFP": "48", "COUNTYFP": "413", "NAME": "Schleicher", "NAMELSAD": "Schleicher County" }, "geometry": { "type": "Polygon", "coordinates": [ [ [ -100.962176, 31.08249 ], [ -100.688764, 31.086576 ], [ -100.115216, 31.087994 ], [ -100.116234, 30.710366 ], [ -100.960587, 30.706071 ], [ -100.962176, 31.08249 ] ] ] } },
{ "type": "Feature", "properties": { "STATEFP": "48", "COUNTYFP": "279", "NAME": "Lamb", "NAMELSAD": "Lamb County" }, "geometry": { "type": "Polygon", "coordinates": [ [ [ -102.61515, 34.312891 ], [ -102.525631, 34.313034 ], [ -102.090415, 34.313132 ], [ -102.085733, 33.824675 ], [ -102.615447, 33.825121 ], [ -102.61515, 34.312891 ] ] ] } },
{ "type": "Feature", "properties": { "STATEFP": "48", "COUNTYFP": "275", "NAME": "Knox", "NAMELSAD": "Knox County" }, "geometry": { "type": "Polygon", "coordinates": [ [ [ -99.996434, 33.835967 ], [ -99.835143, 33.8358 ], [ -99.700705, 33.799963 ], [ -99.554906, 33.798556 ], [ -99.474498, 33.733849 ], [ -99.472444, 33.399023 ], [ -99.99098, 33.397404 ], [ -99.996434, 33.835967 ] ] ] } },
{ "type": "Feature", "properties": { "STATEFP": "48", "COUNTYFP": "345", "NAME": "Motley", "NAMELSAD": "Motley County" }, "geometry": { "type": "Polygon", "coordinates": [ [ [ -101.041484, 34.312444 ], [ -100.946132, 34.312759 ], [ -100.51734, 34.314102 ], [ -100.518691, 33.83565 ], [ -101.041158, 33.833625 ], [ -101.041484, 34.312444 ] ] ] } },
{ "type": "Feature", "properties": { "STATEFP": "48", "COUNTYFP": "281", "NAME": "Lampasas", "NAMELSAD": "Lampasas County" }, "geometry": { "type": "Polygon", "coordinates": [ [ [ -98.562732, 31.230443 ], [ -98.281557, 31.401451 ], [ -98.27107, 31.416398 ], [ -98.180006, 31.463717 ], [ -97.9071, 31.069374 ], [ -97.911689, 31.035009 ], [ -98.439711, 31.029647 ], [ -98.527504, 31.091171 ], [ -98.510341, 31.155666 ], [ -98.562732, 31.230443 ] ] ] } },
{ "type": "Feature", "properties": { "STATEFP": "48", "COUNTYFP": "057", "NAME": "Calhoun", "NAMELSAD": "Calhoun County" }, "geometry": { "type": "Polygon", "coordinates": [ [ [ -96.930367, 28.586728 ], [ -96.853757, 28.635199 ], [ -96.722814, 28.669759 ], [ -96.665707, 28.705705 ], [ -96.659864, 28.701671 ], [ -96.643442, 28.712105 ], [ -96.428394, 28.703523 ], [ -96.39954, 28.730231 ], [ -96.404445, 28.674409 ], [ -96.323522, 28.675597 ], [ -96.322731, 28.642944 ], [ -96.378533159286803, 28.389865030487901 ], [ -96.390376, 28.381815 ], [ -96.442849, 28.317666 ], [ -96.63201, 28.222821 ], [ -96.719627, 28.164594 ], [ -96.792158, 28.110497 ], [ -96.852070622730096, 28.059820861604599 ], [ -96.830928, 28.107894 ], [ -96.790512, 28.319238 ], [ -96.764132, 28.426522 ], [ -96.813494, 28.430261 ], [ -96.890951, 28.507178 ], [ -96.930367, 28.586728 ] ] ] } },
{ "type": "Feature", "properties": { "STATEFP": "48", "COUNTYFP": "385", "NAME": "Real", "NAMELSAD": "Real County" }, "geometry": { "type": "Polygon", "coordinates": [ [ [ -100.013291, 29.794339 ], [ -99.967626, 30.082356 ], [ -99.757621, 30.074132 ], [ -99.689879, 30.073948 ], [ -99.691215, 29.908582 ], [ -99.602776, 29.907679 ], [ -99.60313, 29.627181 ], [ -100.014188, 29.623495 ], [ -100.013291, 29.794339 ] ] ] } },
{ "type": "Feature", "properties": { "STATEFP": "48", "COUNTYFP": "399", "NAME": "Runnels", "NAMELSAD": "Runnels County" }, "geometry": { "type": "Polygon", "coordinates": [ [ [ -100.235137, 32.082372 ], [ -100.151911, 32.082638 ], [ -99.713971, 32.082089 ], [ -99.721698, 31.576759 ], [ -100.111234, 31.580267 ], [ -100.233783, 31.582196 ], [ -100.235761, 31.69297 ], [ -100.235137, 32.082372 ] ] ] } },
{ "type": "Feature", "properties": { "STATEFP": "48", "COUNTYFP": "301", "NAME": "Loving", "NAMELSAD": "Loving County" }, "geometry": { "type": "Polygon", "coordinates": [ [ [ -103.980213477381, 32.000032851362597 ], [ -103.722881979147999, 32.000165568676401 ], [ -103.326501, 32.00037 ], [ -103.327538, 31.65142 ], [ -103.610887, 31.651802 ], [ -103.625726, 31.705032 ], [ -103.797232, 31.770187 ], [ -103.829385, 31.887992 ], [ -103.885584, 31.870373 ], [ -103.980213477381, 32.000032851362597 ] ] ] } },
{ "type": "Feature", "properties": { "STATEFP": "48", "COUNTYFP": "431", "NAME": "Sterling", "NAMELSAD": "Sterling County" }, "geometry": { "type": "Polygon", "coordinates": [ [ [ -101.267122, 31.650854 ], [ -101.264216, 32.087136 ], [ -101.183997, 32.087208 ], [ -100.821594, 32.08661 ], [ -100.82537, 31.696155 ], [ -100.865256, 31.562294 ], [ -101.26763, 31.556462 ], [ -101.267122, 31.650854 ] ] ] } },
{ "type": "Feature", "properties": { "STATEFP": "48", "COUNTYFP": "485", "NAME": "Wichita", "NAMELSAD": "Wichita County" }, "geometry": { "type": "Polygon", "coordinates": [ [ [ -98.952324887528206, 34.204669898603498 ], [ -98.94022, 34.203686 ], [ -98.872229, 34.160446 ], [ -98.80681, 34.155901 ], [ -98.737232, 34.130992 ], [ -98.690072, 34.133155 ], [ -98.648073, 34.164441 ], [ -98.610200217922596, 34.156176867124699 ], [ -98.577136, 34.148962 ], [ -98.5282, 34.094961 ], [ -98.475066, 34.064269 ], [ -98.423533, 34.081949476005903 ], [ -98.423577, 33.836047 ], [ -98.953202, 33.834025 ], [ -98.952324887528206, 34.204669898603498 ] ] ] } },
{ "type": "Feature", "properties": { "STATEFP": "48", "COUNTYFP": "261", "NAME": "Kenedy", "NAMELSAD": "Kenedy County" }, "geometry": { "type": "Polygon", "coordinates": [ [ [ -97.985887, 27.209308 ], [ -97.84134, 27.243955 ], [ -97.785102, 27.283714 ], [ -97.508863, 27.266636 ], [ -97.346850876955699, 27.277958832209499 ], [ -97.358469, 27.234796 ], [ -97.378697, 27.060044 ], [ -97.366872, 26.885581 ], [ -97.32275, 26.701746 ], [ -97.287541116685802, 26.6003398814733 ], [ -97.861688, 26.597995 ], [ -97.957405, 26.611769 ], [ -97.985303, 26.615809 ], [ -97.985494, 26.780917 ], [ -97.985887, 27.209308 ] ] ] } },
{ "type": "Feature", "properties": { "STATEFP": "48", "COUNTYFP": "263", "NAME": "Kent", "NAMELSAD": "Kent County" }, "geometry": { "type": "Polygon", "coordinates": [ [ [ -101.038788, 33.397214 ], [ -100.517449, 33.397866 ], [ -100.519208, 32.962926 ], [ -100.65587, 32.963469 ], [ -100.990181, 32.965023 ], [ -101.03866, 32.970225 ], [ -101.038788, 33.397214 ] ] ] } },
{ "type": "Feature", "properties": { "STATEFP": "48", "COUNTYFP": "259", "NAME": "Kendall", "NAMELSAD": "Kendall County" }, "geometry": { "type": "Polygon", "coordinates": [ [ [ -98.920147, 30.13829 ], [ -98.587897, 30.138954 ], [ -98.414018, 29.937557 ], [ -98.646124, 29.745181 ], [ -98.652552, 29.749865 ], [ -98.778782, 29.720167 ], [ -98.917725, 29.781398 ], [ -98.920147, 30.13829 ] ] ] } },
{ "type": "Feature", "properties": { "STATEFP": "48", "COUNTYFP": "449", "NAME": "Titus", "NAMELSAD": "Titus County" }, "geometry": { "type": "Polygon", "coordinates": [ [ [ -95.125451, 33.389454 ], [ -94.81271, 33.375577 ], [ -94.808783, 33.363636 ], [ -94.819828, 32.982886 ], [ -94.935679, 33.073684 ], [ -95.12613, 33.034581 ], [ -95.125451, 33.389454 ] ] ] } },
{ "type": "Feature", "properties": { "STATEFP": "48", "COUNTYFP": "287", "NAME": "Lee", "NAMELSAD": "Lee County" }, "geometry": { "type": "Polygon", "coordinates": [ [ [ -97.155219, 30.457344 ], [ -96.96363, 30.557198 ], [ -96.790114, 30.390697 ], [ -96.743672, 30.319757 ], [ -96.640883, 30.296786 ], [ -96.734469, 30.241229 ], [ -96.794552, 30.160545 ], [ -96.845857, 30.116027 ], [ -97.018379, 30.032406 ], [ -97.024461, 30.051435 ], [ -97.081834, 30.259357 ], [ -97.334463, 30.402843 ], [ -97.155219, 30.457344 ] ] ] } },
{ "type": "Feature", "properties": { "STATEFP": "48", "COUNTYFP": "375", "NAME": "Potter", "NAMELSAD": "Potter County" }, "geometry": { "type": "Polygon", "coordinates": [ [ [ -102.162752, 35.620035 ], [ -101.6228, 35.620196 ], [ -101.622941, 35.183117 ], [ -102.167471, 35.183233 ], [ -102.162752, 35.620035 ] ] ] } },
{ "type": "Feature", "properties": { "STATEFP": "22", "COUNTYFP": "007", "NAME": "Assumption", "NAMELSAD": "Assumption Parish" }, "geometry": { "type": "Polygon", "coordinates": [ [ [ -91.22423, 30.02556 ], [ -91.105997, 30.062749 ], [ -91.089108, 30.062802 ], [ -91.074654, 30.081744 ], [ -90.963745, 30.066831 ], [ -90.946294, 29.977932 ], [ -90.911784, 29.935072 ], [ -90.885749, 29.905348 ], [ -90.885266, 29.877565 ], [ -90.925046, 29.830377 ], [ -90.981838, 29.744875 ], [ -91.00689, 29.715093 ], [ -91.082611, 29.626814 ], [ -91.105249, 29.643012 ], [ -91.10001, 29.699402 ], [ -91.092682, 29.801 ], [ -91.182817, 29.846172 ], [ -91.255229, 29.971457 ], [ -91.22423, 30.02556 ] ] ] } },
{ "type": "Feature", "properties": { "STATEFP": "48", "COUNTYFP": "401", "NAME": "Rusk", "NAMELSAD": "Rusk County" }, "geometry": { "type": "Polygon", "coordinates": [ [ [ -94.985411, 32.37082 ], [ -94.591703, 32.365572 ], [ -94.579219, 32.394916 ], [ -94.554971, 32.407603 ], [ -94.491818, 32.394137 ], [ -94.530714, 32.271842 ], [ -94.5805, 32.201363 ], [ -94.599978, 31.973193 ], [ -94.511431, 31.973984 ], [ -94.511137, 31.923879 ], [ -94.452513, 31.844113 ], [ -94.937532, 31.845555 ], [ -94.984768, 31.846144 ], [ -94.985272, 32.137989 ], [ -94.985411, 32.37082 ] ] ] } },
{ "type": "Feature", "properties": { "STATEFP": "48", "COUNTYFP": "421", "NAME": "Sherman", "NAMELSAD": "Sherman County" }, "geometry": { "type": "Polygon", "coordinates": [ [ [ -102.162463, 36.500326 ], [ -102.032339018963, 36.500065673010099 ], [ -101.826565, 36.499654 ], [ -101.623915, 36.499528 ], [ -101.623466, 36.055405 ], [ -102.163015, 36.055249 ], [ -102.162463, 36.500326 ] ] ] } },
{ "type": "Feature", "properties": { "STATEFP": "48", "COUNTYFP": "475", "NAME": "Ward", "NAMELSAD": "Ward County" }, "geometry": { "type": "Polygon", "coordinates": [ [ [ -103.610887, 31.651802 ], [ -103.327538, 31.65142 ], [ -102.798939, 31.651783 ], [ -102.767246, 31.651714 ], [ -102.767365, 31.293803 ], [ -102.826735, 31.266881 ], [ -102.933578, 31.350081 ], [ -103.01104, 31.371306 ], [ -103.181225, 31.370245 ], [ -103.261677, 31.42757 ], [ -103.329941, 31.411998 ], [ -103.44241, 31.433752 ], [ -103.509379, 31.625934 ], [ -103.610887, 31.651802 ] ] ] } },
{ "type": "Feature", "properties": { "STATEFP": "48", "COUNTYFP": "493", "NAME": "Wilson", "NAMELSAD": "Wilson County" }, "geometry": { "type": "Polygon", "coordinates": [ [ [ -98.407336, 29.114435 ], [ -98.134171, 29.441751 ], [ -98.113175, 29.365667 ], [ -97.840383, 29.376791 ], [ -97.858782, 29.35289 ], [ -97.728443, 29.221748 ], [ -98.190991, 28.882333 ], [ -98.407336, 29.114435 ] ] ] } },
{ "type": "Feature", "properties": { "STATEFP": "48", "COUNTYFP": "087", "NAME": "Collingsworth", "NAMELSAD": "Collingsworth County" }, "geometry": { "type": "Polygon", "coordinates": [ [ [ -100.538978, 35.183144 ], [ -100.000385, 35.182702 ], [ -100.000384017848006, 35.02993 ], [ -100.000382194815998, 34.746360552561598 ], [ -100.415895, 34.747525 ], [ -100.540703, 34.747723 ], [ -100.538978, 35.183144 ] ] ] } },
{ "type": "Feature", "properties": { "STATEFP": "48", "COUNTYFP": "099", "NAME": "Coryell", "NAMELSAD": "Coryell County" }, "geometry": { "type": "Polygon", "coordinates": [ [ [ -98.180006, 31.463717 ], [ -97.766431, 31.672461 ], [ -97.689834, 31.711019 ], [ -97.60523, 31.587762 ], [ -97.418606, 31.320202 ], [ -97.804399, 31.122092 ], [ -97.9071, 31.069374 ], [ -98.180006, 31.463717 ] ] ] } },
{ "type": "Feature", "properties": { "STATEFP": "48", "COUNTYFP": "149", "NAME": "Fayette", "NAMELSAD": "Fayette County" }, "geometry": { "type": "Polygon", "coordinates": [ [ [ -97.315823, 29.786541 ], [ -97.194235, 29.896776 ], [ -97.024461, 30.051435 ], [ -97.018379, 30.032406 ], [ -96.845857, 30.116027 ], [ -96.794552, 30.160545 ], [ -96.647223, 30.145174 ], [ -96.62198, 30.044283 ], [ -96.569844, 29.961516 ], [ -96.874222, 29.632706 ], [ -97.142643, 29.628101 ], [ -97.133444, 29.645806 ], [ -97.317893, 29.784658 ], [ -97.315823, 29.786541 ] ] ] } },
{ "type": "Feature", "properties": { "STATEFP": "48", "COUNTYFP": "307", "NAME": "McCulloch", "NAMELSAD": "McCulloch County" }, "geometry": { "type": "Polygon", "coordinates": [ [ [ -99.603223, 31.087296 ], [ -99.60185, 31.49195 ], [ -99.511477, 31.424401 ], [ -99.402284, 31.446198 ], [ -99.314875, 31.409875 ], [ -99.202768, 31.467234 ], [ -99.098794, 31.44847 ], [ -99.090622, 31.460927 ], [ -99.092317, 30.941002 ], [ -99.484755, 30.940605 ], [ -99.603627, 30.940726 ], [ -99.603223, 31.087296 ] ] ] } },
{ "type": "Feature", "properties": { "STATEFP": "48", "COUNTYFP": "467", "NAME": "Van Zandt", "NAMELSAD": "Van Zandt County" }, "geometry": { "type": "Polygon", "coordinates": [ [ [ -96.076801, 32.838489 ], [ -95.934433, 32.837217 ], [ -95.863949, 32.777061 ], [ -95.795966, 32.775318 ], [ -95.659803, 32.711402 ], [ -95.635017, 32.72038 ], [ -95.594541, 32.687026 ], [ -95.5943, 32.479858 ], [ -95.449165, 32.355233 ], [ -96.075899, 32.357505 ], [ -96.076801, 32.838489 ] ] ] } },
{ "type": "Feature", "properties": { "STATEFP": "48", "COUNTYFP": "225", "NAME": "Houston", "NAMELSAD": "Houston County" }, "geometry": { "type": "Polygon", "coordinates": [ [ [ -95.728703, 31.164064 ], [ -95.725226, 31.271084 ], [ -95.655545, 31.32964 ], [ -95.739279, 31.504056 ], [ -95.651764, 31.541791 ], [ -95.273203, 31.592886 ], [ -95.168784, 31.583755 ], [ -95.099966, 31.518869 ], [ -95.101382, 31.469887 ], [ -95.003345, 31.42571 ], [ -94.976718, 31.409145 ], [ -94.95811, 31.38693 ], [ -95.434781, 31.058098 ], [ -95.617872, 30.930418 ], [ -95.681158, 30.986958 ], [ -95.656487, 31.079339 ], [ -95.76441, 31.094211 ], [ -95.728703, 31.164064 ] ] ] } },
{ "type": "Feature", "properties": { "STATEFP": "48", "COUNTYFP": "071", "NAME": "Chambers", "NAMELSAD": "Chambers County" }, "geometry": { "type": "Polygon", "coordinates": [ [ [ -95.015039, 29.63195 ], [ -94.913813, 29.7663 ], [ -94.908663, 29.82607 ], [ -94.98146, 29.884276 ], [ -94.442235, 29.889538 ], [ -94.420877, 29.887113 ], [ -94.357976, 29.887464 ], [ -94.354122544913693, 29.5621028201748 ], [ -94.370816, 29.555645988295002 ], [ -94.485679513554103, 29.511218133647301 ], [ -94.545908, 29.572503 ], [ -94.762569, 29.524162 ], [ -94.791611, 29.550416 ], [ -94.909845, 29.496441 ], [ -95.018205, 29.554597 ], [ -95.015039, 29.63195 ] ] ] } },
{ "type": "Feature", "properties": { "STATEFP": "48", "COUNTYFP": "251", "NAME": "Johnson", "NAMELSAD": "Johnson County" }, "geometry": { "type": "Polygon", "coordinates": [ [ [ -97.617066, 32.555484 ], [ -97.550582, 32.555391 ], [ -97.364575, 32.553417 ], [ -97.232799, 32.551484 ], [ -97.17704, 32.550646 ], [ -97.087055, 32.549296 ], [ -97.087043, 32.266824 ], [ -97.113748, 32.259189 ], [ -97.270479, 32.226774 ], [ -97.466106, 32.183889 ], [ -97.476086, 32.17346 ], [ -97.514333, 32.133802 ], [ -97.615087, 32.203491 ], [ -97.61572, 32.318617 ], [ -97.617066, 32.555484 ] ] ] } },
{ "type": "Feature", "properties": { "STATEFP": "48", "COUNTYFP": "205", "NAME": "Hartley", "NAMELSAD": "Hartley County" }, "geometry": { "type": "Polygon", "coordinates": [ [ [ -103.041356721818005, 35.739433506348703 ], [ -103.040824, 36.055231 ], [ -102.163015, 36.055249 ], [ -102.162809, 35.627515 ], [ -103.041554, 35.622487 ], [ -103.041356721818005, 35.739433506348703 ] ] ] } },
{ "type": "Feature", "properties": { "STATEFP": "48", "COUNTYFP": "151", "NAME": "Fisher", "NAMELSAD": "Fisher County" }, "geometry": { "type": "Polygon", "coordinates": [ [ [ -100.65587, 32.963469 ], [ -100.519208, 32.962926 ], [ -100.144224, 32.959978 ], [ -100.146543, 32.522793 ], [ -100.660626, 32.525312 ], [ -100.65587, 32.963469 ] ] ] } },
{ "type": "Feature", "properties": { "STATEFP": "48", "COUNTYFP": "253", "NAME": "Jones", "NAMELSAD": "Jones County" }, "geometry": { "type": "Polygon", "coordinates": [ [ [ -100.144224, 32.959978 ], [ -99.988827, 32.960121 ], [ -99.612001, 32.956962 ], [ -99.612026, 32.514654 ], [ -99.629579, 32.514657 ], [ -99.656569, 32.52064 ], [ -100.146543, 32.522793 ], [ -100.144224, 32.959978 ] ] ] } },
{ "type": "Feature", "properties": { "STATEFP": "48", "COUNTYFP": "173", "NAME": "Glasscock", "NAMELSAD": "Glasscock County" }, "geometry": { "type": "Polygon", "coordinates": [ [ [ -101.776085, 32.086925 ], [ -101.695011, 32.087532 ], [ -101.264216, 32.087136 ], [ -101.267122, 31.650854 ], [ -101.775802, 31.651319 ], [ -101.776085, 32.086925 ] ] ] } },
{ "type": "Feature", "properties": { "STATEFP": "48", "COUNTYFP": "231", "NAME": "Hunt", "NAMELSAD": "Hunt County" }, "geometry": { "type": "Polygon", "coordinates": [ [ [ -96.297172, 32.897961 ], [ -96.297227, 32.981752 ], [ -96.295413, 33.351936 ], [ -95.858723, 33.40953 ], [ -95.861778, 33.21933 ], [ -95.862521, 32.979571 ], [ -95.9453, 32.979877 ], [ -95.968411, 32.913556 ], [ -95.986709, 32.873407 ], [ -95.934433, 32.837217 ], [ -96.076801, 32.838489 ], [ -96.297322, 32.841723 ], [ -96.297172, 32.897961 ] ] ] } },
{ "type": "Feature", "properties": { "STATEFP": "48", "COUNTYFP": "471", "NAME": "Walker", "NAMELSAD": "Walker County" }, "geometry": { "type": "Polygon", "coordinates": [ [ [ -95.863059, 30.864125 ], [ -95.716508, 30.911405 ], [ -95.616233, 30.910196 ], [ -95.617872, 30.930418 ], [ -95.434781, 31.058098 ], [ -95.434335, 30.937405 ], [ -95.396697, 30.857706 ], [ -95.32748, 30.859547 ], [ -95.338625, 30.737826 ], [ -95.359156, 30.504369 ], [ -95.598971, 30.509002 ], [ -95.83024, 30.630284 ], [ -95.834197, 30.658 ], [ -95.863059, 30.864125 ] ] ] } },
{ "type": "Feature", "properties": { "STATEFP": "48", "COUNTYFP": "219", "NAME": "Hockley", "NAMELSAD": "Hockley County" }, "geometry": { "type": "Polygon", "coordinates": [ [ [ -102.615447, 33.825121 ], [ -102.085733, 33.824675 ], [ -102.075929, 33.389586 ], [ -102.594836, 33.388489 ], [ -102.615447, 33.825121 ] ] ] } },
{ "type": "Feature", "properties": { "STATEFP": "48", "COUNTYFP": "235", "NAME": "Irion", "NAMELSAD": "Irion County" }, "geometry": { "type": "Polygon", "coordinates": [ [ [ -101.267947, 31.528688 ], [ -100.693065, 31.523954 ], [ -100.688764, 31.086576 ], [ -100.962176, 31.08249 ], [ -101.274799, 31.079379 ], [ -101.267947, 31.528688 ] ] ] } },
{ "type": "Feature", "properties": { "STATEFP": "48", "COUNTYFP": "181", "NAME": "Grayson", "NAMELSAD": "Grayson County" }, "geometry": { "type": "Polygon", "coordinates": [ [ [ -96.944616888370504, 33.945013250453997 ], [ -96.934343303133005, 33.9455889292528 ], [ -96.905253, 33.947219 ], [ -96.897194, 33.902954 ], [ -96.850593, 33.847211 ], [ -96.794276, 33.868886 ], [ -96.776766, 33.841976 ], [ -96.712422, 33.831633 ], [ -96.682103, 33.876645 ], [ -96.659896, 33.916666 ], [ -96.594674307377105, 33.883018657398303 ], [ -96.590112, 33.880665 ], [ -96.592926, 33.830916 ], [ -96.572937, 33.819098 ], [ -96.523863, 33.818114 ], [ -96.502286, 33.77346 ], [ -96.436455, 33.78005 ], [ -96.403507, 33.746289 ], [ -96.379660825952101, 33.715530908566002 ], [ -96.384602, 33.397826 ], [ -96.727251, 33.402918 ], [ -96.83411, 33.405498 ], [ -96.85369, 33.413613 ], [ -96.94386, 33.41641 ], [ -96.944616888370504, 33.945013250453997 ] ] ] } },
{ "type": "Feature", "properties": { "STATEFP": "22", "COUNTYFP": "111", "NAME": "Union", "NAMELSAD": "Union Parish" }, "geometry": { "type": "Polygon", "coordinates": [ [ [ -92.725486, 32.818136 ], [ -92.724743173179306, 33.0143417676748 ], [ -92.723553, 33.014328 ], [ -92.501383, 33.01216 ], [ -92.222825, 33.00908 ], [ -92.069014723926799, 33.008481917493498 ], [ -92.068928088516699, 33.008481580616603 ], [ -92.085617, 32.965193 ], [ -92.052728, 32.794734 ], [ -92.065179, 32.723003 ], [ -92.223849, 32.590366 ], [ -92.415228, 32.582854 ], [ -92.415169, 32.670254 ], [ -92.518999, 32.670807 ], [ -92.571295, 32.748579 ], [ -92.725407, 32.759443 ], [ -92.725486, 32.818136 ] ] ] } },
{ "type": "Feature", "properties": { "STATEFP": "48", "COUNTYFP": "081", "NAME": "Coke", "NAMELSAD": "Coke County" }, "geometry": { "type": "Polygon", "coordinates": [ [ [ -100.821594, 32.08661 ], [ -100.665353, 32.085407 ], [ -100.271675, 32.081432 ], [ -100.235137, 32.082372 ], [ -100.235761, 31.69297 ], [ -100.82537, 31.696155 ], [ -100.821594, 32.08661 ] ] ] } },
{ "type": "Feature", "properties": { "STATEFP": "22", "COUNTYFP": "093", "NAME": "St. James", "NAMELSAD": "St. James Parish" }, "geometry": { "type": "Polygon", "coordinates": [ [ [ -90.963745, 30.066831 ], [ -90.915565, 30.113285 ], [ -90.642111, 30.166448 ], [ -90.68885, 30.035953 ], [ -90.656312, 29.889246 ], [ -90.7787, 29.922007 ], [ -90.885749, 29.905348 ], [ -90.911784, 29.935072 ], [ -90.946294, 29.977932 ], [ -90.963745, 30.066831 ] ] ] } },
{ "type": "Feature", "properties": { "STATEFP": "48", "COUNTYFP": "199", "NAME": "Hardin", "NAMELSAD": "Hardin County" }, "geometry": { "type": "Polygon", "coordinates": [ [ [ -94.732732, 30.490066 ], [ -94.537926, 30.491059 ], [ -94.545717, 30.526977 ], [ -94.071689, 30.526033 ], [ -94.119394, 30.426298 ], [ -94.083386, 30.342181 ], [ -94.117604, 30.241665 ], [ -94.091217, 30.204648 ], [ -94.115917, 30.160347 ], [ -94.17644, 30.18794 ], [ -94.275451, 30.170265 ], [ -94.292629, 30.117671 ], [ -94.44491, 30.113015 ], [ -94.596338, 30.112101 ], [ -94.732732, 30.490066 ] ] ] } },
{ "type": "Feature", "properties": { "STATEFP": "48", "COUNTYFP": "153", "NAME": "Floyd", "NAMELSAD": "Floyd County" }, "geometry": { "type": "Polygon", "coordinates": [ [ [ -101.564856, 34.312493 ], [ -101.47158, 34.31229 ], [ -101.041484, 34.312444 ], [ -101.041158, 33.833625 ], [ -101.56358, 33.830451 ], [ -101.564856, 34.312493 ] ] ] } },
{ "type": "Feature", "properties": { "STATEFP": "48", "COUNTYFP": "267", "NAME": "Kimble", "NAMELSAD": "Kimble County" }, "geometry": { "type": "Polygon", "coordinates": [ [ [ -100.116234, 30.710366 ], [ -99.483869, 30.710771 ], [ -99.484493, 30.499641 ], [ -99.303996, 30.499832 ], [ -99.301718, 30.286653 ], [ -99.754142, 30.290698 ], [ -100.116461, 30.290296 ], [ -100.116234, 30.710366 ] ] ] } },
{ "type": "Feature", "properties": { "STATEFP": "48", "COUNTYFP": "389", "NAME": "Reeves", "NAMELSAD": "Reeves County" }, "geometry": { "type": "Polygon", "coordinates": [ [ [ -104.024521, 32.00001 ], [ -103.980213477381, 32.000032851362597 ], [ -103.885584, 31.870373 ], [ -103.829385, 31.887992 ], [ -103.797232, 31.770187 ], [ -103.625726, 31.705032 ], [ -103.610887, 31.651802 ], [ -103.509379, 31.625934 ], [ -103.44241, 31.433752 ], [ -103.329941, 31.411998 ], [ -103.261677, 31.42757 ], [ -103.181225, 31.370245 ], [ -103.01104, 31.371306 ], [ -103.585084, 30.76647 ], [ -104.102351, 31.105203 ], [ -104.024521, 32.00001 ] ] ] } },
{ "type": "Feature", "properties": { "STATEFP": "48", "COUNTYFP": "359", "NAME": "Oldham", "NAMELSAD": "Oldham County" }, "geometry": { "type": "Polygon", "coordinates": [ [ [ -103.041554, 35.622487 ], [ -102.162809, 35.627515 ], [ -102.162752, 35.620035 ], [ -102.167471, 35.183233 ], [ -103.042617950565003, 35.183157259008397 ], [ -103.041554, 35.622487 ] ] ] } },
{ "type": "Feature", "properties": { "STATEFP": "48", "COUNTYFP": "425", "NAME": "Somervell", "NAMELSAD": "Somervell County" }, "geometry": { "type": "Polygon", "coordinates": [ [ [ -97.945625, 32.233468 ], [ -97.78276, 32.316493 ], [ -97.61572, 32.318617 ], [ -97.615087, 32.203491 ], [ -97.642178, 32.201296 ], [ -97.864864, 32.087328 ], [ -97.945625, 32.233468 ] ] ] } },
{ "type": "Feature", "properties": { "STATEFP": "48", "COUNTYFP": "341", "NAME": "Moore", "NAMELSAD": "Moore County" }, "geometry": { "type": "Polygon", "coordinates": [ [ [ -102.163015, 36.055249 ], [ -101.623466, 36.055405 ], [ -101.622831, 35.624057 ], [ -101.6228, 35.620196 ], [ -102.162752, 35.620035 ], [ -102.162809, 35.627515 ], [ -102.163015, 36.055249 ] ] ] } },
{ "type": "Feature", "properties": { "STATEFP": "48", "COUNTYFP": "283", "NAME": "La Salle", "NAMELSAD": "La Salle County" }, "geometry": { "type": "Polygon", "coordinates": [ [ [ -99.395736, 28.640784 ], [ -98.800841, 28.647487 ], [ -98.800848, 28.647306 ], [ -98.803325, 28.05748 ], [ -99.388946, 28.030419 ], [ -99.394177, 28.204627 ], [ -99.395736, 28.640784 ] ] ] } },
{ "type": "Feature", "properties": { "STATEFP": "48", "COUNTYFP": "393", "NAME": "Roberts", "NAMELSAD": "Roberts County" }, "geometry": { "type": "Polygon", "coordinates": [ [ [ -101.086068, 35.625267 ], [ -101.085735, 36.055276 ], [ -101.085716, 36.057572 ], [ -100.546724, 36.056536 ], [ -100.540221, 36.056491 ], [ -100.540158, 35.619296 ], [ -101.085935, 35.619102 ], [ -101.086068, 35.625267 ] ] ] } },
{ "type": "Feature", "properties": { "STATEFP": "48", "COUNTYFP": "139", "NAME": "Ellis", "NAMELSAD": "Ellis County" }, "geometry": { "type": "Polygon", "coordinates": [ [ [ -97.087055, 32.549296 ], [ -97.052717, 32.54884 ], [ -97.038685, 32.548666 ], [ -96.529412, 32.545277 ], [ -96.434514, 32.38873 ], [ -96.452372, 32.358659 ], [ -96.452043, 32.345375 ], [ -96.38291, 32.328929 ], [ -96.896209, 32.073977 ], [ -96.940656, 32.052087 ], [ -97.087043, 32.266824 ], [ -97.087055, 32.549296 ] ] ] } },
{ "type": "Feature", "properties": { "STATEFP": "48", "COUNTYFP": "297", "NAME": "Live Oak", "NAMELSAD": "Live Oak County" }, "geometry": { "type": "Polygon", "coordinates": [ [ [ -98.335031, 28.612658 ], [ -98.098315, 28.786949 ], [ -98.005252, 28.690239 ], [ -98.089764, 28.662979 ], [ -97.808774, 28.183415 ], [ -97.817716, 28.176848 ], [ -97.904081, 28.114228 ], [ -97.883148, 28.0569 ], [ -98.235497, 28.057966 ], [ -98.334323, 28.0578 ], [ -98.335031, 28.612658 ] ] ] } },
{ "type": "Feature", "properties": { "STATEFP": "48", "COUNTYFP": "357", "NAME": "Ochiltree", "NAMELSAD": "Ochiltree County" }, "geometry": { "type": "Polygon", "coordinates": [ [ [ -101.085156, 36.499244 ], [ -100.954152157693002, 36.499529496626202 ], [ -100.884174, 36.499682 ], [ -100.592614, 36.499469 ], [ -100.546145126097002, 36.4995051393038 ], [ -100.546724, 36.056536 ], [ -101.085716, 36.057572 ], [ -101.085156, 36.499244 ] ] ] } },
{ "type": "Feature", "properties": { "STATEFP": "48", "COUNTYFP": "303", "NAME": "Lubbock", "NAMELSAD": "Lubbock County" }, "geometry": { "type": "Polygon", "coordinates": [ [ [ -102.085733, 33.824675 ], [ -101.56358, 33.830451 ], [ -101.556884, 33.39476 ], [ -102.075929, 33.389586 ], [ -102.085733, 33.824675 ] ] ] } },
{ "type": "Feature", "properties": { "STATEFP": "48", "COUNTYFP": "371", "NAME": "Pecos", "NAMELSAD": "Pecos County" }, "geometry": { "type": "Polygon", "coordinates": [ [ [ -103.585084, 30.76647 ], [ -103.01104, 31.371306 ], [ -102.933578, 31.350081 ], [ -102.826735, 31.266881 ], [ -102.767365, 31.293803 ], [ -102.676104, 31.330084 ], [ -102.511156, 31.2595 ], [ -102.429545, 31.193557 ], [ -102.388804, 31.087156 ], [ -102.292681, 31.036677 ], [ -102.202032, 31.031026 ], [ -102.191731, 31.003788 ], [ -101.98364, 30.98717 ], [ -101.883436, 30.925647 ], [ -101.80742, 30.699504 ], [ -101.76842, 30.653077 ], [ -102.137778, 30.655982 ], [ -102.138406, 30.597521 ], [ -102.342986, 30.598759 ], [ -102.343085, 30.284116 ], [ -102.566937, 30.283269 ], [ -102.567049, 30.052808 ], [ -103.439976, 30.665939 ], [ -103.585084, 30.76647 ] ] ] } },
{ "type": "Feature", "properties": { "STATEFP": "48", "COUNTYFP": "007", "NAME": "Aransas", "NAMELSAD": "Aransas County" }, "geometry": { "type": "Polygon", "coordinates": [ [ [ -97.144916, 28.102622 ], [ -97.023586, 28.187657 ], [ -97.12396, 28.27231 ], [ -96.790512, 28.319238 ], [ -96.830928, 28.107894 ], [ -96.852070622730096, 28.059820861604599 ], [ -96.886459, 28.030734 ], [ -97.003325, 27.908307 ], [ -97.0436840836865, 27.836532353471799 ], [ -97.095713, 27.957835 ], [ -97.136312, 27.90439 ], [ -97.260818, 28.075759 ], [ -97.144916, 28.102622 ] ] ] } },
{ "type": "Feature", "properties": { "STATEFP": "48", "COUNTYFP": "143", "NAME": "Erath", "NAMELSAD": "Erath County" }, "geometry": { "type": "Polygon", "coordinates": [ [ [ -98.474685, 32.299084 ], [ -98.475177, 32.513039 ], [ -98.068545, 32.511626 ], [ -97.945625, 32.233468 ], [ -97.864864, 32.087328 ], [ -98.005462, 32.017897 ], [ -98.208386, 31.917511 ], [ -98.251211, 31.980127 ], [ -98.327499, 31.941261 ], [ -98.551158, 32.261436 ], [ -98.474685, 32.299084 ] ] ] } },
{ "type": "Feature", "properties": { "STATEFP": "48", "COUNTYFP": "111", "NAME": "Dallam", "NAMELSAD": "Dallam County" }, "geometry": { "type": "Polygon", "coordinates": [ [ [ -103.041924, 36.500439 ], [ -103.002434, 36.500397 ], [ -102.162463, 36.500326 ], [ -102.163015, 36.055249 ], [ -103.040824, 36.055231 ], [ -103.041924, 36.500439 ] ] ] } },
{ "type": "Feature", "properties": { "STATEFP": "48", "COUNTYFP": "175", "NAME": "Goliad", "NAMELSAD": "Goliad County" }, "geometry": { "type": "Polygon", "coordinates": [ [ [ -97.77853, 28.668027 ], [ -97.574639, 28.8133 ], [ -97.41734, 28.925228 ], [ -97.305916, 28.864037 ], [ -97.202759, 28.853849 ], [ -97.158933, 28.776156 ], [ -97.182359, 28.610602 ], [ -97.160751, 28.553475 ], [ -97.375579, 28.388684 ], [ -97.551369, 28.450441 ], [ -97.558496, 28.514054 ], [ -97.696945, 28.541856 ], [ -97.77853, 28.668027 ] ] ] } },
{ "type": "Feature", "properties": { "STATEFP": "22", "COUNTYFP": "123", "NAME": "West Carroll", "NAMELSAD": "West Carroll Parish" }, "geometry": { "type": "Polygon", "coordinates": [ [ [ -91.637595, 32.667298 ], [ -91.566363, 32.855561 ], [ -91.437551, 32.980932 ], [ -91.435930741547395, 33.0058398887954 ], [ -91.2645640502205, 33.004738824270497 ], [ -91.30938, 32.935237 ], [ -91.343108, 32.750531 ], [ -91.398255, 32.69298 ], [ -91.396964, 32.609468 ], [ -91.445299, 32.581956 ], [ -91.59621, 32.582113 ], [ -91.596876, 32.667147 ], [ -91.637595, 32.667298 ] ] ] } },
{ "type": "Feature", "properties": { "STATEFP": "48", "COUNTYFP": "407", "NAME": "San Jacinto", "NAMELSAD": "San Jacinto County" }, "geometry": { "type": "Polygon", "coordinates": [ [ [ -95.338625, 30.737826 ], [ -95.32748, 30.859547 ], [ -95.252385, 30.906719 ], [ -95.20018, 30.824566 ], [ -95.131205, 30.781703 ], [ -95.135384, 30.693816 ], [ -95.054602, 30.680173 ], [ -94.965729, 30.576586 ], [ -94.829984, 30.541112 ], [ -94.849414, 30.493553 ], [ -94.85252, 30.482907 ], [ -95.165897, 30.344976 ], [ -95.226571, 30.327145 ], [ -95.203324, 30.347861 ], [ -95.308395, 30.40575 ], [ -95.359156, 30.504369 ], [ -95.338625, 30.737826 ] ] ] } },
{ "type": "Feature", "properties": { "STATEFP": "48", "COUNTYFP": "211", "NAME": "Hemphill", "NAMELSAD": "Hemphill County" }, "geometry": { "type": "Polygon", "coordinates": [ [ [ -100.540221, 36.056491 ], [ -100.000399, 36.055677 ], [ -100.000396202898997, 35.881232999996698 ], [ -100.000392, 35.619115 ], [ -100.540158, 35.619296 ], [ -100.540221, 36.056491 ] ] ] } },
{ "type": "Feature", "properties": { "STATEFP": "22", "COUNTYFP": "059", "NAME": "LaSalle", "NAMELSAD": "LaSalle Parish" }, "geometry": { "type": "Polygon", "coordinates": [ [ [ -92.362608, 31.796633 ], [ -92.336068, 31.823107 ], [ -92.312518, 31.927656 ], [ -92.005624, 31.927383 ], [ -92.008033, 31.325809 ], [ -92.025948, 31.343009 ], [ -92.086718, 31.335374 ], [ -92.072937, 31.345407 ], [ -92.196131, 31.477877 ], [ -92.277615, 31.496236 ], [ -92.275088, 31.536087 ], [ -92.35127, 31.624551 ], [ -92.362608, 31.796633 ] ] ] } },
{ "type": "Feature", "properties": { "STATEFP": "48", "COUNTYFP": "293", "NAME": "Limestone", "NAMELSAD": "Limestone County" }, "geometry": { "type": "Polygon", "coordinates": [ [ [ -96.932215, 31.708887 ], [ -96.719114, 31.814887 ], [ -96.496713, 31.796191 ], [ -96.478349, 31.769537 ], [ -96.236629, 31.413392 ], [ -96.322853, 31.374067 ], [ -96.319165, 31.357129 ], [ -96.596862, 31.2209 ], [ -96.801123, 31.522269 ], [ -96.932215, 31.708887 ] ] ] } },
{ "type": "Feature", "properties": { "STATEFP": "48", "COUNTYFP": "331", "NAME": "Milam", "NAMELSAD": "Milam County" }, "geometry": { "type": "Polygon", "coordinates": [ [ [ -97.315485, 30.752363 ], [ -97.258959, 30.889579 ], [ -97.070057, 30.986031 ], [ -96.849079, 31.100471 ], [ -96.830497, 31.10522 ], [ -96.767149, 31.042829 ], [ -96.75633, 30.927206 ], [ -96.64128, 30.818051 ], [ -96.61224, 30.75771 ], [ -96.621423, 30.730764 ], [ -96.96363, 30.557198 ], [ -97.155219, 30.457344 ], [ -97.218861, 30.611883 ], [ -97.269949, 30.735362 ], [ -97.315485, 30.752363 ] ] ] } },
{ "type": "Feature", "properties": { "STATEFP": "22", "COUNTYFP": "039", "NAME": "Evangeline", "NAMELSAD": "Evangeline Parish" }, "geometry": { "type": "Polygon", "coordinates": [ [ [ -92.630321, 30.488012 ], [ -92.583508, 30.56269 ], [ -92.597798, 30.896001 ], [ -92.508854, 30.896003 ], [ -92.48033, 30.952271 ], [ -92.383033, 31.001454 ], [ -92.280738, 30.965071 ], [ -92.237794, 30.84828 ], [ -92.212593, 30.848609 ], [ -92.172314, 30.767914 ], [ -92.172484, 30.673829 ], [ -92.211504, 30.56813 ], [ -92.262719, 30.538738 ], [ -92.42078, 30.53882 ], [ -92.493259, 30.480499 ], [ -92.632025, 30.481182 ], [ -92.630321, 30.488012 ] ] ] } },
{ "type": "Feature", "properties": { "STATEFP": "48", "COUNTYFP": "459", "NAME": "Upshur", "NAMELSAD": "Upshur County" }, "geometry": { "type": "Polygon", "coordinates": [ [ [ -95.15274, 32.660949 ], [ -95.15211, 32.902641 ], [ -94.719942, 32.904502 ], [ -94.705878, 32.879177 ], [ -94.672351, 32.834756 ], [ -94.70214, 32.793088 ], [ -94.70179, 32.652209 ], [ -94.746344, 32.667265 ], [ -94.766387, 32.650962 ], [ -94.820223, 32.590648 ], [ -94.986935, 32.537246 ], [ -95.009992, 32.516478 ], [ -95.15341, 32.570115 ], [ -95.15274, 32.660949 ] ] ] } },
{ "type": "Feature", "properties": { "STATEFP": "48", "COUNTYFP": "441", "NAME": "Taylor", "NAMELSAD": "Taylor County" }, "geometry": { "type": "Polygon", "coordinates": [ [ [ -100.146543, 32.522793 ], [ -99.656569, 32.52064 ], [ -99.629579, 32.514657 ], [ -99.6298, 32.436586 ], [ -99.631413, 32.081274 ], [ -99.713971, 32.082089 ], [ -100.151911, 32.082638 ], [ -100.146543, 32.522793 ] ] ] } },
{ "type": "Feature", "properties": { "STATEFP": "48", "COUNTYFP": "355", "NAME": "Nueces", "NAMELSAD": "Nueces County" }, "geometry": { "type": "Polygon", "coordinates": [ [ [ -97.934274, 27.885202 ], [ -97.798517, 27.995659 ], [ -97.806798, 27.934712 ], [ -97.691074, 27.917353 ], [ -97.589473, 27.856101 ], [ -97.337677, 27.883165 ], [ -97.359822, 27.852348 ], [ -97.250796, 27.876718 ], [ -97.188659, 27.823885 ], [ -97.165617, 27.838213 ], [ -97.186987, 27.825489 ], [ -97.136312, 27.90439 ], [ -97.095713, 27.957835 ], [ -97.0436840836865, 27.836532353471799 ], [ -97.044846, 27.834466 ], [ -97.090735, 27.785888 ], [ -97.140854, 27.716688 ], [ -97.212679, 27.59642 ], [ -97.222991407531794, 27.576607316479599 ], [ -97.325216, 27.560896 ], [ -97.840678, 27.558358 ], [ -97.942146, 27.635932 ], [ -97.934274, 27.885202 ] ] ] } },
{ "type": "Feature", "properties": { "STATEFP": "48", "COUNTYFP": "091", "NAME": "Comal", "NAMELSAD": "Comal County" }, "geometry": { "type": "Polygon", "coordinates": [ [ [ -98.646124, 29.745181 ], [ -98.414018, 29.937557 ], [ -98.2976, 30.037994 ], [ -98.030523, 29.848539 ], [ -98.018657, 29.812175 ], [ -98.01518, 29.801485 ], [ -97.999271, 29.752444 ], [ -98.090927, 29.683245 ], [ -98.310928, 29.594473 ], [ -98.313494, 29.602279 ], [ -98.378068, 29.662613 ], [ -98.352589, 29.734365 ], [ -98.443852, 29.71965 ], [ -98.443469, 29.734453 ], [ -98.550489, 29.760713 ], [ -98.646124, 29.745181 ] ] ] } },
{ "type": "Feature", "properties": { "STATEFP": "48", "COUNTYFP": "187", "NAME": "Guadalupe", "NAMELSAD": "Guadalupe County" }, "geometry": { "type": "Polygon", "coordinates": [ [ [ -98.310928, 29.594473 ], [ -98.090927, 29.683245 ], [ -97.999271, 29.752444 ], [ -97.943564, 29.806914 ], [ -97.875259, 29.858208 ], [ -97.721852, 29.682088 ], [ -97.647785, 29.662127 ], [ -97.633176, 29.649863 ], [ -97.840383, 29.376791 ], [ -98.113175, 29.365667 ], [ -98.134171, 29.441751 ], [ -98.122547, 29.446028 ], [ -98.122555, 29.47797 ], [ -98.304121, 29.584736 ], [ -98.310928, 29.594473 ] ] ] } },
{ "type": "Feature", "properties": { "STATEFP": "48", "COUNTYFP": "179", "NAME": "Gray", "NAMELSAD": "Gray County" }, "geometry": { "type": "Polygon", "coordinates": [ [ [ -101.085935, 35.619102 ], [ -100.540158, 35.619296 ], [ -100.538978, 35.183144 ], [ -101.086281, 35.18214 ], [ -101.085935, 35.619102 ] ] ] } },
{ "type": "Feature", "properties": { "STATEFP": "22", "COUNTYFP": "017", "NAME": "Caddo", "NAMELSAD": "Caddo Parish" }, "geometry": { "type": "Polygon", "coordinates": [ [ [ -94.043051527617607, 32.693029976665599 ], [ -94.043026, 32.797476 ], [ -94.043002621563303, 32.881088978923998 ], [ -94.042964, 33.019219 ], [ -93.814598061054895, 33.019389011334198 ], [ -93.842597, 32.946764 ], [ -93.785181, 32.857353 ], [ -93.824253, 32.792451 ], [ -93.783233, 32.78436 ], [ -93.823221, 32.735142 ], [ -93.782111, 32.712212 ], [ -93.78614, 32.667073 ], [ -93.739474, 32.590773 ], [ -93.766616, 32.537474 ], [ -93.682301, 32.464549 ], [ -93.685569, 32.395498 ], [ -93.659041, 32.406058 ], [ -93.61513, 32.348332 ], [ -93.555323, 32.331423 ], [ -93.539354, 32.28992 ], [ -93.469441, 32.237181 ], [ -93.61469, 32.237526 ], [ -93.666472, 32.317444 ], [ -93.764763, 32.345646 ], [ -93.951212, 32.195625 ], [ -94.042695939165398, 32.196064974820899 ], [ -94.042739, 32.363559 ], [ -94.042788232805293, 32.392283193281202 ], [ -94.043083, 32.564261 ], [ -94.043051527617607, 32.693029976665599 ] ] ] } },
{ "type": "Feature", "properties": { "STATEFP": "48", "COUNTYFP": "141", "NAME": "El Paso", "NAMELSAD": "El Paso County" }, "geometry": { "type": "Polygon", "coordinates": [ [ [ -106.623445, 31.914034 ], [ -106.630114, 31.971258 ], [ -106.618486, 32.000495 ], [ -106.513986060717002, 32.0008176642324 ], [ -106.377173188246999, 32.001240101037503 ], [ -106.200699, 32.001785 ], [ -105.997971151664004, 32.001974590699 ], [ -105.993255, 31.478392 ], [ -105.954328, 31.423468 ], [ -105.996429378287004, 31.3878401295126 ], [ -106.004926, 31.392458 ], [ -106.080258, 31.398702 ], [ -106.175675, 31.456279 ], [ -106.236804, 31.513376 ], [ -106.280811, 31.562062 ], [ -106.303536, 31.620413 ], [ -106.339919822536999, 31.6697403579808 ], [ -106.370139, 31.71071 ], [ -106.41794, 31.752009 ], [ -106.467642, 31.759608 ], [ -106.484642, 31.747809 ], [ -106.528242, 31.783148 ], [ -106.581344, 31.813906 ], [ -106.63588, 31.871514 ], [ -106.623445, 31.914034 ] ] ] } },
{ "type": "Feature", "properties": { "STATEFP": "48", "COUNTYFP": "119", "NAME": "Delta", "NAMELSAD": "Delta County" }, "geometry": { "type": "Polygon", "coordinates": [ [ [ -95.858723, 33.40953 ], [ -95.857738, 33.461722 ], [ -95.758439, 33.495098 ], [ -95.671634, 33.472636 ], [ -95.621027, 33.48706 ], [ -95.490158, 33.453663 ], [ -95.372972, 33.39094 ], [ -95.308637, 33.380662 ], [ -95.30664, 33.378027 ], [ -95.308593, 33.37719 ], [ -95.501827, 33.347865 ], [ -95.584549, 33.359344 ], [ -95.673722, 33.302117 ], [ -95.720231, 33.299411 ], [ -95.731056, 33.305222 ], [ -95.786682, 33.253997 ], [ -95.861778, 33.21933 ], [ -95.858723, 33.40953 ] ] ] } },
{ "type": "Feature", "properties": { "STATEFP": "48", "COUNTYFP": "129", "NAME": "Donley", "NAMELSAD": "Donley County" }, "geometry": { "type": "Polygon", "coordinates": [ [ [ -101.086281, 35.18214 ], [ -100.538978, 35.183144 ], [ -100.540703, 34.747723 ], [ -100.944939, 34.748281 ], [ -101.090749, 34.748246 ], [ -101.086281, 35.18214 ] ] ] } },
{ "type": "Feature", "properties": { "STATEFP": "48", "COUNTYFP": "239", "NAME": "Jackson", "NAMELSAD": "Jackson County" }, "geometry": { "type": "Polygon", "coordinates": [ [ [ -96.938587, 29.063244 ], [ -96.658466, 29.263876 ], [ -96.640315, 29.247804 ], [ -96.309178, 28.963291 ], [ -96.323522, 28.675597 ], [ -96.404445, 28.674409 ], [ -96.39954, 28.730231 ], [ -96.428394, 28.703523 ], [ -96.643442, 28.712105 ], [ -96.69933, 28.778643 ], [ -96.711514, 28.851411 ], [ -96.792133, 28.918803 ], [ -96.832103, 29.021299 ], [ -96.938587, 29.063244 ] ] ] } },
{ "type": "Feature", "properties": { "STATEFP": "48", "COUNTYFP": "117", "NAME": "Deaf Smith", "NAMELSAD": "Deaf Smith County" }, "geometry": { "type": "Polygon", "coordinates": [ [ [ -103.042738818608001, 34.954142040361397 ], [ -103.042711, 35.144735 ], [ -103.042617950565003, 35.183157259008397 ], [ -102.167471, 35.183233 ], [ -102.168839, 34.747417 ], [ -102.525184, 34.746931 ], [ -103.042769, 34.747361 ], [ -103.042738818608001, 34.954142040361397 ] ] ] } },
{ "type": "Feature", "properties": { "STATEFP": "48", "COUNTYFP": "433", "NAME": "Stonewall", "NAMELSAD": "Stonewall County" }, "geometry": { "type": "Polygon", "coordinates": [ [ [ -100.517449, 33.397866 ], [ -99.99098, 33.397404 ], [ -99.988827, 32.960121 ], [ -100.144224, 32.959978 ], [ -100.519208, 32.962926 ], [ -100.517449, 33.397866 ] ] ] } },
{ "type": "Feature", "properties": { "STATEFP": "48", "COUNTYFP": "403", "NAME": "Sabine", "NAMELSAD": "Sabine County" }, "geometry": { "type": "Polygon", "coordinates": [ [ [ -94.044154, 31.409979 ], [ -93.983239, 31.466114 ], [ -93.984461, 31.569419 ], [ -93.896537, 31.611836 ], [ -93.834924, 31.586211 ], [ -93.787687, 31.527344 ], [ -93.725925, 31.504092 ], [ -93.749476, 31.46869 ], [ -93.697603, 31.428409 ], [ -93.668146, 31.375103 ], [ -93.67544, 31.30104 ], [ -93.613942, 31.259375 ], [ -93.602443, 31.182541 ], [ -93.600603087362899, 31.1826249552688 ], [ -93.616445, 31.175239 ], [ -93.911126, 31.158071 ], [ -94.039034, 31.134271 ], [ -94.044154, 31.409979 ] ] ] } },
{ "type": "Feature", "properties": { "STATEFP": "48", "COUNTYFP": "213", "NAME": "Henderson", "NAMELSAD": "Henderson County" }, "geometry": { "type": "Polygon", "coordinates": [ [ [ -96.452372, 32.358659 ], [ -96.075899, 32.357505 ], [ -95.449165, 32.355233 ], [ -95.488733, 32.232486 ], [ -95.478585, 32.147224 ], [ -95.459908, 32.135559 ], [ -95.428512, 32.084475 ], [ -96.052786, 32.005895 ], [ -96.05478, 32.012526 ], [ -96.105364, 32.075337 ], [ -96.146523, 32.211715 ], [ -96.196965, 32.206942 ], [ -96.38291, 32.328929 ], [ -96.452043, 32.345375 ], [ -96.452372, 32.358659 ] ] ] } },
{ "type": "Feature", "properties": { "STATEFP": "48", "COUNTYFP": "503", "NAME": "Young", "NAMELSAD": "Young County" }, "geometry": { "type": "Polygon", "coordinates": [ [ [ -98.953938, 33.397534 ], [ -98.420666, 33.396195 ], [ -98.426553, 33.007913 ], [ -98.427211, 32.9523 ], [ -98.575616, 32.954349 ], [ -98.950875, 32.956918 ], [ -98.953938, 33.397534 ] ] ] } },
{ "type": "Feature", "properties": { "STATEFP": "48", "COUNTYFP": "197", "NAME": "Hardeman", "NAMELSAD": "Hardeman County" }, "geometry": { "type": "Polygon", "coordinates": [ [ [ -99.997629328163001, 34.561136624560099 ], [ -99.929334, 34.576714 ], [ -99.842063884146398, 34.506932768881398 ], [ -99.818186, 34.48784 ], [ -99.764882, 34.435266 ], [ -99.696462, 34.381036 ], [ -99.600026, 34.374688 ], [ -99.58448, 34.407673 ], [ -99.475022137038394, 34.3968709897905 ], [ -99.475294, 34.085618 ], [ -99.5485, 34.055774 ], [ -99.65301, 34.098971 ], [ -99.772043, 34.093286 ], [ -99.997621, 34.224355 ], [ -99.99772, 34.311829 ], [ -99.997629328163001, 34.561136624560099 ] ] ] } },
{ "type": "Feature", "properties": { "STATEFP": "48", "COUNTYFP": "479", "NAME": "Webb", "NAMELSAD": "Webb County" }, "geometry": { "type": "Polygon", "coordinates": [ [ [ -100.197510055500999, 28.197000731139902 ], [ -100.113719, 28.197819 ], [ -99.394177, 28.204627 ], [ -99.388946, 28.030419 ], [ -98.803325, 28.05748 ], [ -98.798323, 27.354029 ], [ -98.798087, 27.268012 ], [ -98.954669, 27.269397 ], [ -99.33361, 27.273223 ], [ -99.370621, 27.319174 ], [ -99.460825799134298, 27.2622401970428 ], [ -99.463309, 27.268437 ], [ -99.487937, 27.294941 ], [ -99.529654, 27.306051 ], [ -99.487521, 27.412396 ], [ -99.495104, 27.451518 ], [ -99.497519, 27.500496 ], [ -99.52832, 27.498896 ], [ -99.530138, 27.580207 ], [ -99.556812, 27.614336 ], [ -99.624515, 27.634515 ], [ -99.704601, 27.654954 ], [ -99.758534, 27.717071 ], [ -99.801651, 27.741771 ], [ -99.844737, 27.778809 ], [ -99.87784, 27.824376 ], [ -99.904385, 27.875284 ], [ -99.917461, 27.917973 ], [ -99.932161, 27.96771 ], [ -99.984923, 27.990729 ], [ -100.028725, 28.073118 ], [ -100.075474, 28.124882 ], [ -100.174413, 28.179448 ], [ -100.197510055500999, 28.197000731139902 ] ] ] } },
{ "type": "Feature", "properties": { "STATEFP": "48", "COUNTYFP": "337", "NAME": "Montague", "NAMELSAD": "Montague County" }, "geometry": { "type": "Polygon", "coordinates": [ [ [ -97.978919, 33.467129 ], [ -97.977869, 33.888738 ], [ -97.951905950855206, 33.8912258148573 ], [ -97.951215, 33.878424 ], [ -97.865765, 33.849393 ], [ -97.803473, 33.88019 ], [ -97.759834, 33.92521 ], [ -97.671772, 33.99137 ], [ -97.609091, 33.968093 ], [ -97.596155, 33.922106 ], [ -97.561243150221102, 33.899061506732998 ], [ -97.55827, 33.897099 ], [ -97.486505, 33.916994 ], [ -97.484143438587594, 33.913889108890899 ], [ -97.487065, 33.433681 ], [ -97.918189, 33.433873 ], [ -97.978967, 33.433748 ], [ -97.978919, 33.467129 ] ] ] } },
{ "type": "Feature", "properties": { "STATEFP": "48", "COUNTYFP": "125", "NAME": "Dickens", "NAMELSAD": "Dickens County" }, "geometry": { "type": "Polygon", "coordinates": [ [ [ -101.041158, 33.833625 ], [ -100.518691, 33.83565 ], [ -100.517449, 33.397866 ], [ -101.038788, 33.397214 ], [ -101.041158, 33.833625 ] ] ] } },
{ "type": "Feature", "properties": { "STATEFP": "48", "COUNTYFP": "067", "NAME": "Cass", "NAMELSAD": "Cass County" }, "geometry": { "type": "Polygon", "coordinates": [ [ [ -94.65226, 33.268861 ], [ -94.572463, 33.249826 ], [ -94.517868, 33.282096 ], [ -94.415739, 33.284017 ], [ -94.379409, 33.255651 ], [ -94.231743, 33.240857 ], [ -94.218517, 33.296936 ], [ -94.056144, 33.298036 ], [ -94.042945845060302, 33.271241049386397 ], [ -94.042719, 33.160291 ], [ -94.042964, 33.019219 ], [ -94.043002621563303, 32.881088978923998 ], [ -94.653994, 32.879506 ], [ -94.65226, 33.268861 ] ] ] } },
{ "type": "Feature", "properties": { "STATEFP": "48", "COUNTYFP": "443", "NAME": "Terrell", "NAMELSAD": "Terrell County" }, "geometry": { "type": "Polygon", "coordinates": [ [ [ -102.566937, 30.283269 ], [ -102.343085, 30.284116 ], [ -102.342986, 30.598759 ], [ -102.138406, 30.597521 ], [ -102.137778, 30.655982 ], [ -101.76842, 30.653077 ], [ -101.652446, 30.620471 ], [ -101.646245, 30.560763 ], [ -101.740429, 30.420897 ], [ -101.65853, 30.357861 ], [ -101.7584, 30.288044 ], [ -101.761619209528007, 29.778860096722202 ], [ -101.809441, 29.790161 ], [ -101.8754, 29.794023 ], [ -101.966167, 29.807343 ], [ -102.021919, 29.802491 ], [ -102.073646, 29.786926 ], [ -102.115682, 29.79239 ], [ -102.161674, 29.819487 ], [ -102.227553, 29.843534 ], [ -102.301381, 29.877674 ], [ -102.318683954587996, 29.872192946501499 ], [ -102.327002, 29.883305 ], [ -102.567049, 30.052808 ], [ -102.566937, 30.283269 ] ] ] } },
{ "type": "Feature", "properties": { "STATEFP": "48", "COUNTYFP": "215", "NAME": "Hidalgo", "NAMELSAD": "Hidalgo County" }, "geometry": { "type": "Polygon", "coordinates": [ [ [ -98.593300218279197, 26.242936348676601 ], [ -98.32067, 26.783081 ], [ -97.985494, 26.780917 ], [ -97.985303, 26.615809 ], [ -97.957405, 26.611769 ], [ -98.004189, 26.448784 ], [ -97.86192, 26.433579 ], [ -97.861875, 26.348156 ], [ -97.862281563106293, 26.057746828440202 ], [ -97.871187, 26.058083 ], [ -97.944345, 26.059621 ], [ -98.010971, 26.063863 ], [ -98.039239, 26.041275 ], [ -98.080066860188595, 26.055379012243801 ], [ -98.091038, 26.059169 ], [ -98.149463, 26.055813 ], [ -98.197046, 26.056153 ], [ -98.248806, 26.073101 ], [ -98.302979, 26.11005 ], [ -98.386694, 26.157872 ], [ -98.442536, 26.199151 ], [ -98.503492, 26.214798 ], [ -98.576188, 26.235221 ], [ -98.593300218279197, 26.242936348676601 ] ] ] } },
{ "type": "Feature", "properties": { "STATEFP": "48", "COUNTYFP": "313", "NAME": "Madison", "NAMELSAD": "Madison County" }, "geometry": { "type": "Polygon", "coordinates": [ [ [ -96.24102, 30.973737 ], [ -95.975218, 31.091967 ], [ -95.76441, 31.094211 ], [ -95.656487, 31.079339 ], [ -95.681158, 30.986958 ], [ -95.617872, 30.930418 ], [ -95.616233, 30.910196 ], [ -95.716508, 30.911405 ], [ -95.863059, 30.864125 ], [ -96.16837, 30.822997 ], [ -96.207477, 30.947081 ], [ -96.24102, 30.973737 ] ] ] } },
{ "type": "Feature", "properties": { "STATEFP": "22", "COUNTYFP": "089", "NAME": "St. Charles", "NAMELSAD": "St. Charles Parish" }, "geometry": { "type": "Polygon", "coordinates": [ [ [ -90.538264, 30.016847 ], [ -90.474238, 30.031353 ], [ -90.467788, 30.031709 ], [ -90.326637, 30.150188 ], [ -90.259889, 30.16341 ], [ -90.275555, 30.088877 ], [ -90.279495, 30.006797 ], [ -90.279533, 29.967971 ], [ -90.240173, 29.862117 ], [ -90.173202, 29.827524 ], [ -90.169288, 29.80738 ], [ -90.228157, 29.692028 ], [ -90.352104, 29.695512 ], [ -90.371978, 29.759239 ], [ -90.476306, 29.824875 ], [ -90.479904, 29.847377 ], [ -90.529601, 29.884997 ], [ -90.532203, 29.967938 ], [ -90.538264, 30.016847 ] ] ] } },
{ "type": "Feature", "properties": { "STATEFP": "48", "COUNTYFP": "051", "NAME": "Burleson", "NAMELSAD": "Burleson County" }, "geometry": { "type": "Polygon", "coordinates": [ [ [ -96.96363, 30.557198 ], [ -96.621423, 30.730764 ], [ -96.566983, 30.69567 ], [ -96.601831, 30.641926 ], [ -96.510494, 30.627828 ], [ -96.358817, 30.541753 ], [ -96.340875, 30.474543 ], [ -96.272049, 30.416145 ], [ -96.299173, 30.379152 ], [ -96.357407, 30.373318 ], [ -96.640883, 30.296786 ], [ -96.743672, 30.319757 ], [ -96.790114, 30.390697 ], [ -96.96363, 30.557198 ] ] ] } },
{ "type": "Feature", "properties": { "STATEFP": "48", "COUNTYFP": "049", "NAME": "Brown", "NAMELSAD": "Brown County" }, "geometry": { "type": "Polygon", "coordinates": [ [ [ -99.195871, 32.079235 ], [ -99.118665, 32.079585 ], [ -98.924401, 32.078018 ], [ -98.668441, 31.700514 ], [ -98.760057, 31.687896 ], [ -98.779951, 31.610735 ], [ -98.991608, 31.484071 ], [ -99.041741, 31.490302 ], [ -99.090622, 31.460927 ], [ -99.098794, 31.44847 ], [ -99.202768, 31.467234 ], [ -99.195871, 32.079235 ] ] ] } },
{ "type": "Feature", "properties": { "STATEFP": "22", "COUNTYFP": "117", "NAME": "Washington", "NAMELSAD": "Washington Parish" }, "geometry": { "type": "Polygon", "coordinates": [ [ [ -90.347304621452395, 31.000360547908901 ], [ -90.346007, 31.000363 ], [ -90.259554940491299, 31.000661781229098 ], [ -89.897516, 31.001913 ], [ -89.835907824328203, 31.002101423117601 ], [ -89.728147, 31.002431 ], [ -89.728175690160597, 31.002313887984101 ], [ -89.750073, 30.91293 ], [ -89.791745, 30.820387 ], [ -89.836331, 30.727197 ], [ -89.826180359115199, 30.6688232701852 ], [ -89.99459, 30.665307 ], [ -90.255749, 30.712444 ], [ -90.317005, 30.89116 ], [ -90.346806, 30.905628 ], [ -90.347304621452395, 31.000360547908901 ] ] ] } },
{ "type": "Feature", "properties": { "STATEFP": "48", "COUNTYFP": "347", "NAME": "Nacogdoches", "NAMELSAD": "Nacogdoches County" }, "geometry": { "type": "Polygon", "coordinates": [ [ [ -94.937532, 31.845555 ], [ -94.452513, 31.844113 ], [ -94.433945, 31.824547 ], [ -94.399091, 31.653596 ], [ -94.311042, 31.589252 ], [ -94.300622, 31.526458 ], [ -94.33119, 31.362966 ], [ -94.339773, 31.24082 ], [ -94.324461, 31.230165 ], [ -94.326616, 31.224754 ], [ -94.396017, 31.302356 ], [ -94.449422, 31.321337 ], [ -94.495874, 31.405728 ], [ -94.53136, 31.39854 ], [ -94.545121, 31.431855 ], [ -94.82287, 31.483978 ], [ -94.865857, 31.526916 ], [ -94.924219, 31.579487 ], [ -94.978128, 31.793294 ], [ -94.937532, 31.845555 ] ] ] } },
{ "type": "Feature", "properties": { "STATEFP": "48", "COUNTYFP": "115", "NAME": "Dawson", "NAMELSAD": "Dawson County" }, "geometry": { "type": "Polygon", "coordinates": [ [ [ -102.20852, 32.958956 ], [ -102.076214, 32.959702 ], [ -101.691284, 32.961838 ], [ -101.68874, 32.525222 ], [ -102.202703, 32.523271 ], [ -102.20852, 32.958956 ] ] ] } },
{ "type": "Feature", "properties": { "STATEFP": "22", "COUNTYFP": "031", "NAME": "De Soto", "NAMELSAD": "De Soto Parish" }, "geometry": { "type": "Polygon", "coordinates": [ [ [ -94.042695939165398, 32.196064974820899 ], [ -93.951212, 32.195625 ], [ -93.764763, 32.345646 ], [ -93.666472, 32.317444 ], [ -93.61469, 32.237526 ], [ -93.535963, 32.193126 ], [ -93.539553, 32.102167 ], [ -93.441506, 31.98918 ], [ -93.355452, 31.932222 ], [ -93.420165, 31.933964 ], [ -93.441171, 31.845233 ], [ -93.878251895386597, 31.8442765572456 ], [ -93.909557, 31.893144 ], [ -93.977461, 31.926419 ], [ -94.029428406595997, 31.979686964168 ], [ -94.041833, 31.992402 ], [ -94.042681, 32.137956 ], [ -94.042695939165398, 32.196064974820899 ] ] ] } },
{ "type": "Feature", "properties": { "STATEFP": "48", "COUNTYFP": "391", "NAME": "Refugio", "NAMELSAD": "Refugio County" }, "geometry": { "type": "Polygon", "coordinates": [ [ [ -97.541071, 28.164669 ], [ -97.375579, 28.388684 ], [ -97.160751, 28.553475 ], [ -97.048529, 28.549976 ], [ -96.915284, 28.485797 ], [ -96.890951, 28.507178 ], [ -96.813494, 28.430261 ], [ -96.764132, 28.426522 ], [ -96.790512, 28.319238 ], [ -97.12396, 28.27231 ], [ -97.023586, 28.187657 ], [ -97.144916, 28.102622 ], [ -97.260818, 28.075759 ], [ -97.317163, 28.137189 ], [ -97.427171, 28.117668 ], [ -97.482384, 28.168616 ], [ -97.541071, 28.164669 ] ] ] } },
{ "type": "Feature", "properties": { "STATEFP": "48", "COUNTYFP": "003", "NAME": "Andrews", "NAMELSAD": "Andrews County" }, "geometry": { "type": "Polygon", "coordinates": [ [ [ -103.064696, 32.522193 ], [ -102.211037, 32.523244 ], [ -102.211249, 32.0868 ], [ -102.287048, 32.086991 ], [ -102.799086, 32.085795 ], [ -102.844395, 32.087062 ], [ -103.064422401106, 32.087051 ], [ -103.064422, 32.145006 ], [ -103.064696, 32.522193 ] ] ] } },
{ "type": "Feature", "properties": { "STATEFP": "22", "COUNTYFP": "083", "NAME": "Richland", "NAMELSAD": "Richland Parish" }, "geometry": { "type": "Polygon", "coordinates": [ [ [ -91.994208, 32.401094 ], [ -91.913057, 32.505902 ], [ -91.839532, 32.518482 ], [ -91.80432, 32.571316 ], [ -91.742286, 32.558906 ], [ -91.637595, 32.667298 ], [ -91.596876, 32.667147 ], [ -91.59621, 32.582113 ], [ -91.445299, 32.581956 ], [ -91.457614, 32.537848 ], [ -91.485199, 32.502957 ], [ -91.476495, 32.405564 ], [ -91.635072, 32.40571 ], [ -91.764379, 32.330018 ], [ -91.775019, 32.243333 ], [ -91.894729, 32.15155 ], [ -91.980603, 32.166634 ], [ -92.034473, 32.277237 ], [ -91.994208, 32.401094 ] ] ] } },
{ "type": "Feature", "properties": { "STATEFP": "48", "COUNTYFP": "159", "NAME": "Franklin", "NAMELSAD": "Franklin County" }, "geometry": { "type": "Polygon", "coordinates": [ [ [ -95.308593, 33.37719 ], [ -95.30664, 33.378027 ], [ -95.153438, 33.380764 ], [ -95.125451, 33.389454 ], [ -95.12613, 33.034581 ], [ -95.152206, 33.01345 ], [ -95.172956, 32.96194 ], [ -95.308957, 32.962572 ], [ -95.308593, 33.37719 ] ] ] } },
{ "type": "Feature", "properties": { "STATEFP": "48", "COUNTYFP": "191", "NAME": "Hall", "NAMELSAD": "Hall County" }, "geometry": { "type": "Polygon", "coordinates": [ [ [ -100.944939, 34.748281 ], [ -100.540703, 34.747723 ], [ -100.415895, 34.747525 ], [ -100.417783, 34.313524 ], [ -100.51734, 34.314102 ], [ -100.946132, 34.312759 ], [ -100.944939, 34.748281 ] ] ] } },
{ "type": "Feature", "properties": { "STATEFP": "48", "COUNTYFP": "027", "NAME": "Bell", "NAMELSAD": "Bell County" }, "geometry": { "type": "Polygon", "coordinates": [ [ [ -97.9071, 31.069374 ], [ -97.804399, 31.122092 ], [ -97.418606, 31.320202 ], [ -97.343426, 31.244215 ], [ -97.278113, 31.279799 ], [ -97.070057, 30.986031 ], [ -97.258959, 30.889579 ], [ -97.315485, 30.752363 ], [ -97.624051, 30.870004 ], [ -97.72987, 30.887623 ], [ -97.8281, 30.904414 ], [ -97.840365, 30.929318 ], [ -97.911689, 31.035009 ], [ -97.9071, 31.069374 ] ] ] } },
{ "type": "Feature", "properties": { "STATEFP": "48", "COUNTYFP": "321", "NAME": "Matagorda", "NAMELSAD": "Matagorda County" }, "geometry": { "type": "Polygon", "coordinates": [ [ [ -96.378533159286803, 28.389865030487901 ], [ -96.322731, 28.642944 ], [ -96.323522, 28.675597 ], [ -96.309178, 28.963291 ], [ -95.965196, 29.146865 ], [ -95.874028, 29.229702 ], [ -95.84631, 29.107799 ], [ -95.770446, 29.06621 ], [ -95.769393, 28.971109 ], [ -95.67955, 28.965734 ], [ -95.567708, 28.829758 ], [ -95.507037396916999, 28.824735512192099 ], [ -95.588801, 28.783169 ], [ -95.684089, 28.734041 ], [ -95.812504, 28.664942 ], [ -96.000682, 28.588238 ], [ -96.194412, 28.502224 ], [ -96.328817, 28.423659 ], [ -96.378533159286803, 28.389865030487901 ] ] ] } },
{ "type": "Feature", "properties": { "STATEFP": "48", "COUNTYFP": "505", "NAME": "Zapata", "NAMELSAD": "Zapata County" }, "geometry": { "type": "Polygon", "coordinates": [ [ [ -99.460825799134298, 27.2622401970428 ], [ -99.370621, 27.319174 ], [ -99.33361, 27.273223 ], [ -98.954669, 27.269397 ], [ -98.95423, 26.785694 ], [ -99.011112, 26.675023 ], [ -99.176816092381102, 26.569660555373598 ], [ -99.200522, 26.656443 ], [ -99.208907, 26.724761 ], [ -99.242444, 26.788262 ], [ -99.268613, 26.843213 ], [ -99.3289, 26.879761 ], [ -99.361144, 26.928921 ], [ -99.387367, 26.982399 ], [ -99.44697, 27.026026 ], [ -99.442123, 27.106839 ], [ -99.429984, 27.159149 ], [ -99.445238, 27.223341 ], [ -99.460825799134298, 27.2622401970428 ] ] ] } },
{ "type": "Feature", "properties": { "STATEFP": "48", "COUNTYFP": "249", "NAME": "Jim Wells", "NAMELSAD": "Jim Wells County" }, "geometry": { "type": "Polygon", "coordinates": [ [ [ -98.235497, 28.057966 ], [ -97.883148, 28.0569 ], [ -97.80106, 28.037957 ], [ -97.798517, 27.995659 ], [ -97.934274, 27.885202 ], [ -97.942146, 27.635932 ], [ -98.059464, 27.635862 ], [ -98.058078, 27.260981 ], [ -98.232464, 27.262487 ], [ -98.235497, 28.057966 ] ] ] } },
{ "type": "Feature", "properties": { "STATEFP": "48", "COUNTYFP": "207", "NAME": "Haskell", "NAMELSAD": "Haskell County" }, "geometry": { "type": "Polygon", "coordinates": [ [ [ -99.99098, 33.397404 ], [ -99.472444, 33.399023 ], [ -99.471258, 32.957025 ], [ -99.612001, 32.956962 ], [ -99.988827, 32.960121 ], [ -99.99098, 33.397404 ] ] ] } },
{ "type": "Feature", "properties": { "STATEFP": "48", "COUNTYFP": "333", "NAME": "Mills", "NAMELSAD": "Mills County" }, "geometry": { "type": "Polygon", "coordinates": [ [ [ -98.991608, 31.484071 ], [ -98.779951, 31.610735 ], [ -98.760057, 31.687896 ], [ -98.668441, 31.700514 ], [ -98.492802, 31.723608 ], [ -98.463736, 31.683989 ], [ -98.27107, 31.416398 ], [ -98.281557, 31.401451 ], [ -98.562732, 31.230443 ], [ -98.626926, 31.281182 ], [ -98.587268, 31.325463 ], [ -98.643921, 31.31407 ], [ -98.65456, 31.370022 ], [ -98.713131, 31.34883 ], [ -98.696634, 31.407287 ], [ -98.726094, 31.428278 ], [ -98.76162, 31.375953 ], [ -98.773, 31.410926 ], [ -98.854292, 31.413425 ], [ -98.8725, 31.444299 ], [ -98.933188, 31.436928 ], [ -98.991608, 31.484071 ] ] ] } },
{ "type": "Feature", "properties": { "STATEFP": "48", "COUNTYFP": "183", "NAME": "Gregg", "NAMELSAD": "Gregg County" }, "geometry": { "type": "Polygon", "coordinates": [ [ [ -94.986935, 32.537246 ], [ -94.820223, 32.590648 ], [ -94.766387, 32.650962 ], [ -94.746344, 32.667265 ], [ -94.70179, 32.652209 ], [ -94.701986, 32.421782 ], [ -94.579219, 32.394916 ], [ -94.591703, 32.365572 ], [ -94.985411, 32.37082 ], [ -94.986935, 32.537246 ] ] ] } },
{ "type": "Feature", "properties": { "STATEFP": "22", "COUNTYFP": "013", "NAME": "Bienville", "NAMELSAD": "Bienville Parish" }, "geometry": { "type": "Polygon", "coordinates": [ [ [ -93.402923, 32.368727 ], [ -93.42338, 32.39774 ], [ -93.372722, 32.41019 ], [ -93.236922, 32.410161 ], [ -93.147193, 32.455173 ], [ -93.178751, 32.584808 ], [ -92.880926, 32.585265 ], [ -92.879461, 32.454017 ], [ -92.776982, 32.453611 ], [ -92.773183, 32.236173 ], [ -92.815344, 32.147413 ], [ -92.939092, 32.14792 ], [ -93.187138, 32.148509 ], [ -93.213964, 32.236126 ], [ -93.428644, 32.235273 ], [ -93.402923, 32.368727 ] ] ] } },
{ "type": "Feature", "properties": { "STATEFP": "22", "COUNTYFP": "047", "NAME": "Iberville", "NAMELSAD": "Iberville Parish" }, "geometry": { "type": "Polygon", "coordinates": [ [ [ -91.701339, 30.497747 ], [ -91.583425, 30.496956 ], [ -91.485155, 30.497282 ], [ -91.407689, 30.426063 ], [ -91.363643, 30.384187 ], [ -91.325402, 30.347517 ], [ -91.311285, 30.322472 ], [ -91.142105, 30.323293 ], [ -91.126597, 30.31332 ], [ -91.021014, 30.321489 ], [ -91.024299, 30.305612 ], [ -91.059124, 30.213084 ], [ -91.07364, 30.160921 ], [ -91.090097, 30.14111 ], [ -91.106559, 30.108519 ], [ -91.105997, 30.062749 ], [ -91.22423, 30.02556 ], [ -91.231842, 30.040385 ], [ -91.368835, 30.058824 ], [ -91.388841, 30.102445 ], [ -91.463992, 30.102931 ], [ -91.475303, 30.229491 ], [ -91.56276, 30.241949 ], [ -91.621055, 30.309938 ], [ -91.640078, 30.442673 ], [ -91.701339, 30.497747 ] ] ] } },
{ "type": "Feature", "properties": { "STATEFP": "22", "COUNTYFP": "021", "NAME": "Caldwell", "NAMELSAD": "Caldwell Parish" }, "geometry": { "type": "Polygon", "coordinates": [ [ [ -92.311937, 32.146036 ], [ -92.312163, 32.277348 ], [ -92.106327, 32.25873 ], [ -92.034473, 32.277237 ], [ -91.980603, 32.166634 ], [ -91.894729, 32.15155 ], [ -91.868202, 32.091555 ], [ -91.933229, 32.066882 ], [ -91.889823, 31.97169 ], [ -91.903565, 31.927457 ], [ -92.005624, 31.927383 ], [ -92.312518, 31.927656 ], [ -92.311937, 32.146036 ] ] ] } },
{ "type": "Feature", "properties": { "STATEFP": "22", "COUNTYFP": "071", "NAME": "Orleans", "NAMELSAD": "Orleans Parish" }, "geometry": { "type": "Polygon", "coordinates": [ [ [ -90.140074, 29.947904 ], [ -90.124861, 29.975817 ], [ -90.108119, 30.16494 ], [ -90.040277, 30.155114 ], [ -89.903234, 30.19866 ], [ -89.797414, 30.160757 ], [ -89.685287, 30.175346 ], [ -89.625054, 30.153493 ], [ -89.605088456554597, 30.1428141575593 ], [ -89.656986, 30.118381 ], [ -89.683712, 30.076018 ], [ -89.782534, 30.045372 ], [ -89.845065, 30.01841 ], [ -89.845297119572393, 30.016381840570102 ], [ -90.012102, 29.94598 ], [ -89.921019, 29.915729 ], [ -89.910708, 29.867865 ], [ -89.958854, 29.902595 ], [ -90.008056, 29.895528 ], [ -90.058547, 29.945334 ], [ -90.132474, 29.913005 ], [ -90.140074, 29.947904 ] ] ] } },
{ "type": "Feature", "properties": { "STATEFP": "48", "COUNTYFP": "487", "NAME": "Wilbarger", "NAMELSAD": "Wilbarger County" }, "geometry": { "type": "Polygon", "coordinates": [ [ [ -99.475294, 34.085618 ], [ -99.475022137038394, 34.3968709897905 ], [ -99.470969, 34.396471 ], [ -99.420432, 34.380464 ], [ -99.394956, 34.442099 ], [ -99.350407, 34.437083 ], [ -99.27534, 34.386599 ], [ -99.221607900845498, 34.325373574372598 ], [ -99.2116, 34.31397 ], [ -99.189511, 34.214312 ], [ -99.131553, 34.209352 ], [ -99.0588, 34.201256 ], [ -99.002916, 34.208782 ], [ -98.952324887528206, 34.204669898603498 ], [ -98.953202, 33.834025 ], [ -99.47565, 33.834005 ], [ -99.475294, 34.085618 ] ] ] } },
{ "type": "Feature", "properties": { "STATEFP": "22", "COUNTYFP": "035", "NAME": "East Carroll", "NAMELSAD": "East Carroll Parish" }, "geometry": { "type": "Polygon", "coordinates": [ [ [ -91.445299, 32.581956 ], [ -91.396964, 32.609468 ], [ -91.398255, 32.69298 ], [ -91.343108, 32.750531 ], [ -91.30938, 32.935237 ], [ -91.2645640502205, 33.004738824270497 ], [ -91.166073, 33.004106 ], [ -91.134414, 32.980533 ], [ -91.072075, 32.937832 ], [ -91.070602, 32.888659 ], [ -91.13789, 32.848975 ], [ -91.161669, 32.812465 ], [ -91.157614, 32.776033 ], [ -91.113652, 32.73997 ], [ -91.056999, 32.72558 ], [ -91.098762, 32.685291 ], [ -91.079506, 32.60068 ], [ -91.055409282828904, 32.579087604829397 ], [ -91.133144, 32.537909 ], [ -91.457614, 32.537848 ], [ -91.445299, 32.581956 ] ] ] } },
{ "type": "Feature", "properties": { "STATEFP": "22", "COUNTYFP": "037", "NAME": "East Feliciana", "NAMELSAD": "East Feliciana Parish" }, "geometry": { "type": "Polygon", "coordinates": [ [ [ -91.320706, 30.699417 ], [ -91.230589, 30.810482 ], [ -91.176140123966903, 30.999224202318601 ], [ -91.060127467996594, 30.999323935309199 ], [ -90.825829141291905, 30.999525355340602 ], [ -90.862696, 30.944246 ], [ -90.834735, 30.813177 ], [ -90.848768, 30.719458 ], [ -91.254736, 30.704912 ], [ -91.297658, 30.649548 ], [ -91.310061, 30.653961 ], [ -91.320706, 30.699417 ] ] ] } },
{ "type": "Feature", "properties": { "STATEFP": "48", "COUNTYFP": "317", "NAME": "Martin", "NAMELSAD": "Martin County" }, "geometry": { "type": "Polygon", "coordinates": [ [ [ -102.211037, 32.523244 ], [ -102.202703, 32.523271 ], [ -101.68874, 32.525222 ], [ -101.695011, 32.087532 ], [ -101.776085, 32.086925 ], [ -102.211249, 32.0868 ], [ -102.211037, 32.523244 ] ] ] } },
{ "type": "Feature", "properties": { "STATEFP": "48", "COUNTYFP": "165", "NAME": "Gaines", "NAMELSAD": "Gaines County" }, "geometry": { "type": "Polygon", "coordinates": [ [ [ -103.064889, 32.849359 ], [ -103.063468888475001, 32.959106381830502 ], [ -102.595023, 32.958831 ], [ -102.20852, 32.958956 ], [ -102.202703, 32.523271 ], [ -102.211037, 32.523244 ], [ -103.064696, 32.522193 ], [ -103.064761, 32.587983 ], [ -103.064829054561997, 32.726950415350203 ], [ -103.064889, 32.849359 ] ] ] } },
{ "type": "Feature", "properties": { "STATEFP": "48", "COUNTYFP": "033", "NAME": "Borden", "NAMELSAD": "Borden County" }, "geometry": { "type": "Polygon", "coordinates": [ [ [ -101.691284, 32.961838 ], [ -101.557434, 32.961025 ], [ -101.173378, 32.963597 ], [ -101.174562, 32.527703 ], [ -101.174571, 32.524112 ], [ -101.68874, 32.525222 ], [ -101.691284, 32.961838 ] ] ] } },
{ "type": "Feature", "properties": { "STATEFP": "48", "COUNTYFP": "327", "NAME": "Menard", "NAMELSAD": "Menard County" }, "geometry": { "type": "Polygon", "coordinates": [ [ [ -100.115216, 31.087994 ], [ -99.603223, 31.087296 ], [ -99.603627, 30.940726 ], [ -99.484755, 30.940605 ], [ -99.483869, 30.710771 ], [ -100.116234, 30.710366 ], [ -100.115216, 31.087994 ] ] ] } },
{ "type": "Feature", "properties": { "STATEFP": "48", "COUNTYFP": "353", "NAME": "Nolan", "NAMELSAD": "Nolan County" }, "geometry": { "type": "Polygon", "coordinates": [ [ [ -100.660626, 32.525312 ], [ -100.146543, 32.522793 ], [ -100.151911, 32.082638 ], [ -100.235137, 32.082372 ], [ -100.271675, 32.081432 ], [ -100.665353, 32.085407 ], [ -100.660626, 32.525312 ] ] ] } },
{ "type": "Feature", "properties": { "STATEFP": "48", "COUNTYFP": "109", "NAME": "Culberson", "NAMELSAD": "Culberson County" }, "geometry": { "type": "Polygon", "coordinates": [ [ [ -104.918356994280003, 32.000472073073503 ], [ -104.84774, 32.000464602835002 ], [ -104.643526, 32.000443 ], [ -104.024521, 32.00001 ], [ -104.102351, 31.105203 ], [ -104.917163, 30.663626 ], [ -104.916487, 30.821034 ], [ -104.91289, 31.62512 ], [ -104.918356994280003, 32.000472073073503 ] ] ] } },
{ "type": "Feature", "properties": { "STATEFP": "48", "COUNTYFP": "461", "NAME": "Upton", "NAMELSAD": "Upton County" }, "geometry": { "type": "Polygon", "coordinates": [ [ [ -102.31805, 31.651327 ], [ -102.287345, 31.651276 ], [ -101.775802, 31.651319 ], [ -101.776191, 31.079784 ], [ -102.301212, 31.086212 ], [ -102.31805, 31.651327 ] ] ] } },
{ "type": "Feature", "properties": { "STATEFP": "48", "COUNTYFP": "319", "NAME": "Mason", "NAMELSAD": "Mason County" }, "geometry": { "type": "Polygon", "coordinates": [ [ [ -99.484755, 30.940605 ], [ -99.092317, 30.941002 ], [ -99.086627, 30.921949 ], [ -98.964612, 30.921368 ], [ -98.964232, 30.498482 ], [ -99.303996, 30.499832 ], [ -99.484493, 30.499641 ], [ -99.483869, 30.710771 ], [ -99.484755, 30.940605 ] ] ] } },
{ "type": "Feature", "properties": { "STATEFP": "48", "COUNTYFP": "061", "NAME": "Cameron", "NAMELSAD": "Cameron County" }, "geometry": { "type": "Polygon", "coordinates": [ [ [ -97.861875, 26.348156 ], [ -97.506936, 26.312702 ], [ -97.446987, 26.324947 ], [ -97.386505, 26.410437 ], [ -97.227288478012895, 26.4111776799575 ], [ -97.196935, 26.305865 ], [ -97.158798, 26.08266 ], [ -97.151922, 26.017653 ], [ -97.145567, 25.971132 ], [ -97.156608, 25.949022 ], [ -97.206945, 25.960899 ], [ -97.277163, 25.935438 ], [ -97.338346, 25.923125 ], [ -97.365976, 25.902447 ], [ -97.360082, 25.868874 ], [ -97.372864, 25.840117 ], [ -97.422636, 25.840378 ], [ -97.454727, 25.879337 ], [ -97.496861, 25.880058 ], [ -97.542957, 25.920035 ], [ -97.582565, 25.937857 ], [ -97.644011, 26.006614 ], [ -97.697069, 26.023455 ], [ -97.758838, 26.032131 ], [ -97.795291, 26.055218 ], [ -97.862281563106293, 26.057746828440202 ], [ -97.861875, 26.348156 ] ] ] } },
{ "type": "Feature", "properties": { "STATEFP": "48", "COUNTYFP": "055", "NAME": "Caldwell", "NAMELSAD": "Caldwell County" }, "geometry": { "type": "Polygon", "coordinates": [ [ [ -97.899196, 29.85748 ], [ -97.70879, 30.023451 ], [ -97.64937, 30.067944 ], [ -97.315823, 29.786541 ], [ -97.317893, 29.784658 ], [ -97.597743, 29.630718 ], [ -97.633176, 29.649863 ], [ -97.647785, 29.662127 ], [ -97.721852, 29.682088 ], [ -97.875259, 29.858208 ], [ -97.899196, 29.85748 ] ] ] } },
{ "type": "Feature", "properties": { "STATEFP": "48", "COUNTYFP": "499", "NAME": "Wood", "NAMELSAD": "Wood County" }, "geometry": { "type": "Polygon", "coordinates": [ [ [ -95.665389, 32.960434 ], [ -95.308957, 32.962572 ], [ -95.172956, 32.96194 ], [ -95.152206, 33.01345 ], [ -95.15211, 32.902641 ], [ -95.15274, 32.660949 ], [ -95.15341, 32.570115 ], [ -95.166299, 32.543948 ], [ -95.332164, 32.604252 ], [ -95.46876, 32.605676 ], [ -95.594541, 32.687026 ], [ -95.635017, 32.72038 ], [ -95.665389, 32.960434 ] ] ] } },
{ "type": "Feature", "properties": { "STATEFP": "22", "COUNTYFP": "095", "NAME": "St. John the Baptist", "NAMELSAD": "St. John the Baptist Parish" }, "geometry": { "type": "Polygon", "coordinates": [ [ [ -90.68885, 30.035953 ], [ -90.642111, 30.166448 ], [ -90.631905, 30.22119 ], [ -90.592021, 30.208324 ], [ -90.554147, 30.195628 ], [ -90.485826, 30.276992 ], [ -90.320464, 30.298985 ], [ -90.160636, 30.234337 ], [ -90.156256, 30.189613 ], [ -90.220354, 30.175595 ], [ -90.259889, 30.16341 ], [ -90.326637, 30.150188 ], [ -90.467788, 30.031709 ], [ -90.474238, 30.031353 ], [ -90.538264, 30.016847 ], [ -90.532203, 29.967938 ], [ -90.529601, 29.884997 ], [ -90.629134, 29.89523 ], [ -90.656312, 29.889246 ], [ -90.68885, 30.035953 ] ] ] } },
{ "type": "Feature", "properties": { "STATEFP": "48", "COUNTYFP": "059", "NAME": "Callahan", "NAMELSAD": "Callahan County" }, "geometry": { "type": "Polygon", "coordinates": [ [ [ -99.6298, 32.436586 ], [ -99.629579, 32.514657 ], [ -99.612026, 32.514654 ], [ -99.397054, 32.51511 ], [ -99.114293, 32.514811 ], [ -99.118665, 32.079585 ], [ -99.195871, 32.079235 ], [ -99.631413, 32.081274 ], [ -99.6298, 32.436586 ] ] ] } },
{ "type": "Feature", "properties": { "STATEFP": "48", "COUNTYFP": "387", "NAME": "Red River", "NAMELSAD": "Red River County" }, "geometry": { "type": "Polygon", "coordinates": [ [ [ -95.310449795449102, 33.873843038185498 ], [ -95.283445, 33.877746 ], [ -95.253623, 33.92971 ], [ -95.226393, 33.961954 ], [ -95.155907617107502, 33.938482388569803 ], [ -95.149462, 33.936336 ], [ -95.095002, 33.904816 ], [ -95.046568, 33.862565 ], [ -94.98165, 33.852284 ], [ -94.93956, 33.810503 ], [ -94.902276, 33.776289 ], [ -94.841634, 33.739431 ], [ -94.766146, 33.748031 ], [ -94.731932901995904, 33.720830516280301 ], [ -94.746096, 33.703016 ], [ -94.74631, 33.554315 ], [ -94.746925, 33.328938 ], [ -94.781693, 33.318905 ], [ -94.808783, 33.363636 ], [ -94.81271, 33.375577 ], [ -95.125451, 33.389454 ], [ -95.153438, 33.380764 ], [ -95.30664, 33.378027 ], [ -95.308637, 33.380662 ], [ -95.310673, 33.663154 ], [ -95.310449795449102, 33.873843038185498 ] ] ] } },
{ "type": "Feature", "properties": { "STATEFP": "48", "COUNTYFP": "083", "NAME": "Coleman", "NAMELSAD": "Coleman County" }, "geometry": { "type": "Polygon", "coordinates": [ [ [ -99.713971, 32.082089 ], [ -99.631413, 32.081274 ], [ -99.195871, 32.079235 ], [ -99.202768, 31.467234 ], [ -99.314875, 31.409875 ], [ -99.402284, 31.446198 ], [ -99.511477, 31.424401 ], [ -99.60185, 31.49195 ], [ -99.625426, 31.467429 ], [ -99.721698, 31.576759 ], [ -99.713971, 32.082089 ] ] ] } },
{ "type": "Feature", "properties": { "STATEFP": "48", "COUNTYFP": "427", "NAME": "Starr", "NAMELSAD": "Starr County" }, "geometry": { "type": "Polygon", "coordinates": [ [ [ -99.176816092381102, 26.569660555373598 ], [ -99.011112, 26.675023 ], [ -98.95423, 26.785694 ], [ -98.422616, 26.783535 ], [ -98.32067, 26.783081 ], [ -98.593300218279197, 26.242936348676601 ], [ -98.613465, 26.252028 ], [ -98.654221, 26.23596 ], [ -98.698856, 26.265619 ], [ -98.779912, 26.326542 ], [ -98.807348, 26.369421 ], [ -98.890965, 26.357569 ], [ -98.958325, 26.394056 ], [ -99.032316, 26.412082 ], [ -99.082002, 26.39651 ], [ -99.110855, 26.426278 ], [ -99.091635, 26.476977 ], [ -99.105031, 26.500335 ], [ -99.171404, 26.549848 ], [ -99.176816092381102, 26.569660555373598 ] ] ] } },
{ "type": "Feature", "properties": { "STATEFP": "22", "COUNTYFP": "099", "NAME": "St. Martin", "NAMELSAD": "St. Martin Parish" }, "geometry": { "type": "MultiPolygon", "coordinates": [ [ [ [ -91.471953, 29.956304 ], [ -91.255229, 29.971457 ], [ -91.182817, 29.846172 ], [ -91.092682, 29.801 ], [ -91.10001, 29.699402 ], [ -91.134117, 29.724073 ], [ -91.177686, 29.727829 ], [ -91.386491, 29.783681 ], [ -91.373642, 29.834401 ], [ -91.471953, 29.956304 ] ] ], [ [ [ -91.988718, 30.368598 ], [ -91.869273, 30.417235 ], [ -91.678896, 30.394731 ], [ -91.756209, 30.498133 ], [ -91.701339, 30.497747 ], [ -91.640078, 30.442673 ], [ -91.621055, 30.309938 ], [ -91.56276, 30.241949 ], [ -91.475303, 30.229491 ], [ -91.463992, 30.102931 ], [ -91.388841, 30.102445 ], [ -91.368835, 30.058824 ], [ -91.600217, 30.033036 ], [ -91.658886, 30.108226 ], [ -91.729927, 30.122484 ], [ -91.818243, 30.043925 ], [ -91.951159, 30.07278 ], [ -91.905544, 30.154616 ], [ -91.979932, 30.182585 ], [ -91.942818, 30.236599 ], [ -91.988718, 30.368598 ] ] ] ] } },
{ "type": "Feature", "properties": { "STATEFP": "48", "COUNTYFP": "041", "NAME": "Brazos", "NAMELSAD": "Brazos County" }, "geometry": { "type": "Polygon", "coordinates": [ [ [ -96.566983, 30.69567 ], [ -96.45763, 30.744474 ], [ -96.338001, 30.920531 ], [ -96.24102, 30.973737 ], [ -96.207477, 30.947081 ], [ -96.16837, 30.822997 ], [ -96.187765, 30.598737 ], [ -96.130018, 30.452555 ], [ -96.080009, 30.430435 ], [ -96.147255, 30.38284 ], [ -96.15463, 30.330288 ], [ -96.178661, 30.394718 ], [ -96.299173, 30.379152 ], [ -96.272049, 30.416145 ], [ -96.340875, 30.474543 ], [ -96.358817, 30.541753 ], [ -96.510494, 30.627828 ], [ -96.601831, 30.641926 ], [ -96.566983, 30.69567 ] ] ] } },
{ "type": "Feature", "properties": { "STATEFP": "48", "COUNTYFP": "339", "NAME": "Montgomery", "NAMELSAD": "Montgomery County" }, "geometry": { "type": "Polygon", "coordinates": [ [ [ -95.83024, 30.630284 ], [ -95.598971, 30.509002 ], [ -95.359156, 30.504369 ], [ -95.308395, 30.40575 ], [ -95.203324, 30.347861 ], [ -95.226571, 30.327145 ], [ -95.165897, 30.344976 ], [ -95.096708, 30.167214 ], [ -95.292997, 30.027905 ], [ -95.424216, 30.115491 ], [ -95.491123, 30.110368 ], [ -95.499839, 30.142475 ], [ -95.54214, 30.170473 ], [ -95.57463, 30.151783 ], [ -95.596757, 30.13446 ], [ -95.623218, 30.135646 ], [ -95.755185, 30.092148 ], [ -95.80333, 30.090096 ], [ -95.804306, 30.24557 ], [ -95.83024, 30.630284 ] ] ] } },
{ "type": "Feature", "properties": { "STATEFP": "48", "COUNTYFP": "157", "NAME": "Fort Bend", "NAMELSAD": "Fort Bend County" }, "geometry": { "type": "Polygon", "coordinates": [ [ [ -96.088912, 29.601658 ], [ -96.02485, 29.602877 ], [ -96.032711, 29.727944 ], [ -95.97094, 29.728554 ], [ -95.825975, 29.788616 ], [ -95.730396, 29.734296 ], [ -95.688349, 29.710862 ], [ -95.687082, 29.710078 ], [ -95.623178, 29.674298 ], [ -95.597057, 29.660601 ], [ -95.571363, 29.648725 ], [ -95.424286, 29.580312 ], [ -95.4463, 29.499637 ], [ -95.462602, 29.439238 ], [ -95.550622, 29.438306 ], [ -95.547577, 29.395197 ], [ -95.590793, 29.327485 ], [ -95.625863, 29.293349 ], [ -95.752866, 29.324503 ], [ -95.847656, 29.26259 ], [ -95.94681, 29.333433 ], [ -95.97343, 29.411445 ], [ -96.059627, 29.473329 ], [ -96.044596, 29.562238 ], [ -96.088912, 29.601658 ] ] ] } },
{ "type": "Feature", "properties": { "STATEFP": "48", "COUNTYFP": "023", "NAME": "Baylor", "NAMELSAD": "Baylor County" }, "geometry": { "type": "Polygon", "coordinates": [ [ [ -99.47565, 33.834005 ], [ -98.953202, 33.834025 ], [ -98.953938, 33.397534 ], [ -99.472444, 33.399023 ], [ -99.474498, 33.733849 ], [ -99.47565, 33.834005 ] ] ] } },
{ "type": "Feature", "properties": { "STATEFP": "22", "COUNTYFP": "009", "NAME": "Avoyelles", "NAMELSAD": "Avoyelles Parish" }, "geometry": { "type": "Polygon", "coordinates": [ [ [ -92.280738, 30.965071 ], [ -92.208299, 30.96243 ], [ -92.234258, 31.131466 ], [ -92.22169, 31.331855 ], [ -92.147066, 31.301862 ], [ -92.086718, 31.335374 ], [ -92.025948, 31.343009 ], [ -92.008033, 31.325809 ], [ -91.990596, 31.22521 ], [ -91.926854, 31.29483 ], [ -91.83428, 31.266344 ], [ -91.677302, 31.188047 ], [ -91.719004, 31.134616 ], [ -91.723804, 31.044254 ], [ -91.750119, 31.018814 ], [ -91.805063, 30.975746 ], [ -91.815258, 30.848107 ], [ -92.212593, 30.848609 ], [ -92.237794, 30.84828 ], [ -92.280738, 30.965071 ] ] ] } },
{ "type": "Feature", "properties": { "STATEFP": "48", "COUNTYFP": "155", "NAME": "Foard", "NAMELSAD": "Foard County" }, "geometry": { "type": "Polygon", "coordinates": [ [ [ -100.047028, 34.22978 ], [ -100.037319, 34.238778 ], [ -99.997621, 34.224355 ], [ -99.772043, 34.093286 ], [ -99.65301, 34.098971 ], [ -99.5485, 34.055774 ], [ -99.475294, 34.085618 ], [ -99.47565, 33.834005 ], [ -99.474498, 33.733849 ], [ -99.554906, 33.798556 ], [ -99.700705, 33.799963 ], [ -99.835143, 33.8358 ], [ -99.996434, 33.835967 ], [ -100.04848, 33.835974 ], [ -100.047028, 34.22978 ] ] ] } },
{ "type": "Feature", "properties": { "STATEFP": "22", "COUNTYFP": "121", "NAME": "West Baton Rouge", "NAMELSAD": "West Baton Rouge Parish" }, "geometry": { "type": "Polygon", "coordinates": [ [ [ -91.414815, 30.511427 ], [ -91.309752, 30.650086 ], [ -91.33087, 30.658677 ], [ -91.310061, 30.653961 ], [ -91.297658, 30.649548 ], [ -91.315282, 30.594288 ], [ -91.246058, 30.535851 ], [ -91.281478, 30.506115 ], [ -91.209308, 30.522989 ], [ -91.197187, 30.505668 ], [ -91.196114, 30.452699 ], [ -91.199056, 30.422279 ], [ -91.239534, 30.351584 ], [ -91.142105, 30.323293 ], [ -91.311285, 30.322472 ], [ -91.325402, 30.347517 ], [ -91.363643, 30.384187 ], [ -91.407689, 30.426063 ], [ -91.485155, 30.497282 ], [ -91.414815, 30.511427 ] ] ] } },
{ "type": "Feature", "properties": { "STATEFP": "48", "COUNTYFP": "295", "NAME": "Lipscomb", "NAMELSAD": "Lipscomb County" }, "geometry": { "type": "Polygon", "coordinates": [ [ [ -100.546145126097002, 36.4995051393038 ], [ -100.311018, 36.499688 ], [ -100.003761993368002, 36.499701848737601 ], [ -100.000406, 36.499702 ], [ -100.000399, 36.055677 ], [ -100.540221, 36.056491 ], [ -100.546724, 36.056536 ], [ -100.546145126097002, 36.4995051393038 ] ] ] } },
{ "type": "Feature", "properties": { "STATEFP": "48", "COUNTYFP": "021", "NAME": "Bastrop", "NAMELSAD": "Bastrop County" }, "geometry": { "type": "Polygon", "coordinates": [ [ [ -97.491254, 30.21211 ], [ -97.486329, 30.220528 ], [ -97.400089, 30.367906 ], [ -97.369539, 30.419563 ], [ -97.334463, 30.402843 ], [ -97.081834, 30.259357 ], [ -97.024461, 30.051435 ], [ -97.194235, 29.896776 ], [ -97.315823, 29.786541 ], [ -97.64937, 30.067944 ], [ -97.491254, 30.21211 ] ] ] } },
{ "type": "Feature", "properties": { "STATEFP": "48", "COUNTYFP": "491", "NAME": "Williamson", "NAMELSAD": "Williamson County" }, "geometry": { "type": "Polygon", "coordinates": [ [ [ -97.96286, 30.785641 ], [ -97.8281, 30.904414 ], [ -97.72987, 30.887623 ], [ -97.624051, 30.870004 ], [ -97.315485, 30.752363 ], [ -97.269949, 30.735362 ], [ -97.218861, 30.611883 ], [ -97.155219, 30.457344 ], [ -97.334463, 30.402843 ], [ -97.369539, 30.419563 ], [ -97.596162, 30.501481 ], [ -97.673759, 30.480101 ], [ -97.68412, 30.47629 ], [ -97.694592, 30.461501 ], [ -97.721149, 30.455835 ], [ -97.733685, 30.449701 ], [ -97.746686, 30.449404 ], [ -97.754665, 30.440223 ], [ -97.753635, 30.433287 ], [ -97.77634, 30.429768 ], [ -97.779387, 30.438401 ], [ -97.799725, 30.447138 ], [ -97.811863, 30.447018 ], [ -97.825723, 30.455605 ], [ -97.846541, 30.47341 ], [ -97.867866, 30.546499 ], [ -97.956734, 30.628249 ], [ -98.049886, 30.624155 ], [ -97.96286, 30.785641 ] ] ] } },
{ "type": "Feature", "properties": { "STATEFP": "48", "COUNTYFP": "501", "NAME": "Yoakum", "NAMELSAD": "Yoakum County" }, "geometry": { "type": "Polygon", "coordinates": [ [ [ -103.060103, 33.219225 ], [ -103.056495064337994, 33.388414214620603 ], [ -102.594836, 33.388489 ], [ -102.595023, 32.958831 ], [ -103.063468888475001, 32.959106381830502 ], [ -103.060103, 33.219225 ] ] ] } },
{ "type": "Feature", "properties": { "STATEFP": "48", "COUNTYFP": "163", "NAME": "Frio", "NAMELSAD": "Frio County" }, "geometry": { "type": "Polygon", "coordinates": [ [ [ -99.41388, 29.091335 ], [ -98.8049, 29.090434 ], [ -98.800841, 28.647487 ], [ -99.395736, 28.640784 ], [ -99.409021, 28.640566 ], [ -99.41388, 29.091335 ] ] ] } },
{ "type": "Feature", "properties": { "STATEFP": "48", "COUNTYFP": "367", "NAME": "Parker", "NAMELSAD": "Parker County" }, "geometry": { "type": "Polygon", "coordinates": [ [ [ -98.064369, 32.637236 ], [ -98.056094, 33.003332 ], [ -97.921642, 33.001284 ], [ -97.544181, 32.994177 ], [ -97.548201, 32.776114 ], [ -97.550582, 32.555391 ], [ -97.617066, 32.555484 ], [ -98.066836, 32.558822 ], [ -98.064369, 32.637236 ] ] ] } },
{ "type": "Feature", "properties": { "STATEFP": "22", "COUNTYFP": "019", "NAME": "Calcasieu", "NAMELSAD": "Calcasieu Parish" }, "geometry": { "type": "Polygon", "coordinates": [ [ [ -93.745333, 30.397022 ], [ -93.738172999870201, 30.4025470540047 ], [ -93.486159, 30.402547 ], [ -93.486325, 30.490523 ], [ -93.384521, 30.490166 ], [ -93.38524, 30.402658 ], [ -93.131224, 30.403058 ], [ -93.030959, 30.37939 ], [ -93.030728, 30.260564 ], [ -92.9963, 30.156955 ], [ -92.893247, 30.15651 ], [ -92.887222, 30.083455 ], [ -92.996479, 30.082593 ], [ -92.996624, 30.038481 ], [ -93.128475, 30.052709 ], [ -93.706183566317407, 30.0523143321691 ], [ -93.70394, 30.054291 ], [ -93.702436, 30.112721 ], [ -93.703764, 30.173936 ], [ -93.713359, 30.225261 ], [ -93.711062171300895, 30.243970715640302 ], [ -93.70719, 30.275513 ], [ -93.760328, 30.329924 ], [ -93.745333, 30.397022 ] ] ] } },
{ "type": "Feature", "properties": { "STATEFP": "48", "COUNTYFP": "285", "NAME": "Lavaca", "NAMELSAD": "Lavaca County" }, "geometry": { "type": "Polygon", "coordinates": [ [ [ -97.204087, 29.580613 ], [ -97.142643, 29.628101 ], [ -96.874222, 29.632706 ], [ -96.793132, 29.577378 ], [ -96.560555, 29.335439 ], [ -96.658466, 29.263876 ], [ -96.938587, 29.063244 ], [ -96.976378, 29.104046 ], [ -97.240108, 29.384488 ], [ -97.204087, 29.580613 ] ] ] } },
{ "type": "Feature", "properties": { "STATEFP": "22", "COUNTYFP": "069", "NAME": "Natchitoches", "NAMELSAD": "Natchitoches Parish" }, "geometry": { "type": "Polygon", "coordinates": [ [ [ -93.441171, 31.845233 ], [ -93.420165, 31.933964 ], [ -93.355452, 31.932222 ], [ -93.239501, 31.90352 ], [ -93.23847, 31.972781 ], [ -93.121188, 31.97261 ], [ -93.187138, 32.148509 ], [ -92.939092, 32.14792 ], [ -92.872174, 31.945856 ], [ -92.9668, 31.781299 ], [ -92.973529, 31.708922 ], [ -92.964615, 31.680721 ], [ -92.908313, 31.625169 ], [ -92.806206, 31.598548 ], [ -92.718899, 31.517476 ], [ -92.947159, 31.346751 ], [ -92.98146, 31.346864 ], [ -92.992013, 31.36043 ], [ -93.236643, 31.364491 ], [ -93.236752, 31.537863 ], [ -93.337625, 31.538274 ], [ -93.338436, 31.714205 ], [ -93.441689, 31.714485 ], [ -93.441171, 31.845233 ] ] ] } },
{ "type": "Feature", "properties": { "STATEFP": "48", "COUNTYFP": "093", "NAME": "Comanche", "NAMELSAD": "Comanche County" }, "geometry": { "type": "Polygon", "coordinates": [ [ [ -98.924401, 32.078018 ], [ -98.551158, 32.261436 ], [ -98.327499, 31.941261 ], [ -98.251211, 31.980127 ], [ -98.208386, 31.917511 ], [ -98.156568, 31.841713 ], [ -98.463736, 31.683989 ], [ -98.492802, 31.723608 ], [ -98.668441, 31.700514 ], [ -98.924401, 32.078018 ] ] ] } },
{ "type": "Feature", "properties": { "STATEFP": "48", "COUNTYFP": "497", "NAME": "Wise", "NAMELSAD": "Wise County" }, "geometry": { "type": "Polygon", "coordinates": [ [ [ -97.920371, 33.099328 ], [ -97.918189, 33.433873 ], [ -97.487065, 33.433681 ], [ -97.405268, 33.433095 ], [ -97.383095, 33.43045 ], [ -97.390828, 33.245787 ], [ -97.391606, 33.218935 ], [ -97.398459, 32.991732 ], [ -97.544181, 32.994177 ], [ -97.921642, 33.001284 ], [ -97.920371, 33.099328 ] ] ] } },
{ "type": "Feature", "properties": { "STATEFP": "48", "COUNTYFP": "447", "NAME": "Throckmorton", "NAMELSAD": "Throckmorton County" }, "geometry": { "type": "Polygon", "coordinates": [ [ [ -99.472444, 33.399023 ], [ -98.953938, 33.397534 ], [ -98.950875, 32.956918 ], [ -99.096016, 32.957037 ], [ -99.471258, 32.957025 ], [ -99.472444, 33.399023 ] ] ] } },
{ "type": "Feature", "properties": { "STATEFP": "48", "COUNTYFP": "311", "NAME": "McMullen", "NAMELSAD": "McMullen County" }, "geometry": { "type": "Polygon", "coordinates": [ [ [ -98.800848, 28.647306 ], [ -98.335047, 28.648275 ], [ -98.335031, 28.612658 ], [ -98.334323, 28.0578 ], [ -98.803325, 28.05748 ], [ -98.800848, 28.647306 ] ] ] } },
{ "type": "Feature", "properties": { "STATEFP": "48", "COUNTYFP": "121", "NAME": "Denton", "NAMELSAD": "Denton County" }, "geometry": { "type": "Polygon", "coordinates": [ [ [ -97.391606, 33.218935 ], [ -97.390828, 33.245787 ], [ -97.383095, 33.43045 ], [ -97.220092, 33.425122 ], [ -96.94386, 33.41641 ], [ -96.85369, 33.413613 ], [ -96.83411, 33.405498 ], [ -96.838803, 33.219386 ], [ -96.840428, 33.15252 ], [ -96.843776, 33.011336 ], [ -96.844122, 32.987435 ], [ -96.909997, 32.988346 ], [ -96.939882, 32.988822 ], [ -97.031007, 32.989691 ], [ -97.299329, 32.991282 ], [ -97.327762, 32.991418 ], [ -97.398459, 32.991732 ], [ -97.391606, 33.218935 ] ] ] } },
{ "type": "Feature", "properties": { "STATEFP": "22", "COUNTYFP": "057", "NAME": "Lafourche", "NAMELSAD": "Lafourche Parish" }, "geometry": { "type": "Polygon", "coordinates": [ [ [ -90.981838, 29.744875 ], [ -90.925046, 29.830377 ], [ -90.885266, 29.877565 ], [ -90.885749, 29.905348 ], [ -90.7787, 29.922007 ], [ -90.656312, 29.889246 ], [ -90.629134, 29.89523 ], [ -90.529601, 29.884997 ], [ -90.479904, 29.847377 ], [ -90.476306, 29.824875 ], [ -90.371978, 29.759239 ], [ -90.352104, 29.695512 ], [ -90.228157, 29.692028 ], [ -90.155807, 29.67753 ], [ -90.151725, 29.587871 ], [ -90.186172, 29.563341 ], [ -90.137504, 29.477163 ], [ -90.020622, 29.428461 ], [ -90.030189, 29.332071 ], [ -89.998954, 29.298339 ], [ -90.089835448194194, 29.1644753566211 ], [ -90.122753, 29.144286 ], [ -90.223587, 29.085075 ], [ -90.334935, 29.063803 ], [ -90.409617249907399, 29.058433864509102 ], [ -90.40958, 29.23961 ], [ -90.384285, 29.365755 ], [ -90.621164, 29.59919 ], [ -90.707832, 29.66538 ], [ -90.73921, 29.675389 ], [ -90.807693, 29.77552 ], [ -90.880194, 29.716809 ], [ -91.00689, 29.715093 ], [ -90.981838, 29.744875 ] ] ] } },
{ "type": "Feature", "properties": { "STATEFP": "22", "COUNTYFP": "091", "NAME": "St. Helena", "NAMELSAD": "St. Helena Parish" }, "geometry": { "type": "Polygon", "coordinates": [ [ [ -90.850499, 30.700267 ], [ -90.848768, 30.719458 ], [ -90.834735, 30.813177 ], [ -90.862696, 30.944246 ], [ -90.825829141291905, 30.999525355340602 ], [ -90.758775, 30.999583 ], [ -90.567195400658505, 30.999945024399899 ], [ -90.567126, 30.650015 ], [ -90.910701, 30.649385 ], [ -90.850499, 30.700267 ] ] ] } },
{ "type": "Feature", "properties": { "STATEFP": "22", "COUNTYFP": "105", "NAME": "Tangipahoa", "NAMELSAD": "Tangipahoa Parish" }, "geometry": { "type": "Polygon", "coordinates": [ [ [ -90.567195400658505, 30.999945024399899 ], [ -90.547574425233094, 30.999982101791598 ], [ -90.347304621452395, 31.000360547908901 ], [ -90.346806, 30.905628 ], [ -90.317005, 30.89116 ], [ -90.255749, 30.712444 ], [ -90.24341, 30.644693 ], [ -90.248694, 30.616078 ], [ -90.243649, 30.361581 ], [ -90.160636, 30.234337 ], [ -90.320464, 30.298985 ], [ -90.485826, 30.276992 ], [ -90.474488, 30.348566 ], [ -90.546882, 30.431609 ], [ -90.566906, 30.48706 ], [ -90.567126, 30.650015 ], [ -90.567195400658505, 30.999945024399899 ] ] ] } },
{ "type": "Feature", "properties": { "STATEFP": "48", "COUNTYFP": "005", "NAME": "Angelina", "NAMELSAD": "Angelina County" }, "geometry": { "type": "Polygon", "coordinates": [ [ [ -95.003345, 31.42571 ], [ -94.865857, 31.526916 ], [ -94.82287, 31.483978 ], [ -94.545121, 31.431855 ], [ -94.53136, 31.39854 ], [ -94.495874, 31.405728 ], [ -94.449422, 31.321337 ], [ -94.396017, 31.302356 ], [ -94.326616, 31.224754 ], [ -94.218997, 31.173265 ], [ -94.129632, 31.09928 ], [ -94.457816, 31.033325 ], [ -94.526629, 31.055722 ], [ -94.561943, 31.058952 ], [ -94.751577, 31.105556 ], [ -94.842947, 31.146578 ], [ -94.860501, 31.234955 ], [ -94.95811, 31.38693 ], [ -94.976718, 31.409145 ], [ -95.003345, 31.42571 ] ] ] } },
{ "type": "Feature", "properties": { "STATEFP": "48", "COUNTYFP": "113", "NAME": "Dallas", "NAMELSAD": "Dallas County" }, "geometry": { "type": "Polygon", "coordinates": [ [ [ -97.036295, 32.693227 ], [ -97.035996, 32.711097 ], [ -97.035522, 32.739451 ], [ -97.035171, 32.759693 ], [ -97.034934, 32.779929 ], [ -97.034233, 32.816662 ], [ -97.033862, 32.836508 ], [ -97.031007, 32.989691 ], [ -96.939882, 32.988822 ], [ -96.909997, 32.988346 ], [ -96.844122, 32.987435 ], [ -96.756464, 32.986298 ], [ -96.640872, 32.984699 ], [ -96.613367, 32.984309 ], [ -96.517011, 32.982862 ], [ -96.51897, 32.813616 ], [ -96.522914, 32.564528 ], [ -96.529412, 32.545277 ], [ -97.038685, 32.548666 ], [ -97.036295, 32.693227 ] ] ] } },
{ "type": "Feature", "properties": { "STATEFP": "48", "COUNTYFP": "019", "NAME": "Bandera", "NAMELSAD": "Bandera County" }, "geometry": { "type": "Polygon", "coordinates": [ [ [ -99.602776, 29.907679 ], [ -99.176988, 29.895063 ], [ -98.917725, 29.781398 ], [ -98.778782, 29.720167 ], [ -98.806552, 29.690709 ], [ -98.927161, 29.56225 ], [ -98.971383, 29.551842 ], [ -98.983787, 29.62345 ], [ -99.411817, 29.627514 ], [ -99.60313, 29.627181 ], [ -99.602776, 29.907679 ] ] ] } },
{ "type": "Feature", "properties": { "STATEFP": "48", "COUNTYFP": "167", "NAME": "Galveston", "NAMELSAD": "Galveston County" }, "geometry": { "type": "Polygon", "coordinates": [ [ [ -95.216349, 29.555766 ], [ -95.16161, 29.497297 ], [ -95.079374, 29.543559 ], [ -95.080894, 29.545717 ], [ -95.080729, 29.546223 ], [ -95.079091, 29.547068 ], [ -95.076485, 29.5478 ], [ -95.074306, 29.548186 ], [ -95.018205, 29.554597 ], [ -94.909845, 29.496441 ], [ -94.791611, 29.550416 ], [ -94.762569, 29.524162 ], [ -94.545908, 29.572503 ], [ -94.485679513554103, 29.511218133647301 ], [ -94.500807, 29.505367 ], [ -94.594853, 29.467903 ], [ -94.670389, 29.43078 ], [ -94.731047, 29.369141 ], [ -94.72253, 29.331446 ], [ -94.803695, 29.279237 ], [ -95.026219, 29.148064 ], [ -95.115050505598305, 29.0755520224787 ], [ -95.056139, 29.199279 ], [ -95.19219, 29.404367 ], [ -95.233081, 29.465566 ], [ -95.216349, 29.555766 ] ] ] } },
{ "type": "Feature", "properties": { "STATEFP": "48", "COUNTYFP": "323", "NAME": "Maverick", "NAMELSAD": "Maverick County" }, "geometry": { "type": "Polygon", "coordinates": [ [ [ -100.671215189194001, 29.083516025344501 ], [ -100.111406, 29.086318 ], [ -100.114336, 28.648122 ], [ -100.113719, 28.197819 ], [ -100.197510055500999, 28.197000731139902 ], [ -100.267604, 28.250269 ], [ -100.287554, 28.301093 ], [ -100.320393, 28.362117 ], [ -100.337059, 28.427151 ], [ -100.368288, 28.477196 ], [ -100.38886, 28.515748 ], [ -100.39727, 28.575637 ], [ -100.448648, 28.616774 ], [ -100.500354, 28.66196 ], [ -100.506701, 28.716745 ], [ -100.533017, 28.76328 ], [ -100.53583, 28.805888 ], [ -100.576846, 28.836168 ], [ -100.627206, 28.903734 ], [ -100.646993, 28.957079 ], [ -100.660208, 29.031497 ], [ -100.671215189194001, 29.083516025344501 ] ] ] } },
{ "type": "Feature", "properties": { "STATEFP": "22", "COUNTYFP": "109", "NAME": "Terrebonne", "NAMELSAD": "Terrebonne Parish" }, "geometry": { "type": "Polygon", "coordinates": [ [ [ -91.334885, 29.298775 ], [ -91.276647, 29.329825 ], [ -91.265452, 29.360976 ], [ -91.266322670719205, 29.361363733346 ], [ -91.219846, 29.398014 ], [ -91.273662, 29.479433 ], [ -91.221118, 29.580945 ], [ -91.183695, 29.608005 ], [ -91.082611, 29.626814 ], [ -91.00689, 29.715093 ], [ -90.880194, 29.716809 ], [ -90.807693, 29.77552 ], [ -90.73921, 29.675389 ], [ -90.707832, 29.66538 ], [ -90.621164, 29.59919 ], [ -90.384285, 29.365755 ], [ -90.40958, 29.23961 ], [ -90.409617249907399, 29.058433864509102 ], [ -90.442734, 29.056053 ], [ -90.488117, 29.05876 ], [ -90.652116, 29.057721 ], [ -90.748377, 29.04006 ], [ -90.81255, 29.042138 ], [ -90.867853, 29.056064 ], [ -90.877583, 29.104891 ], [ -90.941877, 29.162373 ], [ -90.964221233586699, 29.165101023709301 ], [ -91.000096, 29.169481 ], [ -91.094015, 29.187711 ], [ -91.158148, 29.2181 ], [ -91.278792, 29.247776 ], [ -91.334885, 29.298775 ] ] ] } },
{ "type": "Feature", "properties": { "STATEFP": "22", "COUNTYFP": "049", "NAME": "Jackson", "NAMELSAD": "Jackson Parish" }, "geometry": { "type": "Polygon", "coordinates": [ [ [ -92.773183, 32.236173 ], [ -92.776982, 32.453611 ], [ -92.621681, 32.453068 ], [ -92.622402, 32.496408 ], [ -92.415515, 32.495609 ], [ -92.415577, 32.408029 ], [ -92.311957, 32.320966 ], [ -92.312163, 32.277348 ], [ -92.311937, 32.146036 ], [ -92.815344, 32.147413 ], [ -92.773183, 32.236173 ] ] ] } },
{ "type": "Feature", "properties": { "STATEFP": "48", "COUNTYFP": "161", "NAME": "Freestone", "NAMELSAD": "Freestone County" }, "geometry": { "type": "Polygon", "coordinates": [ [ [ -96.496713, 31.796191 ], [ -96.05478, 32.012526 ], [ -96.052786, 32.005895 ], [ -96.062172, 31.95634 ], [ -96.022491, 31.957549 ], [ -95.980568, 31.784561 ], [ -95.875937, 31.755503 ], [ -95.861262, 31.687451 ], [ -95.779743, 31.683938 ], [ -95.789679, 31.648776 ], [ -95.7873, 31.618385 ], [ -96.236629, 31.413392 ], [ -96.478349, 31.769537 ], [ -96.496713, 31.796191 ] ] ] } },
{ "type": "Feature", "properties": { "STATEFP": "48", "COUNTYFP": "001", "NAME": "Anderson", "NAMELSAD": "Anderson County" }, "geometry": { "type": "Polygon", "coordinates": [ [ [ -96.052786, 32.005895 ], [ -95.428512, 32.084475 ], [ -95.446449, 31.998517 ], [ -95.423832, 31.932009 ], [ -95.446747, 31.843116 ], [ -95.412908, 31.835157 ], [ -95.396531, 31.765266 ], [ -95.275849, 31.657229 ], [ -95.258859, 31.609959 ], [ -95.273203, 31.592886 ], [ -95.651764, 31.541791 ], [ -95.739279, 31.504056 ], [ -95.710112, 31.615587 ], [ -95.736026, 31.653956 ], [ -95.7873, 31.618385 ], [ -95.789679, 31.648776 ], [ -95.779743, 31.683938 ], [ -95.861262, 31.687451 ], [ -95.875937, 31.755503 ], [ -95.980568, 31.784561 ], [ -96.022491, 31.957549 ], [ -96.062172, 31.95634 ], [ -96.052786, 32.005895 ] ] ] } },
{ "type": "Feature", "properties": { "STATEFP": "48", "COUNTYFP": "383", "NAME": "Reagan", "NAMELSAD": "Reagan County" }, "geometry": { "type": "Polygon", "coordinates": [ [ [ -101.775802, 31.651319 ], [ -101.267122, 31.650854 ], [ -101.26763, 31.556462 ], [ -101.267947, 31.528688 ], [ -101.274799, 31.079379 ], [ -101.776191, 31.079784 ], [ -101.775802, 31.651319 ] ] ] } },
{ "type": "Feature", "properties": { "STATEFP": "48", "COUNTYFP": "465", "NAME": "Val Verde", "NAMELSAD": "Val Verde County" }, "geometry": { "type": "Polygon", "coordinates": [ [ [ -101.7584, 30.288044 ], [ -100.960643, 30.287776 ], [ -100.700393, 30.288276 ], [ -100.699932, 29.623897 ], [ -100.699141, 29.419747 ], [ -100.757822, 29.238325 ], [ -100.801867546029001, 29.232831568098 ], [ -100.848664, 29.271421 ], [ -100.886842, 29.307848 ], [ -100.995607, 29.363403 ], [ -101.060151, 29.458661 ], [ -101.137503, 29.473542 ], [ -101.19272, 29.520285 ], [ -101.254895, 29.520342 ], [ -101.305533, 29.577925 ], [ -101.307332, 29.640716 ], [ -101.367198, 29.664041 ], [ -101.400636, 29.738079 ], [ -101.453499, 29.759671 ], [ -101.503223, 29.764582 ], [ -101.561569, 29.794658 ], [ -101.654578, 29.765163 ], [ -101.714224, 29.76766 ], [ -101.761619209528007, 29.778860096722202 ], [ -101.7584, 30.288044 ] ] ] } },
{ "type": "Feature", "properties": { "STATEFP": "48", "COUNTYFP": "241", "NAME": "Jasper", "NAMELSAD": "Jasper County" }, "geometry": { "type": "Polygon", "coordinates": [ [ [ -94.457816, 31.033325 ], [ -94.129632, 31.09928 ], [ -94.045112, 31.116988 ], [ -94.039034, 31.134271 ], [ -93.911126, 31.158071 ], [ -93.865711, 30.947218 ], [ -93.901452, 30.242672 ], [ -94.117604, 30.241665 ], [ -94.083386, 30.342181 ], [ -94.119394, 30.426298 ], [ -94.071689, 30.526033 ], [ -94.094812, 30.575543 ], [ -94.05096, 30.638568 ], [ -94.089369, 30.686978 ], [ -94.125824, 30.684052 ], [ -94.150119, 30.790203 ], [ -94.179343, 30.794974 ], [ -94.215213, 30.9004 ], [ -94.200441, 30.929256 ], [ -94.244888, 30.968174 ], [ -94.238424, 31.013705 ], [ -94.353782, 31.039371 ], [ -94.45327, 31.006237 ], [ -94.457816, 31.033325 ] ] ] } },
{ "type": "Feature", "properties": { "STATEFP": "22", "COUNTYFP": "043", "NAME": "Grant", "NAMELSAD": "Grant Parish" }, "geometry": { "type": "Polygon", "coordinates": [ [ [ -92.973529, 31.708922 ], [ -92.667721, 31.709398 ], [ -92.62086, 31.709618 ], [ -92.619309, 31.797288 ], [ -92.362608, 31.796633 ], [ -92.35127, 31.624551 ], [ -92.275088, 31.536087 ], [ -92.277615, 31.496236 ], [ -92.196131, 31.477877 ], [ -92.614643, 31.394278 ], [ -92.635945, 31.393278 ], [ -92.694512, 31.400966 ], [ -92.718899, 31.517476 ], [ -92.806206, 31.598548 ], [ -92.908313, 31.625169 ], [ -92.964615, 31.680721 ], [ -92.973529, 31.708922 ] ] ] } },
{ "type": "Feature", "properties": { "STATEFP": "48", "COUNTYFP": "237", "NAME": "Jack", "NAMELSAD": "Jack County" }, "geometry": { "type": "Polygon", "coordinates": [ [ [ -98.420666, 33.396195 ], [ -98.421419, 33.466797 ], [ -97.978919, 33.467129 ], [ -97.978967, 33.433748 ], [ -97.918189, 33.433873 ], [ -97.920371, 33.099328 ], [ -97.921642, 33.001284 ], [ -98.056094, 33.003332 ], [ -98.426553, 33.007913 ], [ -98.420666, 33.396195 ] ] ] } },
{ "type": "Feature", "properties": { "STATEFP": "48", "COUNTYFP": "039", "NAME": "Brazoria", "NAMELSAD": "Brazoria County" }, "geometry": { "type": "Polygon", "coordinates": [ [ [ -95.847656, 29.26259 ], [ -95.752866, 29.324503 ], [ -95.625863, 29.293349 ], [ -95.590793, 29.327485 ], [ -95.547577, 29.395197 ], [ -95.550622, 29.438306 ], [ -95.462602, 29.439238 ], [ -95.4463, 29.499637 ], [ -95.424286, 29.580312 ], [ -95.386044, 29.585556 ], [ -95.331146, 29.599108 ], [ -95.297411, 29.596522 ], [ -95.260292, 29.589883 ], [ -95.253856, 29.553778 ], [ -95.216349, 29.555766 ], [ -95.233081, 29.465566 ], [ -95.19219, 29.404367 ], [ -95.056139, 29.199279 ], [ -95.115050505598305, 29.0755520224787 ], [ -95.125134, 29.067321 ], [ -95.191391, 29.02309 ], [ -95.297147, 28.934073 ], [ -95.38239, 28.866348 ], [ -95.439594, 28.859022 ], [ -95.507037396916999, 28.824735512192099 ], [ -95.567708, 28.829758 ], [ -95.67955, 28.965734 ], [ -95.769393, 28.971109 ], [ -95.770446, 29.06621 ], [ -95.84631, 29.107799 ], [ -95.874028, 29.229702 ], [ -95.847656, 29.26259 ] ] ] } },
{ "type": "Feature", "properties": { "STATEFP": "48", "COUNTYFP": "377", "NAME": "Presidio", "NAMELSAD": "Presidio County" }, "geometry": { "type": "Polygon", "coordinates": [ [ [ -104.980753891324994, 30.628812018788299 ], [ -103.90101, 30.41219 ], [ -103.80068, 30.412527 ], [ -103.792793, 29.500188 ], [ -103.793873010934007, 29.2592383933486 ], [ -103.856893, 29.281852 ], [ -103.975235, 29.296017 ], [ -104.055596, 29.33091 ], [ -104.143692, 29.383278 ], [ -104.181273, 29.426265 ], [ -104.229081, 29.48105 ], [ -104.308813, 29.524337 ], [ -104.371175, 29.543063 ], [ -104.452301, 29.60366 ], [ -104.539761, 29.676074 ], [ -104.565688, 29.770462 ], [ -104.619039, 29.844445 ], [ -104.672327, 29.911112 ], [ -104.685479, 29.989943 ], [ -104.703998, 30.02421 ], [ -104.692094, 30.107304 ], [ -104.702788, 30.211736 ], [ -104.740448, 30.259454 ], [ -104.761634, 30.301148 ], [ -104.824314, 30.370466 ], [ -104.859521, 30.390413 ], [ -104.869872, 30.458645 ], [ -104.889376, 30.535144 ], [ -104.924796, 30.604832 ], [ -104.972071, 30.61026 ], [ -104.980753891324994, 30.628812018788299 ] ] ] } },
{ "type": "Feature", "properties": { "STATEFP": "22", "COUNTYFP": "115", "NAME": "Vernon", "NAMELSAD": "Vernon Parish" }, "geometry": { "type": "Polygon", "coordinates": [ [ [ -93.530936, 30.924534 ], [ -93.549841, 30.967118 ], [ -93.539526, 31.008498 ], [ -93.531219, 31.051678 ], [ -93.540278, 31.128868 ], [ -93.535097, 31.185614 ], [ -93.552497307502307, 31.1848200234468 ], [ -93.535414, 31.276402 ], [ -93.442554, 31.276716 ], [ -93.390495, 31.364147 ], [ -93.236643, 31.364491 ], [ -92.992013, 31.36043 ], [ -92.98146, 31.346864 ], [ -92.964258, 31.332388 ], [ -92.879715, 31.317439 ], [ -92.829525, 31.252055 ], [ -92.82387, 30.892071 ], [ -92.838273, 30.877184 ], [ -92.978673, 30.878136 ], [ -93.426486, 30.882698 ], [ -93.478425, 30.859362 ], [ -93.554575854345501, 30.8774695018611 ], [ -93.530936, 30.924534 ] ] ] } },
{ "type": "Feature", "properties": { "STATEFP": "48", "COUNTYFP": "015", "NAME": "Austin", "NAMELSAD": "Austin County" }, "geometry": { "type": "Polygon", "coordinates": [ [ [ -96.62198, 30.044283 ], [ -96.292849, 30.09615 ], [ -96.159442, 30.053832 ], [ -96.146052, 30.070224 ], [ -96.084541, 30.005137 ], [ -96.122754, 29.968545 ], [ -96.121405, 29.836652 ], [ -96.049234, 29.803187 ], [ -96.032711, 29.727944 ], [ -96.02485, 29.602877 ], [ -96.088912, 29.601658 ], [ -96.10965, 29.622524 ], [ -96.175422, 29.633806 ], [ -96.259226, 29.668912 ], [ -96.343247, 29.829697 ], [ -96.413283, 29.824985 ], [ -96.535705, 29.907326 ], [ -96.569844, 29.961516 ], [ -96.62198, 30.044283 ] ] ] } },
{ "type": "Feature", "properties": { "STATEFP": "22", "COUNTYFP": "045", "NAME": "Iberia", "NAMELSAD": "Iberia Parish" }, "geometry": { "type": "Polygon", "coordinates": [ [ [ -92.042894303827396, 29.577480288972001 ], [ -92.000124, 29.613373 ], [ -91.971957, 29.832297 ], [ -91.993895, 29.975033 ], [ -91.967868, 30.038178 ], [ -91.951159, 30.07278 ], [ -91.818243, 30.043925 ], [ -91.729927, 30.122484 ], [ -91.658886, 30.108226 ], [ -91.600217, 30.033036 ], [ -91.368835, 30.058824 ], [ -91.231842, 30.040385 ], [ -91.22423, 30.02556 ], [ -91.255229, 29.971457 ], [ -91.471953, 29.956304 ], [ -91.624347, 29.94546 ], [ -91.711283, 29.846131 ], [ -91.935286, 29.671939 ], [ -91.862556996522599, 29.667395463759899 ], [ -91.873266, 29.627277 ], [ -91.80373, 29.595952 ], [ -91.711081, 29.569328 ], [ -91.768263, 29.490362 ], [ -91.821579, 29.473925 ], [ -91.915321, 29.518513 ], [ -92.030186, 29.572669 ], [ -92.042894303827396, 29.577480288972001 ] ] ] } },
{ "type": "Feature", "properties": { "STATEFP": "22", "COUNTYFP": "075", "NAME": "Plaquemines", "NAMELSAD": "Plaquemines Parish" }, "geometry": { "type": "Polygon", "coordinates": [ [ [ -90.06861, 29.82883 ], [ -90.008056, 29.895528 ], [ -89.958854, 29.902595 ], [ -89.910708, 29.867865 ], [ -89.86972, 29.795451 ], [ -89.721045, 29.757652 ], [ -89.628181, 29.680682 ], [ -89.5186, 29.649117 ], [ -89.500966753133696, 29.633455425058798 ], [ -89.504738, 29.631508 ], [ -89.535202, 29.648567 ], [ -89.602109, 29.610295 ], [ -89.564615, 29.543786 ], [ -89.569607, 29.494044 ], [ -89.53215, 29.434567 ], [ -89.482318, 29.406222 ], [ -89.380001, 29.391785 ], [ -89.312085, 29.388038 ], [ -89.257852, 29.336872 ], [ -89.200389, 29.344418 ], [ -89.134337, 29.27934 ], [ -89.116653, 29.219532 ], [ -89.025974, 29.215153 ], [ -89.01428, 29.166913 ], [ -89.066617, 29.090714 ], [ -89.11653, 29.074097 ], [ -89.148792, 29.02967 ], [ -89.142866, 28.991623 ], [ -89.218673, 29.022515 ], [ -89.259354, 29.058358 ], [ -89.322011, 29.010251 ], [ -89.400966, 28.933812 ], [ -89.40353, 29.016964 ], [ -89.361098, 29.071848 ], [ -89.390515, 29.123576 ], [ -89.432932, 29.149023 ], [ -89.482844, 29.215053 ], [ -89.564551, 29.242527 ], [ -89.606651, 29.252023 ], [ -89.639663, 29.290531 ], [ -89.726162, 29.304026 ], [ -89.842641, 29.318823 ], [ -89.883463, 29.307103 ], [ -89.902706324024294, 29.293036606495999 ], [ -89.97747, 29.449371 ], [ -89.984533, 29.617396 ], [ -90.075683, 29.77185 ], [ -90.06861, 29.82883 ] ] ] } },
{ "type": "Feature", "properties": { "STATEFP": "48", "COUNTYFP": "455", "NAME": "Trinity", "NAMELSAD": "Trinity County" }, "geometry": { "type": "Polygon", "coordinates": [ [ [ -95.434781, 31.058098 ], [ -94.95811, 31.38693 ], [ -94.860501, 31.234955 ], [ -94.842947, 31.146578 ], [ -94.939127, 31.042048 ], [ -95.20018, 30.824566 ], [ -95.252385, 30.906719 ], [ -95.32748, 30.859547 ], [ -95.396697, 30.857706 ], [ -95.434335, 30.937405 ], [ -95.434781, 31.058098 ] ] ] } },
{ "type": "Feature", "properties": { "STATEFP": "22", "COUNTYFP": "073", "NAME": "Ouachita", "NAMELSAD": "Ouachita Parish" }, "geometry": { "type": "Polygon", "coordinates": [ [ [ -92.415515, 32.495609 ], [ -92.415228, 32.582854 ], [ -92.223849, 32.590366 ], [ -92.065179, 32.723003 ], [ -91.975026, 32.711428 ], [ -91.911168, 32.661139 ], [ -91.943419, 32.587119 ], [ -91.913057, 32.505902 ], [ -91.994208, 32.401094 ], [ -92.034473, 32.277237 ], [ -92.106327, 32.25873 ], [ -92.312163, 32.277348 ], [ -92.311957, 32.320966 ], [ -92.415577, 32.408029 ], [ -92.415515, 32.495609 ] ] ] } },
{ "type": "Feature", "properties": { "STATEFP": "22", "COUNTYFP": "001", "NAME": "Acadia", "NAMELSAD": "Acadia Parish" }, "geometry": { "type": "Polygon", "coordinates": [ [ [ -92.632025, 30.481182 ], [ -92.493259, 30.480499 ], [ -92.244795, 30.480193 ], [ -92.176444, 30.436852 ], [ -92.142184, 30.298817 ], [ -92.2479, 30.211039 ], [ -92.284675, 30.147443 ], [ -92.423166, 30.04932 ], [ -92.534638, 30.107852 ], [ -92.53883, 30.107189 ], [ -92.53912, 30.10524 ], [ -92.543392, 30.106983 ], [ -92.542126, 30.108542 ], [ -92.545553, 30.110261 ], [ -92.547926, 30.108909 ], [ -92.553884, 30.111019 ], [ -92.55391, 30.115603 ], [ -92.557126, 30.115993 ], [ -92.559684, 30.1115 ], [ -92.563981, 30.11244 ], [ -92.566301, 30.109667 ], [ -92.568121, 30.111111 ], [ -92.569861, 30.107993 ], [ -92.567752, 30.104669 ], [ -92.570994, 30.102377 ], [ -92.573578, 30.103019 ], [ -92.575713, 30.100888 ], [ -92.578876, 30.101506 ], [ -92.57877, 30.099489 ], [ -92.581775, 30.097426 ], [ -92.586336, 30.09754 ], [ -92.587311, 30.096118 ], [ -92.591265, 30.099395 ], [ -92.593585, 30.098043 ], [ -92.595985, 30.099463 ], [ -92.599016, 30.09717 ], [ -92.604815, 30.098338 ], [ -92.606158, 30.095059 ], [ -92.610877, 30.094484 ], [ -92.610032, 30.091367 ], [ -92.613617, 30.092306 ], [ -92.615328, 30.088821 ], [ -92.61865, 30.088865 ], [ -92.618625, 30.09306 ], [ -92.624476, 30.089711 ], [ -92.625484, 30.09233 ], [ -92.591129, 30.182365 ], [ -92.630975, 30.374585 ], [ -92.594586, 30.420339 ], [ -92.632025, 30.481182 ] ] ] } },
{ "type": "Feature", "properties": { "STATEFP": "48", "COUNTYFP": "029", "NAME": "Bexar", "NAMELSAD": "Bexar County" }, "geometry": { "type": "Polygon", "coordinates": [ [ [ -98.806552, 29.690709 ], [ -98.778782, 29.720167 ], [ -98.652552, 29.749865 ], [ -98.646124, 29.745181 ], [ -98.550489, 29.760713 ], [ -98.443469, 29.734453 ], [ -98.443852, 29.71965 ], [ -98.352589, 29.734365 ], [ -98.378068, 29.662613 ], [ -98.313494, 29.602279 ], [ -98.310928, 29.594473 ], [ -98.304121, 29.584736 ], [ -98.122555, 29.47797 ], [ -98.122547, 29.446028 ], [ -98.134171, 29.441751 ], [ -98.407336, 29.114435 ], [ -98.484041, 29.140744 ], [ -98.804763, 29.250693 ], [ -98.806552, 29.690709 ] ] ] } },
{ "type": "Feature", "properties": { "STATEFP": "48", "COUNTYFP": "363", "NAME": "Palo Pinto", "NAMELSAD": "Palo Pinto County" }, "geometry": { "type": "Polygon", "coordinates": [ [ [ -98.575616, 32.954349 ], [ -98.427211, 32.9523 ], [ -98.426553, 33.007913 ], [ -98.056094, 33.003332 ], [ -98.064369, 32.637236 ], [ -98.066836, 32.558822 ], [ -98.068545, 32.511626 ], [ -98.475177, 32.513039 ], [ -98.576256, 32.515163 ], [ -98.575616, 32.954349 ] ] ] } },
{ "type": "Feature", "properties": { "STATEFP": "48", "COUNTYFP": "201", "NAME": "Harris", "NAMELSAD": "Harris County" }, "geometry": { "type": "Polygon", "coordinates": [ [ [ -95.844741, 30.088914 ], [ -95.80333, 30.090096 ], [ -95.755185, 30.092148 ], [ -95.623218, 30.135646 ], [ -95.596757, 30.13446 ], [ -95.57463, 30.151783 ], [ -95.54214, 30.170473 ], [ -95.499839, 30.142475 ], [ -95.491123, 30.110368 ], [ -95.424216, 30.115491 ], [ -95.292997, 30.027905 ], [ -95.096708, 30.167214 ], [ -95.030936, 29.993699 ], [ -94.985911, 29.973012 ], [ -94.998656, 29.919771 ], [ -94.98146, 29.884276 ], [ -94.908663, 29.82607 ], [ -94.913813, 29.7663 ], [ -95.015039, 29.63195 ], [ -95.018205, 29.554597 ], [ -95.074306, 29.548186 ], [ -95.076485, 29.5478 ], [ -95.079091, 29.547068 ], [ -95.080729, 29.546223 ], [ -95.080894, 29.545717 ], [ -95.079374, 29.543559 ], [ -95.16161, 29.497297 ], [ -95.216349, 29.555766 ], [ -95.253856, 29.553778 ], [ -95.260292, 29.589883 ], [ -95.297411, 29.596522 ], [ -95.331146, 29.599108 ], [ -95.386044, 29.585556 ], [ -95.424286, 29.580312 ], [ -95.571363, 29.648725 ], [ -95.597057, 29.660601 ], [ -95.623178, 29.674298 ], [ -95.687082, 29.710078 ], [ -95.688349, 29.710862 ], [ -95.730396, 29.734296 ], [ -95.825975, 29.788616 ], [ -95.830196, 29.800418 ], [ -95.960733, 30.163415 ], [ -95.844741, 30.088914 ] ] ] } },
{ "type": "Feature", "properties": { "STATEFP": "22", "COUNTYFP": "025", "NAME": "Catahoula", "NAMELSAD": "Catahoula Parish" }, "geometry": { "type": "Polygon", "coordinates": [ [ [ -92.005624, 31.927383 ], [ -91.903565, 31.927457 ], [ -91.889823, 31.97169 ], [ -91.804869, 31.893193 ], [ -91.729158, 31.88251 ], [ -91.647529, 31.970525 ], [ -91.596437, 31.970401 ], [ -91.575346, 31.883266 ], [ -91.577653, 31.795857 ], [ -91.544791, 31.751731 ], [ -91.601622, 31.761864 ], [ -91.635822, 31.729119 ], [ -91.694469, 31.735286 ], [ -91.705948, 31.642863 ], [ -91.737189, 31.614088 ], [ -91.775836, 31.648626 ], [ -91.826926, 31.591671 ], [ -91.779725, 31.530973 ], [ -91.798754, 31.473354 ], [ -91.738032, 31.46741 ], [ -91.738331, 31.431572 ], [ -91.807098, 31.438794 ], [ -91.857083, 31.494527 ], [ -91.855889, 31.423831 ], [ -91.776779, 31.385215 ], [ -91.845019, 31.375916 ], [ -91.862168, 31.302314 ], [ -91.83428, 31.266344 ], [ -91.926854, 31.29483 ], [ -91.990596, 31.22521 ], [ -92.008033, 31.325809 ], [ -92.005624, 31.927383 ] ] ] } },
{ "type": "Feature", "properties": { "STATEFP": "22", "COUNTYFP": "103", "NAME": "St. Tammany", "NAMELSAD": "St. Tammany Parish" }, "geometry": { "type": "Polygon", "coordinates": [ [ [ -90.255749, 30.712444 ], [ -89.99459, 30.665307 ], [ -89.826180359115199, 30.6688232701852 ], [ -89.821868, 30.644024 ], [ -89.791664, 30.551524 ], [ -89.712493, 30.47751 ], [ -89.699932082840803, 30.454036880785999 ], [ -89.678514, 30.414012 ], [ -89.634208, 30.308256 ], [ -89.607655, 30.217096 ], [ -89.524504, 30.180753 ], [ -89.605088456554597, 30.1428141575593 ], [ -89.625054, 30.153493 ], [ -89.685287, 30.175346 ], [ -89.797414, 30.160757 ], [ -89.903234, 30.19866 ], [ -90.040277, 30.155114 ], [ -90.108119, 30.16494 ], [ -90.156256, 30.189613 ], [ -90.160636, 30.234337 ], [ -90.243649, 30.361581 ], [ -90.248694, 30.616078 ], [ -90.24341, 30.644693 ], [ -90.255749, 30.712444 ] ] ] } },
{ "type": "Feature", "properties": { "STATEFP": "48", "COUNTYFP": "077", "NAME": "Clay", "NAMELSAD": "Clay County" }, "geometry": { "type": "Polygon", "coordinates": [ [ [ -98.423533, 34.081949476005903 ], [ -98.414426, 34.085074 ], [ -98.398441, 34.128456 ], [ -98.364023, 34.157109 ], [ -98.31875, 34.146421 ], [ -98.225282, 34.127245 ], [ -98.16912, 34.114171 ], [ -98.138486025746403, 34.141206019711099 ], [ -98.123377, 34.15454 ], [ -98.099328, 34.104295 ], [ -98.099096, 34.048639 ], [ -98.082839, 34.002412 ], [ -98.005667, 33.995964 ], [ -97.947572, 33.991053 ], [ -97.953695, 33.924373 ], [ -97.951905950855206, 33.8912258148573 ], [ -97.977869, 33.888738 ], [ -97.978919, 33.467129 ], [ -98.421419, 33.466797 ], [ -98.423577, 33.836047 ], [ -98.423533, 34.081949476005903 ] ] ] } },
{ "type": "Feature", "properties": { "STATEFP": "48", "COUNTYFP": "305", "NAME": "Lynn", "NAMELSAD": "Lynn County" }, "geometry": { "type": "Polygon", "coordinates": [ [ [ -102.075929, 33.389586 ], [ -101.556884, 33.39476 ], [ -101.557434, 32.961025 ], [ -101.691284, 32.961838 ], [ -102.076214, 32.959702 ], [ -102.075929, 33.389586 ] ] ] } },
{ "type": "Feature", "properties": { "STATEFP": "48", "COUNTYFP": "457", "NAME": "Tyler", "NAMELSAD": "Tyler County" }, "geometry": { "type": "Polygon", "coordinates": [ [ [ -94.561943, 31.058952 ], [ -94.526629, 31.055722 ], [ -94.457816, 31.033325 ], [ -94.45327, 31.006237 ], [ -94.353782, 31.039371 ], [ -94.238424, 31.013705 ], [ -94.244888, 30.968174 ], [ -94.200441, 30.929256 ], [ -94.215213, 30.9004 ], [ -94.179343, 30.794974 ], [ -94.150119, 30.790203 ], [ -94.125824, 30.684052 ], [ -94.089369, 30.686978 ], [ -94.05096, 30.638568 ], [ -94.094812, 30.575543 ], [ -94.071689, 30.526033 ], [ -94.545717, 30.526977 ], [ -94.657992, 31.012007 ], [ -94.561943, 31.058952 ] ] ] } },
{ "type": "Feature", "properties": { "STATEFP": "48", "COUNTYFP": "405", "NAME": "San Augustine", "NAMELSAD": "San Augustine County" }, "geometry": { "type": "Polygon", "coordinates": [ [ [ -94.399091, 31.653596 ], [ -94.090717, 31.620609 ], [ -93.984461, 31.569419 ], [ -93.983239, 31.466114 ], [ -94.044154, 31.409979 ], [ -94.039034, 31.134271 ], [ -94.045112, 31.116988 ], [ -94.129632, 31.09928 ], [ -94.218997, 31.173265 ], [ -94.326616, 31.224754 ], [ -94.324461, 31.230165 ], [ -94.339773, 31.24082 ], [ -94.33119, 31.362966 ], [ -94.300622, 31.526458 ], [ -94.311042, 31.589252 ], [ -94.399091, 31.653596 ] ] ] } },
{ "type": "Feature", "properties": { "STATEFP": "48", "COUNTYFP": "495", "NAME": "Winkler", "NAMELSAD": "Winkler County" }, "geometry": { "type": "Polygon", "coordinates": [ [ [ -103.326501, 32.00037 ], [ -103.064423, 32.000518 ], [ -103.064422401106, 32.087051 ], [ -102.844395, 32.087062 ], [ -102.799086, 32.085795 ], [ -102.798939, 31.651783 ], [ -103.327538, 31.65142 ], [ -103.326501, 32.00037 ] ] ] } },
{ "type": "Feature", "properties": { "STATEFP": "48", "COUNTYFP": "365", "NAME": "Panola", "NAMELSAD": "Panola County" }, "geometry": { "type": "Polygon", "coordinates": [ [ [ -94.5805, 32.201363 ], [ -94.530714, 32.271842 ], [ -94.491818, 32.394137 ], [ -94.385839, 32.3672 ], [ -94.35064, 32.326583 ], [ -94.042788232805293, 32.392283193281202 ], [ -94.042739, 32.363559 ], [ -94.042695939165398, 32.196064974820899 ], [ -94.042681, 32.137956 ], [ -94.041833, 31.992402 ], [ -94.029428406595997, 31.979686964168 ], [ -94.511431, 31.973984 ], [ -94.599978, 31.973193 ], [ -94.5805, 32.201363 ] ] ] } },
{ "type": "Feature", "properties": { "STATEFP": "22", "COUNTYFP": "055", "NAME": "Lafayette", "NAMELSAD": "Lafayette Parish" }, "geometry": { "type": "Polygon", "coordinates": [ [ [ -92.284675, 30.147443 ], [ -92.2479, 30.211039 ], [ -92.142184, 30.298817 ], [ -92.04943, 30.381307 ], [ -91.988718, 30.368598 ], [ -91.942818, 30.236599 ], [ -91.979932, 30.182585 ], [ -91.905544, 30.154616 ], [ -91.951159, 30.07278 ], [ -91.967868, 30.038178 ], [ -92.066153, 30.073926 ], [ -92.088421, 30.128299 ], [ -92.12778, 30.115972 ], [ -92.202926, 30.142739 ], [ -92.22705, 30.136896 ], [ -92.240158, 30.141041 ], [ -92.258912, 30.139298 ], [ -92.262733, 30.144388 ], [ -92.279691, 30.141533 ], [ -92.284675, 30.147443 ] ] ] } },
{ "type": "Feature", "properties": { "STATEFP": "48", "COUNTYFP": "409", "NAME": "San Patricio", "NAMELSAD": "San Patricio County" }, "geometry": { "type": "Polygon", "coordinates": [ [ [ -97.904081, 28.114228 ], [ -97.817716, 28.176848 ], [ -97.567622, 28.129683 ], [ -97.541071, 28.164669 ], [ -97.482384, 28.168616 ], [ -97.427171, 28.117668 ], [ -97.317163, 28.137189 ], [ -97.260818, 28.075759 ], [ -97.136312, 27.90439 ], [ -97.186987, 27.825489 ], [ -97.165617, 27.838213 ], [ -97.188659, 27.823885 ], [ -97.250796, 27.876718 ], [ -97.359822, 27.852348 ], [ -97.337677, 27.883165 ], [ -97.589473, 27.856101 ], [ -97.691074, 27.917353 ], [ -97.806798, 27.934712 ], [ -97.798517, 27.995659 ], [ -97.80106, 28.037957 ], [ -97.883148, 28.0569 ], [ -97.904081, 28.114228 ] ] ] } },
{ "type": "Feature", "properties": { "STATEFP": "48", "COUNTYFP": "463", "NAME": "Uvalde", "NAMELSAD": "Uvalde County" }, "geometry": { "type": "Polygon", "coordinates": [ [ [ -100.112098, 29.623263 ], [ -100.014188, 29.623495 ], [ -99.60313, 29.627181 ], [ -99.411817, 29.627514 ], [ -99.41388, 29.091335 ], [ -100.111406, 29.086318 ], [ -100.112098, 29.623263 ] ] ] } },
{ "type": "Feature", "properties": { "STATEFP": "48", "COUNTYFP": "439", "NAME": "Tarrant", "NAMELSAD": "Tarrant County" }, "geometry": { "type": "Polygon", "coordinates": [ [ [ -97.548201, 32.776114 ], [ -97.544181, 32.994177 ], [ -97.398459, 32.991732 ], [ -97.327762, 32.991418 ], [ -97.299329, 32.991282 ], [ -97.031007, 32.989691 ], [ -97.033862, 32.836508 ], [ -97.034233, 32.816662 ], [ -97.034934, 32.779929 ], [ -97.035171, 32.759693 ], [ -97.035522, 32.739451 ], [ -97.035996, 32.711097 ], [ -97.036295, 32.693227 ], [ -97.038685, 32.548666 ], [ -97.052717, 32.54884 ], [ -97.087055, 32.549296 ], [ -97.17704, 32.550646 ], [ -97.232799, 32.551484 ], [ -97.364575, 32.553417 ], [ -97.550582, 32.555391 ], [ -97.548201, 32.776114 ] ] ] } },
{ "type": "Feature", "properties": { "STATEFP": "48", "COUNTYFP": "243", "NAME": "Jeff Davis", "NAMELSAD": "Jeff Davis County" }, "geometry": { "type": "Polygon", "coordinates": [ [ [ -104.917163, 30.663626 ], [ -104.102351, 31.105203 ], [ -103.585084, 30.76647 ], [ -103.439976, 30.665939 ], [ -103.80068, 30.412527 ], [ -103.90101, 30.41219 ], [ -104.980753891324994, 30.628812018788299 ], [ -104.917163, 30.663626 ] ] ] } },
{ "type": "Feature", "properties": { "STATEFP": "48", "COUNTYFP": "379", "NAME": "Rains", "NAMELSAD": "Rains County" }, "geometry": { "type": "Polygon", "coordinates": [ [ [ -95.968411, 32.913556 ], [ -95.9453, 32.979877 ], [ -95.862521, 32.979571 ], [ -95.676795, 32.97959 ], [ -95.665389, 32.960434 ], [ -95.635017, 32.72038 ], [ -95.659803, 32.711402 ], [ -95.795966, 32.775318 ], [ -95.863949, 32.777061 ], [ -95.934433, 32.837217 ], [ -95.986709, 32.873407 ], [ -95.968411, 32.913556 ] ] ] } },
{ "type": "Feature", "properties": { "STATEFP": "48", "COUNTYFP": "397", "NAME": "Rockwall", "NAMELSAD": "Rockwall County" }, "geometry": { "type": "Polygon", "coordinates": [ [ [ -96.517011, 32.982862 ], [ -96.297227, 32.981752 ], [ -96.297172, 32.897961 ], [ -96.297322, 32.841723 ], [ -96.297376, 32.814185 ], [ -96.51897, 32.813616 ], [ -96.517011, 32.982862 ] ] ] } },
{ "type": "Feature", "properties": { "STATEFP": "48", "COUNTYFP": "477", "NAME": "Washington", "NAMELSAD": "Washington County" }, "geometry": { "type": "Polygon", "coordinates": [ [ [ -96.734469, 30.241229 ], [ -96.640883, 30.296786 ], [ -96.357407, 30.373318 ], [ -96.299173, 30.379152 ], [ -96.178661, 30.394718 ], [ -96.15463, 30.330288 ], [ -96.094404, 30.309371 ], [ -96.093165, 30.225187 ], [ -96.15901, 30.206613 ], [ -96.191782, 30.13842 ], [ -96.146052, 30.070224 ], [ -96.159442, 30.053832 ], [ -96.292849, 30.09615 ], [ -96.62198, 30.044283 ], [ -96.647223, 30.145174 ], [ -96.794552, 30.160545 ], [ -96.734469, 30.241229 ] ] ] } },
{ "type": "Feature", "properties": { "STATEFP": "48", "COUNTYFP": "009", "NAME": "Archer", "NAMELSAD": "Archer County" }, "geometry": { "type": "Polygon", "coordinates": [ [ [ -98.953202, 33.834025 ], [ -98.423577, 33.836047 ], [ -98.421419, 33.466797 ], [ -98.420666, 33.396195 ], [ -98.953938, 33.397534 ], [ -98.953202, 33.834025 ] ] ] } },
{ "type": "Feature", "properties": { "STATEFP": "48", "COUNTYFP": "065", "NAME": "Carson", "NAMELSAD": "Carson County" }, "geometry": { "type": "Polygon", "coordinates": [ [ [ -101.6228, 35.620196 ], [ -101.622831, 35.624057 ], [ -101.086068, 35.625267 ], [ -101.085935, 35.619102 ], [ -101.086281, 35.18214 ], [ -101.622941, 35.183117 ], [ -101.6228, 35.620196 ] ] ] } },
{ "type": "Feature", "properties": { "STATEFP": "22", "COUNTYFP": "033", "NAME": "East Baton Rouge", "NAMELSAD": "East Baton Rouge Parish" }, "geometry": { "type": "Polygon", "coordinates": [ [ [ -91.297658, 30.649548 ], [ -91.254736, 30.704912 ], [ -90.848768, 30.719458 ], [ -90.850499, 30.700267 ], [ -90.910701, 30.649385 ], [ -90.985759, 30.584454 ], [ -90.991529, 30.461818 ], [ -90.93723, 30.366565 ], [ -90.904372, 30.360561 ], [ -90.891728, 30.345244 ], [ -90.986968, 30.345729 ], [ -91.021014, 30.321489 ], [ -91.126597, 30.31332 ], [ -91.142105, 30.323293 ], [ -91.239534, 30.351584 ], [ -91.199056, 30.422279 ], [ -91.196114, 30.452699 ], [ -91.197187, 30.505668 ], [ -91.209308, 30.522989 ], [ -91.281478, 30.506115 ], [ -91.246058, 30.535851 ], [ -91.315282, 30.594288 ], [ -91.297658, 30.649548 ] ] ] } },
{ "type": "Feature", "properties": { "STATEFP": "22", "COUNTYFP": "027", "NAME": "Claiborne", "NAMELSAD": "Claiborne Parish" }, "geometry": { "type": "Polygon", "coordinates": [ [ [ -93.238646814012199, 33.018015942705603 ], [ -93.197402, 33.017951 ], [ -92.988776056089804, 33.017251169750402 ], [ -92.971137, 33.017192 ], [ -92.724743173179306, 33.0143417676748 ], [ -92.725486, 32.818136 ], [ -92.725407, 32.759443 ], [ -92.827976, 32.759432 ], [ -92.880926, 32.585265 ], [ -93.178751, 32.584808 ], [ -93.173589, 32.633068 ], [ -93.186698, 32.716227 ], [ -93.237744, 32.715973 ], [ -93.238646814012199, 33.018015942705603 ] ] ] } },
{ "type": "Feature", "properties": { "STATEFP": "22", "COUNTYFP": "015", "NAME": "Bossier", "NAMELSAD": "Bossier Parish" }, "geometry": { "type": "Polygon", "coordinates": [ [ [ -93.814598061054895, 33.019389011334198 ], [ -93.807125211051797, 33.019394574638497 ], [ -93.723273, 33.019457 ], [ -93.520992507852199, 33.018742289892501 ], [ -93.530405, 32.975397 ], [ -93.448039, 32.866321 ], [ -93.473797, 32.783172 ], [ -93.444867, 32.761395 ], [ -93.44115, 32.410468 ], [ -93.372722, 32.41019 ], [ -93.42338, 32.39774 ], [ -93.402923, 32.368727 ], [ -93.428644, 32.235273 ], [ -93.469441, 32.237181 ], [ -93.539354, 32.28992 ], [ -93.555323, 32.331423 ], [ -93.61513, 32.348332 ], [ -93.659041, 32.406058 ], [ -93.685569, 32.395498 ], [ -93.682301, 32.464549 ], [ -93.766616, 32.537474 ], [ -93.739474, 32.590773 ], [ -93.78614, 32.667073 ], [ -93.782111, 32.712212 ], [ -93.823221, 32.735142 ], [ -93.783233, 32.78436 ], [ -93.824253, 32.792451 ], [ -93.785181, 32.857353 ], [ -93.842597, 32.946764 ], [ -93.814598061054895, 33.019389011334198 ] ] ] } },
{ "type": "Feature", "properties": { "STATEFP": "48", "COUNTYFP": "419", "NAME": "Shelby", "NAMELSAD": "Shelby County" }, "geometry": { "type": "Polygon", "coordinates": [ [ [ -94.511431, 31.973984 ], [ -94.029428406595997, 31.979686964168 ], [ -93.977461, 31.926419 ], [ -93.909557, 31.893144 ], [ -93.878251895386597, 31.8442765572456 ], [ -93.85339, 31.805467 ], [ -93.803419, 31.700686 ], [ -93.816838, 31.622509 ], [ -93.834924, 31.586211 ], [ -93.896537, 31.611836 ], [ -93.984461, 31.569419 ], [ -94.090717, 31.620609 ], [ -94.399091, 31.653596 ], [ -94.433945, 31.824547 ], [ -94.452513, 31.844113 ], [ -94.511137, 31.923879 ], [ -94.511431, 31.973984 ] ] ] } },
{ "type": "Feature", "properties": { "STATEFP": "22", "COUNTYFP": "065", "NAME": "Madison", "NAMELSAD": "Madison Parish" }, "geometry": { "type": "Polygon", "coordinates": [ [ [ -91.557199, 32.249654 ], [ -91.472391, 32.316529 ], [ -91.476495, 32.405564 ], [ -91.485199, 32.502957 ], [ -91.457614, 32.537848 ], [ -91.133144, 32.537909 ], [ -91.055409282828904, 32.579087604829397 ], [ -91.049312, 32.573624 ], [ -91.048760427763696, 32.572797040421399 ], [ -91.011275, 32.516596 ], [ -91.060516, 32.512361 ], [ -91.052907, 32.438442 ], [ -90.965986, 32.424806 ], [ -90.986672, 32.35176 ], [ -90.92117, 32.342073 ], [ -90.947834, 32.283486 ], [ -90.991227, 32.214662 ], [ -91.108509, 32.20815 ], [ -91.133968, 32.249339 ], [ -91.321366, 32.202916 ], [ -91.493574, 32.203247 ], [ -91.557199, 32.249654 ] ] ] } },
{ "type": "Feature", "properties": { "STATEFP": "48", "COUNTYFP": "135", "NAME": "Ector", "NAMELSAD": "Ector County" }, "geometry": { "type": "Polygon", "coordinates": [ [ [ -102.799086, 32.085795 ], [ -102.287048, 32.086991 ], [ -102.287345, 31.651276 ], [ -102.31805, 31.651327 ], [ -102.767246, 31.651714 ], [ -102.798939, 31.651783 ], [ -102.799086, 32.085795 ] ] ] } },
{ "type": "Feature", "properties": { "STATEFP": "22", "COUNTYFP": "119", "NAME": "Webster", "NAMELSAD": "Webster Parish" }, "geometry": { "type": "Polygon", "coordinates": [ [ [ -93.520992507852199, 33.018742289892501 ], [ -93.490558120988794, 33.018634757210201 ], [ -93.377134, 33.018234 ], [ -93.238646814012199, 33.018015942705603 ], [ -93.237744, 32.715973 ], [ -93.186698, 32.716227 ], [ -93.173589, 32.633068 ], [ -93.178751, 32.584808 ], [ -93.147193, 32.455173 ], [ -93.236922, 32.410161 ], [ -93.372722, 32.41019 ], [ -93.44115, 32.410468 ], [ -93.444867, 32.761395 ], [ -93.473797, 32.783172 ], [ -93.448039, 32.866321 ], [ -93.530405, 32.975397 ], [ -93.520992507852199, 33.018742289892501 ] ] ] } },
{ "type": "Feature", "properties": { "STATEFP": "48", "COUNTYFP": "133", "NAME": "Eastland", "NAMELSAD": "Eastland County" }, "geometry": { "type": "Polygon", "coordinates": [ [ [ -99.114293, 32.514811 ], [ -99.09605, 32.514768 ], [ -98.576256, 32.515163 ], [ -98.475177, 32.513039 ], [ -98.474685, 32.299084 ], [ -98.551158, 32.261436 ], [ -98.924401, 32.078018 ], [ -99.118665, 32.079585 ], [ -99.114293, 32.514811 ] ] ] } },
{ "type": "Feature", "properties": { "STATEFP": "48", "COUNTYFP": "417", "NAME": "Shackelford", "NAMELSAD": "Shackelford County" }, "geometry": { "type": "Polygon", "coordinates": [ [ [ -99.612001, 32.956962 ], [ -99.471258, 32.957025 ], [ -99.096016, 32.957037 ], [ -99.09605, 32.514768 ], [ -99.114293, 32.514811 ], [ -99.397054, 32.51511 ], [ -99.612026, 32.514654 ], [ -99.612001, 32.956962 ] ] ] } },
{ "type": "Feature", "properties": { "STATEFP": "48", "COUNTYFP": "257", "NAME": "Kaufman", "NAMELSAD": "Kaufman County" }, "geometry": { "type": "Polygon", "coordinates": [ [ [ -96.522914, 32.564528 ], [ -96.51897, 32.813616 ], [ -96.297376, 32.814185 ], [ -96.297322, 32.841723 ], [ -96.076801, 32.838489 ], [ -96.075899, 32.357505 ], [ -96.452372, 32.358659 ], [ -96.434514, 32.38873 ], [ -96.529412, 32.545277 ], [ -96.522914, 32.564528 ] ] ] } },
{ "type": "Feature", "properties": { "STATEFP": "48", "COUNTYFP": "203", "NAME": "Harrison", "NAMELSAD": "Harrison County" }, "geometry": { "type": "Polygon", "coordinates": [ [ [ -94.70214, 32.793088 ], [ -94.507323, 32.693738 ], [ -94.390783, 32.694377 ], [ -94.25037, 32.745166 ], [ -94.176401, 32.694694 ], [ -94.143428, 32.74148 ], [ -94.043051527617607, 32.693029976665599 ], [ -94.043083, 32.564261 ], [ -94.042788232805293, 32.392283193281202 ], [ -94.35064, 32.326583 ], [ -94.385839, 32.3672 ], [ -94.491818, 32.394137 ], [ -94.554971, 32.407603 ], [ -94.579219, 32.394916 ], [ -94.701986, 32.421782 ], [ -94.70179, 32.652209 ], [ -94.70214, 32.793088 ] ] ] } },
{ "type": "Feature", "properties": { "STATEFP": "22", "COUNTYFP": "097", "NAME": "St. Landry", "NAMELSAD": "St. Landry Parish" }, "geometry": { "type": "Polygon", "coordinates": [ [ [ -92.42078, 30.53882 ], [ -92.262719, 30.538738 ], [ -92.211504, 30.56813 ], [ -92.172484, 30.673829 ], [ -92.172314, 30.767914 ], [ -92.212593, 30.848609 ], [ -91.815258, 30.848107 ], [ -91.733673, 30.70173 ], [ -91.75698, 30.562551 ], [ -91.731432, 30.512119 ], [ -91.756209, 30.498133 ], [ -91.678896, 30.394731 ], [ -91.869273, 30.417235 ], [ -91.988718, 30.368598 ], [ -92.04943, 30.381307 ], [ -92.142184, 30.298817 ], [ -92.176444, 30.436852 ], [ -92.244795, 30.480193 ], [ -92.493259, 30.480499 ], [ -92.42078, 30.53882 ] ] ] } },
{ "type": "Feature", "properties": { "STATEFP": "48", "COUNTYFP": "481", "NAME": "Wharton", "NAMELSAD": "Wharton County" }, "geometry": { "type": "Polygon", "coordinates": [ [ [ -96.349217, 29.406052 ], [ -96.307672, 29.514523 ], [ -96.175422, 29.633806 ], [ -96.10965, 29.622524 ], [ -96.088912, 29.601658 ], [ -96.044596, 29.562238 ], [ -96.059627, 29.473329 ], [ -95.97343, 29.411445 ], [ -95.94681, 29.333433 ], [ -95.847656, 29.26259 ], [ -95.874028, 29.229702 ], [ -95.965196, 29.146865 ], [ -96.309178, 28.963291 ], [ -96.640315, 29.247804 ], [ -96.349217, 29.406052 ] ] ] } },
{ "type": "Feature", "properties": { "STATEFP": "48", "COUNTYFP": "185", "NAME": "Grimes", "NAMELSAD": "Grimes County" }, "geometry": { "type": "Polygon", "coordinates": [ [ [ -96.16837, 30.822997 ], [ -95.863059, 30.864125 ], [ -95.834197, 30.658 ], [ -95.83024, 30.630284 ], [ -95.804306, 30.24557 ], [ -96.069319, 30.229964 ], [ -96.093165, 30.225187 ], [ -96.094404, 30.309371 ], [ -96.15463, 30.330288 ], [ -96.147255, 30.38284 ], [ -96.080009, 30.430435 ], [ -96.130018, 30.452555 ], [ -96.187765, 30.598737 ], [ -96.16837, 30.822997 ] ] ] } },
{ "type": "Feature", "properties": { "STATEFP": "22", "COUNTYFP": "063", "NAME": "Livingston", "NAMELSAD": "Livingston Parish" }, "geometry": { "type": "Polygon", "coordinates": [ [ [ -90.985759, 30.584454 ], [ -90.910701, 30.649385 ], [ -90.567126, 30.650015 ], [ -90.566906, 30.48706 ], [ -90.546882, 30.431609 ], [ -90.474488, 30.348566 ], [ -90.485826, 30.276992 ], [ -90.554147, 30.195628 ], [ -90.592021, 30.208324 ], [ -90.631905, 30.22119 ], [ -90.694146, 30.175067 ], [ -90.830752, 30.318625 ], [ -90.891728, 30.345244 ], [ -90.904372, 30.360561 ], [ -90.93723, 30.366565 ], [ -90.991529, 30.461818 ], [ -90.985759, 30.584454 ] ] ] } },
{ "type": "Feature", "properties": { "STATEFP": "48", "COUNTYFP": "101", "NAME": "Cottle", "NAMELSAD": "Cottle County" }, "geometry": { "type": "Polygon", "coordinates": [ [ [ -100.51734, 34.314102 ], [ -100.417783, 34.313524 ], [ -99.99772, 34.311829 ], [ -99.997621, 34.224355 ], [ -100.037319, 34.238778 ], [ -100.047028, 34.22978 ], [ -100.04848, 33.835974 ], [ -100.518691, 33.83565 ], [ -100.51734, 34.314102 ] ] ] } },
{ "type": "Feature", "properties": { "STATEFP": "22", "COUNTYFP": "079", "NAME": "Rapides", "NAMELSAD": "Rapides Parish" }, "geometry": { "type": "Polygon", "coordinates": [ [ [ -92.98146, 31.346864 ], [ -92.947159, 31.346751 ], [ -92.718899, 31.517476 ], [ -92.694512, 31.400966 ], [ -92.635945, 31.393278 ], [ -92.614643, 31.394278 ], [ -92.196131, 31.477877 ], [ -92.072937, 31.345407 ], [ -92.086718, 31.335374 ], [ -92.147066, 31.301862 ], [ -92.22169, 31.331855 ], [ -92.234258, 31.131466 ], [ -92.208299, 30.96243 ], [ -92.280738, 30.965071 ], [ -92.383033, 31.001454 ], [ -92.48033, 30.952271 ], [ -92.508854, 30.896003 ], [ -92.597798, 30.896001 ], [ -92.622883, 30.898761 ], [ -92.740222, 30.891503 ], [ -92.82387, 30.892071 ], [ -92.829525, 31.252055 ], [ -92.879715, 31.317439 ], [ -92.964258, 31.332388 ], [ -92.98146, 31.346864 ] ] ] } },
{ "type": "Feature", "properties": { "STATEFP": "22", "COUNTYFP": "061", "NAME": "Lincoln", "NAMELSAD": "Lincoln Parish" }, "geometry": { "type": "Polygon", "coordinates": [ [ [ -92.880926, 32.585265 ], [ -92.827976, 32.759432 ], [ -92.725407, 32.759443 ], [ -92.571295, 32.748579 ], [ -92.518999, 32.670807 ], [ -92.415169, 32.670254 ], [ -92.415228, 32.582854 ], [ -92.415515, 32.495609 ], [ -92.622402, 32.496408 ], [ -92.621681, 32.453068 ], [ -92.776982, 32.453611 ], [ -92.879461, 32.454017 ], [ -92.880926, 32.585265 ] ] ] } },
{ "type": "Feature", "properties": { "STATEFP": "48", "COUNTYFP": "147", "NAME": "Fannin", "NAMELSAD": "Fannin County" }, "geometry": { "type": "Polygon", "coordinates": [ [ [ -96.384602, 33.397826 ], [ -96.379660825952101, 33.715530908566002 ], [ -96.363135, 33.694215 ], [ -96.307389, 33.735005 ], [ -96.277269, 33.769735 ], [ -96.229023, 33.748021 ], [ -96.173025, 33.80056 ], [ -96.15163, 33.831946 ], [ -96.063924, 33.841523 ], [ -95.935325, 33.875099 ], [ -95.887491, 33.863856 ], [ -95.844878534070702, 33.860421904718997 ], [ -95.85505, 33.827939 ], [ -95.857738, 33.461722 ], [ -95.858723, 33.40953 ], [ -96.295413, 33.351936 ], [ -96.384495, 33.341119 ], [ -96.384602, 33.397826 ] ] ] } },
{ "type": "Feature", "properties": { "STATEFP": "48", "COUNTYFP": "483", "NAME": "Wheeler", "NAMELSAD": "Wheeler County" }, "geometry": { "type": "Polygon", "coordinates": [ [ [ -100.540158, 35.619296 ], [ -100.000392, 35.619115 ], [ -100.000388844143004, 35.422363988309399 ], [ -100.000385, 35.182702 ], [ -100.538978, 35.183144 ], [ -100.540158, 35.619296 ] ] ] } },
{ "type": "Feature", "properties": { "STATEFP": "48", "COUNTYFP": "107", "NAME": "Crosby", "NAMELSAD": "Crosby County" }, "geometry": { "type": "Polygon", "coordinates": [ [ [ -101.56358, 33.830451 ], [ -101.041158, 33.833625 ], [ -101.038788, 33.397214 ], [ -101.556884, 33.39476 ], [ -101.56358, 33.830451 ] ] ] } },
{ "type": "Feature", "properties": { "STATEFP": "48", "COUNTYFP": "031", "NAME": "Blanco", "NAMELSAD": "Blanco County" }, "geometry": { "type": "Polygon", "coordinates": [ [ [ -98.59167, 30.499875 ], [ -98.411462, 30.502095 ], [ -98.351041, 30.486096 ], [ -98.125556, 30.426186 ], [ -98.172977, 30.356312 ], [ -98.2976, 30.037994 ], [ -98.414018, 29.937557 ], [ -98.587897, 30.138954 ], [ -98.59167, 30.499875 ] ] ] } },
{ "type": "Feature", "properties": { "STATEFP": "48", "COUNTYFP": "269", "NAME": "King", "NAMELSAD": "King County" }, "geometry": { "type": "Polygon", "coordinates": [ [ [ -100.518691, 33.83565 ], [ -100.04848, 33.835974 ], [ -99.996434, 33.835967 ], [ -99.99098, 33.397404 ], [ -100.517449, 33.397866 ], [ -100.518691, 33.83565 ] ] ] } },
{ "type": "Feature", "properties": { "STATEFP": "48", "COUNTYFP": "169", "NAME": "Garza", "NAMELSAD": "Garza County" }, "geometry": { "type": "Polygon", "coordinates": [ [ [ -101.556884, 33.39476 ], [ -101.038788, 33.397214 ], [ -101.03866, 32.970225 ], [ -101.173378, 32.963597 ], [ -101.557434, 32.961025 ], [ -101.556884, 33.39476 ] ] ] } },
{ "type": "Feature", "properties": { "STATEFP": "48", "COUNTYFP": "223", "NAME": "Hopkins", "NAMELSAD": "Hopkins County" }, "geometry": { "type": "Polygon", "coordinates": [ [ [ -95.861778, 33.21933 ], [ -95.786682, 33.253997 ], [ -95.731056, 33.305222 ], [ -95.720231, 33.299411 ], [ -95.673722, 33.302117 ], [ -95.584549, 33.359344 ], [ -95.501827, 33.347865 ], [ -95.308593, 33.37719 ], [ -95.308957, 32.962572 ], [ -95.665389, 32.960434 ], [ -95.676795, 32.97959 ], [ -95.862521, 32.979571 ], [ -95.861778, 33.21933 ] ] ] } },
{ "type": "Feature", "properties": { "STATEFP": "48", "COUNTYFP": "489", "NAME": "Willacy", "NAMELSAD": "Willacy County" }, "geometry": { "type": "Polygon", "coordinates": [ [ [ -97.957405, 26.611769 ], [ -97.861688, 26.597995 ], [ -97.287541116685802, 26.6003398814733 ], [ -97.253801, 26.503164 ], [ -97.227288478012895, 26.4111776799575 ], [ -97.386505, 26.410437 ], [ -97.446987, 26.324947 ], [ -97.506936, 26.312702 ], [ -97.861875, 26.348156 ], [ -97.86192, 26.433579 ], [ -98.004189, 26.448784 ], [ -97.957405, 26.611769 ] ] ] } },
{ "type": "Feature", "properties": { "STATEFP": "48", "COUNTYFP": "415", "NAME": "Scurry", "NAMELSAD": "Scurry County" }, "geometry": { "type": "Polygon", "coordinates": [ [ [ -101.173378, 32.963597 ], [ -101.03866, 32.970225 ], [ -100.990181, 32.965023 ], [ -100.65587, 32.963469 ], [ -100.660626, 32.525312 ], [ -101.174562, 32.527703 ], [ -101.173378, 32.963597 ] ] ] } },
{ "type": "Feature", "properties": { "STATEFP": "48", "COUNTYFP": "429", "NAME": "Stephens", "NAMELSAD": "Stephens County" }, "geometry": { "type": "Polygon", "coordinates": [ [ [ -99.096016, 32.957037 ], [ -98.950875, 32.956918 ], [ -98.575616, 32.954349 ], [ -98.576256, 32.515163 ], [ -99.09605, 32.514768 ], [ -99.096016, 32.957037 ] ] ] } },
{ "type": "Feature", "properties": { "STATEFP": "48", "COUNTYFP": "265", "NAME": "Kerr", "NAMELSAD": "Kerr County" }, "geometry": { "type": "Polygon", "coordinates": [ [ [ -99.754142, 30.290698 ], [ -99.301718, 30.286653 ], [ -99.300988, 30.134298 ], [ -98.920147, 30.13829 ], [ -98.917725, 29.781398 ], [ -99.176988, 29.895063 ], [ -99.602776, 29.907679 ], [ -99.691215, 29.908582 ], [ -99.689879, 30.073948 ], [ -99.757621, 30.074132 ], [ -99.754142, 30.290698 ] ] ] } },
{ "type": "Feature", "properties": { "STATEFP": "48", "COUNTYFP": "145", "NAME": "Falls", "NAMELSAD": "Falls County" }, "geometry": { "type": "Polygon", "coordinates": [ [ [ -97.278113, 31.279799 ], [ -96.801123, 31.522269 ], [ -96.596862, 31.2209 ], [ -96.830497, 31.10522 ], [ -96.849079, 31.100471 ], [ -97.070057, 30.986031 ], [ -97.278113, 31.279799 ] ] ] } },
{ "type": "Feature", "properties": { "STATEFP": "48", "COUNTYFP": "233", "NAME": "Hutchinson", "NAMELSAD": "Hutchinson County" }, "geometry": { "type": "Polygon", "coordinates": [ [ [ -101.623466, 36.055405 ], [ -101.085735, 36.055276 ], [ -101.086068, 35.625267 ], [ -101.622831, 35.624057 ], [ -101.623466, 36.055405 ] ] ] } },
{ "type": "Feature", "properties": { "STATEFP": "22", "COUNTYFP": "127", "NAME": "Winn", "NAMELSAD": "Winn Parish" }, "geometry": { "type": "Polygon", "coordinates": [ [ [ -92.9668, 31.781299 ], [ -92.872174, 31.945856 ], [ -92.939092, 32.14792 ], [ -92.815344, 32.147413 ], [ -92.311937, 32.146036 ], [ -92.312518, 31.927656 ], [ -92.336068, 31.823107 ], [ -92.362608, 31.796633 ], [ -92.619309, 31.797288 ], [ -92.62086, 31.709618 ], [ -92.667721, 31.709398 ], [ -92.973529, 31.708922 ], [ -92.9668, 31.781299 ] ] ] } },
{ "type": "Feature", "properties": { "STATEFP": "48", "COUNTYFP": "289", "NAME": "Leon", "NAMELSAD": "Leon County" }, "geometry": { "type": "Polygon", "coordinates": [ [ [ -96.319165, 31.357129 ], [ -96.322853, 31.374067 ], [ -96.236629, 31.413392 ], [ -95.7873, 31.618385 ], [ -95.736026, 31.653956 ], [ -95.710112, 31.615587 ], [ -95.739279, 31.504056 ], [ -95.655545, 31.32964 ], [ -95.725226, 31.271084 ], [ -95.728703, 31.164064 ], [ -95.76441, 31.094211 ], [ -95.975218, 31.091967 ], [ -96.24102, 30.973737 ], [ -96.331121, 31.252465 ], [ -96.319165, 31.357129 ] ] ] } },
{ "type": "Feature", "properties": { "STATEFP": "48", "COUNTYFP": "309", "NAME": "McLennan", "NAMELSAD": "McLennan County" }, "geometry": { "type": "Polygon", "coordinates": [ [ [ -97.60523, 31.587762 ], [ -97.277265, 31.745492 ], [ -97.037266, 31.863079 ], [ -96.932215, 31.708887 ], [ -96.801123, 31.522269 ], [ -97.278113, 31.279799 ], [ -97.343426, 31.244215 ], [ -97.418606, 31.320202 ], [ -97.60523, 31.587762 ] ] ] } },
{ "type": "Feature", "properties": { "STATEFP": "48", "COUNTYFP": "089", "NAME": "Colorado", "NAMELSAD": "Colorado County" }, "geometry": { "type": "Polygon", "coordinates": [ [ [ -96.874222, 29.632706 ], [ -96.569844, 29.961516 ], [ -96.535705, 29.907326 ], [ -96.413283, 29.824985 ], [ -96.343247, 29.829697 ], [ -96.259226, 29.668912 ], [ -96.175422, 29.633806 ], [ -96.307672, 29.514523 ], [ -96.349217, 29.406052 ], [ -96.640315, 29.247804 ], [ -96.658466, 29.263876 ], [ -96.560555, 29.335439 ], [ -96.793132, 29.577378 ], [ -96.874222, 29.632706 ] ] ] } },
{ "type": "Feature", "properties": { "STATEFP": "48", "COUNTYFP": "227", "NAME": "Howard", "NAMELSAD": "Howard County" }, "geometry": { "type": "Polygon", "coordinates": [ [ [ -101.68874, 32.525222 ], [ -101.174571, 32.524112 ], [ -101.183997, 32.087208 ], [ -101.264216, 32.087136 ], [ -101.695011, 32.087532 ], [ -101.68874, 32.525222 ] ] ] } },
{ "type": "Feature", "properties": { "STATEFP": "48", "COUNTYFP": "423", "NAME": "Smith", "NAMELSAD": "Smith County" }, "geometry": { "type": "Polygon", "coordinates": [ [ [ -95.594541, 32.687026 ], [ -95.46876, 32.605676 ], [ -95.332164, 32.604252 ], [ -95.166299, 32.543948 ], [ -95.15341, 32.570115 ], [ -95.009992, 32.516478 ], [ -94.986935, 32.537246 ], [ -94.985411, 32.37082 ], [ -94.985272, 32.137989 ], [ -95.459908, 32.135559 ], [ -95.478585, 32.147224 ], [ -95.488733, 32.232486 ], [ -95.449165, 32.355233 ], [ -95.5943, 32.479858 ], [ -95.594541, 32.687026 ] ] ] } },
{ "type": "Feature", "properties": { "STATEFP": "48", "COUNTYFP": "247", "NAME": "Jim Hogg", "NAMELSAD": "Jim Hogg County" }, "geometry": { "type": "Polygon", "coordinates": [ [ [ -98.954669, 27.269397 ], [ -98.798087, 27.268012 ], [ -98.798323, 27.354029 ], [ -98.589537, 27.358695 ], [ -98.522293, 27.343284 ], [ -98.523284, 27.26515 ], [ -98.492943, 27.235012 ], [ -98.466542, 27.054711 ], [ -98.417883, 27.055285 ], [ -98.422616, 26.783535 ], [ -98.95423, 26.785694 ], [ -98.954669, 27.269397 ] ] ] } },
{ "type": "Feature", "properties": { "STATEFP": "48", "COUNTYFP": "195", "NAME": "Hansford", "NAMELSAD": "Hansford County" }, "geometry": { "type": "Polygon", "coordinates": [ [ [ -101.623915, 36.499528 ], [ -101.085156, 36.499244 ], [ -101.085716, 36.057572 ], [ -101.085735, 36.055276 ], [ -101.623466, 36.055405 ], [ -101.623915, 36.499528 ] ] ] } },
{ "type": "Feature", "properties": { "STATEFP": "48", "COUNTYFP": "451", "NAME": "Tom Green", "NAMELSAD": "Tom Green County" }, "geometry": { "type": "Polygon", "coordinates": [ [ [ -101.26763, 31.556462 ], [ -100.865256, 31.562294 ], [ -100.82537, 31.696155 ], [ -100.235761, 31.69297 ], [ -100.233783, 31.582196 ], [ -100.111234, 31.580267 ], [ -100.115216, 31.087994 ], [ -100.688764, 31.086576 ], [ -100.693065, 31.523954 ], [ -101.267947, 31.528688 ], [ -101.26763, 31.556462 ] ] ] } },
{ "type": "Feature", "properties": { "STATEFP": "48", "COUNTYFP": "193", "NAME": "Hamilton", "NAMELSAD": "Hamilton County" }, "geometry": { "type": "Polygon", "coordinates": [ [ [ -98.463736, 31.683989 ], [ -98.156568, 31.841713 ], [ -98.208386, 31.917511 ], [ -98.005462, 32.017897 ], [ -97.766431, 31.672461 ], [ -98.180006, 31.463717 ], [ -98.27107, 31.416398 ], [ -98.463736, 31.683989 ] ] ] } },
{ "type": "Feature", "properties": { "STATEFP": "48", "COUNTYFP": "361", "NAME": "Orange", "NAMELSAD": "Orange County" }, "geometry": { "type": "Polygon", "coordinates": [ [ [ -94.117604, 30.241665 ], [ -93.901452, 30.242672 ], [ -93.711062171300895, 30.243970715640302 ], [ -93.713359, 30.225261 ], [ -93.703764, 30.173936 ], [ -93.702436, 30.112721 ], [ -93.70394, 30.054291 ], [ -93.706183566317407, 30.0523143321691 ], [ -93.741078, 30.021571 ], [ -93.807815, 29.954549 ], [ -93.830374, 29.894359 ], [ -93.852309870922298, 29.872091004391901 ], [ -93.843896, 29.954805 ], [ -94.031976, 30.028013 ], [ -94.093978, 30.086265 ], [ -94.073678, 30.114111 ], [ -94.115917, 30.160347 ], [ -94.091217, 30.204648 ], [ -94.117604, 30.241665 ] ] ] } },
{ "type": "Feature", "properties": { "STATEFP": "48", "COUNTYFP": "043", "NAME": "Brewster", "NAMELSAD": "Brewster County" }, "geometry": { "type": "Polygon", "coordinates": [ [ [ -103.80068, 30.412527 ], [ -103.439976, 30.665939 ], [ -102.567049, 30.052808 ], [ -102.327002, 29.883305 ], [ -102.318683954587996, 29.872192946501499 ], [ -102.349861, 29.862317 ], [ -102.369522, 29.820395 ], [ -102.392906, 29.765569 ], [ -102.468946, 29.779817 ], [ -102.512687, 29.780303 ], [ -102.551081, 29.752358 ], [ -102.612879, 29.748182 ], [ -102.677192, 29.738261 ], [ -102.693466, 29.676507 ], [ -102.738428, 29.621929 ], [ -102.777531, 29.556497 ], [ -102.808692, 29.522319 ], [ -102.83097, 29.444267 ], [ -102.824564, 29.399558 ], [ -102.871857, 29.352093 ], [ -102.891022, 29.287113 ], [ -102.871347, 29.241625 ], [ -102.917805, 29.190697 ], [ -102.995688, 29.161219 ], [ -103.035683, 29.103029 ], [ -103.076355, 29.085722 ], [ -103.100368, 29.026877 ], [ -103.126748, 28.982124 ], [ -103.227801, 28.991532 ], [ -103.28119, 28.982138 ], [ -103.361998, 29.018914 ], [ -103.463196, 29.066822 ], [ -103.524613, 29.120998 ], [ -103.59236, 29.15026 ], [ -103.660203, 29.170934 ], [ -103.724743, 29.19147 ], [ -103.789034, 29.257502 ], [ -103.793873010934007, 29.2592383933486 ], [ -103.792793, 29.500188 ], [ -103.80068, 30.412527 ] ] ] } },
{ "type": "Feature", "properties": { "STATEFP": "22", "COUNTYFP": "005", "NAME": "Ascension", "NAMELSAD": "Ascension Parish" }, "geometry": { "type": "Polygon", "coordinates": [ [ [ -91.106559, 30.108519 ], [ -91.090097, 30.14111 ], [ -91.07364, 30.160921 ], [ -91.059124, 30.213084 ], [ -91.024299, 30.305612 ], [ -91.021014, 30.321489 ], [ -90.986968, 30.345729 ], [ -90.891728, 30.345244 ], [ -90.830752, 30.318625 ], [ -90.694146, 30.175067 ], [ -90.631905, 30.22119 ], [ -90.642111, 30.166448 ], [ -90.915565, 30.113285 ], [ -90.963745, 30.066831 ], [ -91.074654, 30.081744 ], [ -91.089108, 30.062802 ], [ -91.105997, 30.062749 ], [ -91.106559, 30.108519 ] ] ] } },
{ "type": "Feature", "properties": { "STATEFP": "22", "COUNTYFP": "125", "NAME": "West Feliciana", "NAMELSAD": "West Feliciana Parish" }, "geometry": { "type": "MultiPolygon", "coordinates": [ [ [ [ -91.644917, 30.928971 ], [ -91.636942, 30.999416 ], [ -91.224068, 30.999183 ], [ -91.176140123966903, 30.999224202318601 ], [ -91.230589, 30.810482 ], [ -91.320706, 30.699417 ], [ -91.310061, 30.653961 ], [ -91.33087, 30.658677 ], [ -91.38062, 30.758804 ], [ -91.450382, 30.736168 ], [ -91.553019, 30.730798 ], [ -91.594595, 30.750184 ], [ -91.539473, 30.791224 ], [ -91.515586, 30.875181 ], [ -91.549308, 30.916228 ], [ -91.614608, 30.9176 ], [ -91.556407, 30.848643 ], [ -91.661811, 30.860019 ], [ -91.644917, 30.928971 ] ] ], [ [ [ -91.723804, 31.044254 ], [ -91.628257298208794, 31.005097001895201 ], [ -91.636942, 30.999416 ], [ -91.687266, 31.018142 ], [ -91.750119, 31.018814 ], [ -91.723804, 31.044254 ] ] ] ] } },
{ "type": "Feature", "properties": { "STATEFP": "48", "COUNTYFP": "351", "NAME": "Newton", "NAMELSAD": "Newton County" }, "geometry": { "type": "Polygon", "coordinates": [ [ [ -93.911126, 31.158071 ], [ -93.616445, 31.175239 ], [ -93.600603087362899, 31.1826249552688 ], [ -93.552497307502307, 31.1848200234468 ], [ -93.535097, 31.185614 ], [ -93.540278, 31.128868 ], [ -93.531219, 31.051678 ], [ -93.539526, 31.008498 ], [ -93.549841, 30.967118 ], [ -93.530936, 30.924534 ], [ -93.554575854345501, 30.8774695018611 ], [ -93.558617, 30.869424 ], [ -93.569303, 30.802969 ], [ -93.617688, 30.738479 ], [ -93.629904, 30.67994 ], [ -93.685121, 30.625201 ], [ -93.684329, 30.592586 ], [ -93.729195, 30.544842 ], [ -93.710117, 30.5064 ], [ -93.702665, 30.429947 ], [ -93.738172999870201, 30.4025470540047 ], [ -93.745333, 30.397022 ], [ -93.760328, 30.329924 ], [ -93.70719, 30.275513 ], [ -93.711062171300895, 30.243970715640302 ], [ -93.901452, 30.242672 ], [ -93.865711, 30.947218 ], [ -93.911126, 31.158071 ] ] ] } },
{ "type": "Feature", "properties": { "STATEFP": "48", "COUNTYFP": "127", "NAME": "Dimmit", "NAMELSAD": "Dimmit County" }, "geometry": { "type": "Polygon", "coordinates": [ [ [ -100.114336, 28.648122 ], [ -99.409021, 28.640566 ], [ -99.395736, 28.640784 ], [ -99.394177, 28.204627 ], [ -100.113719, 28.197819 ], [ -100.114336, 28.648122 ] ] ] } },
{ "type": "Feature", "properties": { "STATEFP": "22", "COUNTYFP": "077", "NAME": "Pointe Coupee", "NAMELSAD": "Pointe Coupee Parish" }, "geometry": { "type": "Polygon", "coordinates": [ [ [ -91.805063, 30.975746 ], [ -91.750119, 31.018814 ], [ -91.687266, 31.018142 ], [ -91.636942, 30.999416 ], [ -91.644917, 30.928971 ], [ -91.661811, 30.860019 ], [ -91.556407, 30.848643 ], [ -91.614608, 30.9176 ], [ -91.549308, 30.916228 ], [ -91.515586, 30.875181 ], [ -91.539473, 30.791224 ], [ -91.594595, 30.750184 ], [ -91.553019, 30.730798 ], [ -91.450382, 30.736168 ], [ -91.38062, 30.758804 ], [ -91.33087, 30.658677 ], [ -91.309752, 30.650086 ], [ -91.414815, 30.511427 ], [ -91.485155, 30.497282 ], [ -91.583425, 30.496956 ], [ -91.701339, 30.497747 ], [ -91.756209, 30.498133 ], [ -91.731432, 30.512119 ], [ -91.75698, 30.562551 ], [ -91.733673, 30.70173 ], [ -91.815258, 30.848107 ], [ -91.805063, 30.975746 ] ] ] } },
{ "type": "Feature", "properties": { "STATEFP": "22", "COUNTYFP": "107", "NAME": "Tensas", "NAMELSAD": "Tensas Parish" }, "geometry": { "type": "Polygon", "coordinates": [ [ [ -91.575346, 31.883266 ], [ -91.511374, 31.930025 ], [ -91.528204, 31.959343 ], [ -91.489761, 32.092422 ], [ -91.493574, 32.203247 ], [ -91.321366, 32.202916 ], [ -91.133968, 32.249339 ], [ -91.108509, 32.20815 ], [ -91.039472318907002, 32.1079681426653 ], [ -91.034707, 32.101053 ], [ -91.079108, 32.050255 ], [ -91.080808, 32.023456 ], [ -91.117409, 31.987057 ], [ -91.17741, 31.973257 ], [ -91.18111, 31.920059 ], [ -91.234899, 31.876863 ], [ -91.244015161324697, 31.869732437503899 ], [ -91.290135, 31.833658 ], [ -91.345714, 31.842861 ], [ -91.359514, 31.799362 ], [ -91.320458733281598, 31.747800614482198 ], [ -91.318576, 31.745315 ], [ -91.380124529983505, 31.732626953050001 ], [ -91.39829, 31.753212 ], [ -91.544791, 31.751731 ], [ -91.577653, 31.795857 ], [ -91.575346, 31.883266 ] ] ] } },
{ "type": "Feature", "properties": { "STATEFP": "48", "COUNTYFP": "037", "NAME": "Bowie", "NAMELSAD": "Bowie County" }, "geometry": { "type": "Polygon", "coordinates": [ [ [ -94.74631, 33.554315 ], [ -94.746096, 33.703016 ], [ -94.731932901995904, 33.720830516280301 ], [ -94.714865, 33.707261 ], [ -94.630586, 33.673401 ], [ -94.572872, 33.669886 ], [ -94.528928, 33.62184 ], [ -94.485875, 33.637867 ], [ -94.419057, 33.577217 ], [ -94.388052, 33.565511 ], [ -94.354165, 33.556452 ], [ -94.338422, 33.567082 ], [ -94.303742, 33.564486 ], [ -94.238868, 33.576722 ], [ -94.213605, 33.570622 ], [ -94.183395, 33.592212 ], [ -94.143024, 33.577725 ], [ -94.07267, 33.572234 ], [ -94.043428, 33.551425 ], [ -94.042988, 33.435824 ], [ -94.043067, 33.330498 ], [ -94.042945845060302, 33.271241049386397 ], [ -94.056144, 33.298036 ], [ -94.218517, 33.296936 ], [ -94.231743, 33.240857 ], [ -94.379409, 33.255651 ], [ -94.415739, 33.284017 ], [ -94.517868, 33.282096 ], [ -94.572463, 33.249826 ], [ -94.65226, 33.268861 ], [ -94.691826, 33.312405 ], [ -94.746925, 33.328938 ], [ -94.74631, 33.554315 ] ] ] } },
{ "type": "Feature", "properties": { "STATEFP": "22", "COUNTYFP": "085", "NAME": "Sabine", "NAMELSAD": "Sabine Parish" }, "geometry": { "type": "Polygon", "coordinates": [ [ [ -93.878251895386597, 31.8442765572456 ], [ -93.441171, 31.845233 ], [ -93.441689, 31.714485 ], [ -93.338436, 31.714205 ], [ -93.337625, 31.538274 ], [ -93.236752, 31.537863 ], [ -93.236643, 31.364491 ], [ -93.390495, 31.364147 ], [ -93.442554, 31.276716 ], [ -93.535414, 31.276402 ], [ -93.552497307502307, 31.1848200234468 ], [ -93.600603087362899, 31.1826249552688 ], [ -93.602443, 31.182541 ], [ -93.613942, 31.259375 ], [ -93.67544, 31.30104 ], [ -93.668146, 31.375103 ], [ -93.697603, 31.428409 ], [ -93.749476, 31.46869 ], [ -93.725925, 31.504092 ], [ -93.787687, 31.527344 ], [ -93.834924, 31.586211 ], [ -93.816838, 31.622509 ], [ -93.803419, 31.700686 ], [ -93.85339, 31.805467 ], [ -93.878251895386597, 31.8442765572456 ] ] ] } },
{ "type": "Feature", "properties": { "STATEFP": "48", "COUNTYFP": "097", "NAME": "Cooke", "NAMELSAD": "Cooke County" }, "geometry": { "type": "Polygon", "coordinates": [ [ [ -97.484143438587594, 33.913889108890899 ], [ -97.451469, 33.87093 ], [ -97.444193, 33.823773 ], [ -97.372941, 33.819454 ], [ -97.318243, 33.865121 ], [ -97.24618, 33.900344 ], [ -97.206141, 33.91428 ], [ -97.166629, 33.847311 ], [ -97.205652, 33.809824 ], [ -97.149394, 33.721967 ], [ -97.091072, 33.735115 ], [ -97.087852, 33.774099 ], [ -97.07859, 33.812756 ], [ -97.055838, 33.855741 ], [ -96.985567, 33.886522 ], [ -96.988745, 33.918468 ], [ -96.952313, 33.944582 ], [ -96.944616888370504, 33.945013250453997 ], [ -96.94386, 33.41641 ], [ -97.220092, 33.425122 ], [ -97.383095, 33.43045 ], [ -97.405268, 33.433095 ], [ -97.487065, 33.433681 ], [ -97.484143438587594, 33.913889108890899 ] ] ] } },
{ "type": "Feature", "properties": { "STATEFP": "48", "COUNTYFP": "453", "NAME": "Travis", "NAMELSAD": "Travis County" }, "geometry": { "type": "Polygon", "coordinates": [ [ [ -98.125556, 30.426186 ], [ -98.12342, 30.486482 ], [ -98.049886, 30.624155 ], [ -97.956734, 30.628249 ], [ -97.867866, 30.546499 ], [ -97.846541, 30.47341 ], [ -97.825723, 30.455605 ], [ -97.811863, 30.447018 ], [ -97.799725, 30.447138 ], [ -97.779387, 30.438401 ], [ -97.77634, 30.429768 ], [ -97.753635, 30.433287 ], [ -97.754665, 30.440223 ], [ -97.746686, 30.449404 ], [ -97.733685, 30.449701 ], [ -97.721149, 30.455835 ], [ -97.694592, 30.461501 ], [ -97.68412, 30.47629 ], [ -97.673759, 30.480101 ], [ -97.596162, 30.501481 ], [ -97.369539, 30.419563 ], [ -97.400089, 30.367906 ], [ -97.486329, 30.220528 ], [ -97.491254, 30.21211 ], [ -97.64937, 30.067944 ], [ -97.70879, 30.023451 ], [ -97.813515, 30.098842 ], [ -97.813942, 30.09915 ], [ -97.928808, 30.181703 ], [ -98.010831, 30.240339 ], [ -98.172977, 30.356312 ], [ -98.125556, 30.426186 ] ] ] } },
{ "type": "Feature", "properties": { "STATEFP": "48", "COUNTYFP": "137", "NAME": "Edwards", "NAMELSAD": "Edwards County" }, "geometry": { "type": "Polygon", "coordinates": [ [ [ -100.700393, 30.288276 ], [ -100.116461, 30.290296 ], [ -99.754142, 30.290698 ], [ -99.757621, 30.074132 ], [ -99.967626, 30.082356 ], [ -100.013291, 29.794339 ], [ -100.014188, 29.623495 ], [ -100.112098, 29.623263 ], [ -100.699932, 29.623897 ], [ -100.700393, 30.288276 ] ] ] } },
{ "type": "Feature", "properties": { "STATEFP": "48", "COUNTYFP": "411", "NAME": "San Saba", "NAMELSAD": "San Saba County" }, "geometry": { "type": "Polygon", "coordinates": [ [ [ -99.090622, 31.460927 ], [ -99.041741, 31.490302 ], [ -98.991608, 31.484071 ], [ -98.933188, 31.436928 ], [ -98.8725, 31.444299 ], [ -98.854292, 31.413425 ], [ -98.773, 31.410926 ], [ -98.76162, 31.375953 ], [ -98.726094, 31.428278 ], [ -98.696634, 31.407287 ], [ -98.713131, 31.34883 ], [ -98.65456, 31.370022 ], [ -98.643921, 31.31407 ], [ -98.587268, 31.325463 ], [ -98.626926, 31.281182 ], [ -98.562732, 31.230443 ], [ -98.510341, 31.155666 ], [ -98.527504, 31.091171 ], [ -98.439711, 31.029647 ], [ -98.418746, 30.92626 ], [ -98.445782, 30.921439 ], [ -98.964612, 30.921368 ], [ -99.086627, 30.921949 ], [ -99.092317, 30.941002 ], [ -99.090622, 31.460927 ] ] ] } },
{ "type": "Feature", "properties": { "STATEFP": "48", "COUNTYFP": "217", "NAME": "Hill", "NAMELSAD": "Hill County" }, "geometry": { "type": "Polygon", "coordinates": [ [ [ -97.476086, 32.17346 ], [ -97.466106, 32.183889 ], [ -97.270479, 32.226774 ], [ -97.113748, 32.259189 ], [ -97.087043, 32.266824 ], [ -96.940656, 32.052087 ], [ -96.896209, 32.073977 ], [ -96.719114, 31.814887 ], [ -96.932215, 31.708887 ], [ -97.037266, 31.863079 ], [ -97.277265, 31.745492 ], [ -97.32653, 31.78836 ], [ -97.28206, 31.843152 ], [ -97.382848, 31.870788 ], [ -97.438765, 31.933506 ], [ -97.379992, 31.97274 ], [ -97.485968, 32.017611 ], [ -97.476086, 32.17346 ] ] ] } },
{ "type": "Feature", "properties": { "STATEFP": "48", "COUNTYFP": "343", "NAME": "Morris", "NAMELSAD": "Morris County" }, "geometry": { "type": "Polygon", "coordinates": [ [ [ -94.808783, 33.363636 ], [ -94.781693, 33.318905 ], [ -94.746925, 33.328938 ], [ -94.691826, 33.312405 ], [ -94.65226, 33.268861 ], [ -94.653994, 32.879506 ], [ -94.705878, 32.879177 ], [ -94.719942, 32.904502 ], [ -94.768855, 32.925834 ], [ -94.819828, 32.982886 ], [ -94.808783, 33.363636 ] ] ] } },
{ "type": "Feature", "properties": { "STATEFP": "48", "COUNTYFP": "381", "NAME": "Randall", "NAMELSAD": "Randall County" }, "geometry": { "type": "Polygon", "coordinates": [ [ [ -102.167471, 35.183233 ], [ -101.622941, 35.183117 ], [ -101.629257, 34.747649 ], [ -101.998493, 34.74819 ], [ -102.168839, 34.747417 ], [ -102.167471, 35.183233 ] ] ] } },
{ "type": "Feature", "properties": { "STATEFP": "48", "COUNTYFP": "073", "NAME": "Cherokee", "NAMELSAD": "Cherokee County" }, "geometry": { "type": "Polygon", "coordinates": [ [ [ -95.459908, 32.135559 ], [ -94.985272, 32.137989 ], [ -94.984768, 31.846144 ], [ -94.937532, 31.845555 ], [ -94.978128, 31.793294 ], [ -94.924219, 31.579487 ], [ -94.865857, 31.526916 ], [ -95.003345, 31.42571 ], [ -95.101382, 31.469887 ], [ -95.099966, 31.518869 ], [ -95.168784, 31.583755 ], [ -95.273203, 31.592886 ], [ -95.258859, 31.609959 ], [ -95.275849, 31.657229 ], [ -95.396531, 31.765266 ], [ -95.412908, 31.835157 ], [ -95.446747, 31.843116 ], [ -95.423832, 31.932009 ], [ -95.446449, 31.998517 ], [ -95.428512, 32.084475 ], [ -95.459908, 32.135559 ] ] ] } },
{ "type": "Feature", "properties": { "STATEFP": "48", "COUNTYFP": "445", "NAME": "Terry", "NAMELSAD": "Terry County" }, "geometry": { "type": "Polygon", "coordinates": [ [ [ -102.594836, 33.388489 ], [ -102.075929, 33.389586 ], [ -102.076214, 32.959702 ], [ -102.20852, 32.958956 ], [ -102.595023, 32.958831 ], [ -102.594836, 33.388489 ] ] ] } },
{ "type": "Feature", "properties": { "STATEFP": "48", "COUNTYFP": "085", "NAME": "Collin", "NAMELSAD": "Collin County" }, "geometry": { "type": "Polygon", "coordinates": [ [ [ -96.843776, 33.011336 ], [ -96.840428, 33.15252 ], [ -96.838803, 33.219386 ], [ -96.83411, 33.405498 ], [ -96.727251, 33.402918 ], [ -96.384602, 33.397826 ], [ -96.384495, 33.341119 ], [ -96.295413, 33.351936 ], [ -96.297227, 32.981752 ], [ -96.517011, 32.982862 ], [ -96.613367, 32.984309 ], [ -96.640872, 32.984699 ], [ -96.756464, 32.986298 ], [ -96.844122, 32.987435 ], [ -96.843776, 33.011336 ] ] ] } },
{ "type": "Feature", "properties": { "STATEFP": "48", "COUNTYFP": "229", "NAME": "Hudspeth", "NAMELSAD": "Hudspeth County" }, "geometry": { "type": "Polygon", "coordinates": [ [ [ -105.997971151664004, 32.001974590699 ], [ -105.750527, 32.002206 ], [ -105.153994, 32.000497 ], [ -104.918356994280003, 32.000472073073503 ], [ -104.91289, 31.62512 ], [ -104.916487, 30.821034 ], [ -104.917163, 30.663626 ], [ -104.980753891324994, 30.628812018788299 ], [ -105.00124, 30.672583 ], [ -105.062334, 30.686303 ], [ -105.098282, 30.718914 ], [ -105.160153, 30.757059 ], [ -105.21866, 30.801567 ], [ -105.314863, 30.816961 ], [ -105.394242, 30.852979 ], [ -105.399609, 30.888941 ], [ -105.488027, 30.943278 ], [ -105.55743, 30.990229 ], [ -105.579542, 31.035396 ], [ -105.627349, 31.098545 ], [ -105.709491, 31.136375 ], [ -105.773257, 31.166897 ], [ -105.794386, 31.20224 ], [ -105.869353, 31.288634 ], [ -105.938452, 31.318735 ], [ -105.953943, 31.364749 ], [ -105.996429378287004, 31.3878401295126 ], [ -105.954328, 31.423468 ], [ -105.993255, 31.478392 ], [ -105.997971151664004, 32.001974590699 ] ] ] } },
{ "type": "Feature", "properties": { "STATEFP": "48", "COUNTYFP": "435", "NAME": "Sutton", "NAMELSAD": "Sutton County" }, "geometry": { "type": "Polygon", "coordinates": [ [ [ -100.960587, 30.706071 ], [ -100.116234, 30.710366 ], [ -100.116461, 30.290296 ], [ -100.700393, 30.288276 ], [ -100.960643, 30.287776 ], [ -100.960587, 30.706071 ] ] ] } },
{ "type": "Feature", "properties": { "STATEFP": "22", "COUNTYFP": "041", "NAME": "Franklin", "NAMELSAD": "Franklin Parish" }, "geometry": { "type": "Polygon", "coordinates": [ [ [ -91.933229, 32.066882 ], [ -91.868202, 32.091555 ], [ -91.894729, 32.15155 ], [ -91.775019, 32.243333 ], [ -91.764379, 32.330018 ], [ -91.635072, 32.40571 ], [ -91.476495, 32.405564 ], [ -91.472391, 32.316529 ], [ -91.557199, 32.249654 ], [ -91.493574, 32.203247 ], [ -91.489761, 32.092422 ], [ -91.528204, 31.959343 ], [ -91.511374, 31.930025 ], [ -91.575346, 31.883266 ], [ -91.596437, 31.970401 ], [ -91.647529, 31.970525 ], [ -91.729158, 31.88251 ], [ -91.804869, 31.893193 ], [ -91.889823, 31.97169 ], [ -91.933229, 32.066882 ] ] ] } },
{ "type": "Feature", "properties": { "STATEFP": "22", "COUNTYFP": "029", "NAME": "Concordia", "NAMELSAD": "Concordia Parish" }, "geometry": { "type": "Polygon", "coordinates": [ [ [ -91.845019, 31.375916 ], [ -91.776779, 31.385215 ], [ -91.855889, 31.423831 ], [ -91.857083, 31.494527 ], [ -91.807098, 31.438794 ], [ -91.738331, 31.431572 ], [ -91.738032, 31.46741 ], [ -91.798754, 31.473354 ], [ -91.779725, 31.530973 ], [ -91.826926, 31.591671 ], [ -91.775836, 31.648626 ], [ -91.737189, 31.614088 ], [ -91.705948, 31.642863 ], [ -91.694469, 31.735286 ], [ -91.635822, 31.729119 ], [ -91.601622, 31.761864 ], [ -91.544791, 31.751731 ], [ -91.39829, 31.753212 ], [ -91.380124529983505, 31.732626953050001 ], [ -91.380915, 31.732464 ], [ -91.395715, 31.644165 ], [ -91.463817, 31.620365 ], [ -91.457517, 31.587566 ], [ -91.437616, 31.546166 ], [ -91.489618, 31.534266 ], [ -91.51714, 31.498394 ], [ -91.510356, 31.438928 ], [ -91.532336, 31.390275 ], [ -91.536061, 31.338355 ], [ -91.508858, 31.291644 ], [ -91.564192, 31.261633 ], [ -91.621358, 31.267811 ], [ -91.644356, 31.234414 ], [ -91.590051, 31.193693 ], [ -91.590993893064507, 31.1919985656988 ], [ -91.621671, 31.13687 ], [ -91.594693, 31.091444 ], [ -91.560365, 31.049508 ], [ -91.628257298208794, 31.005097001895201 ], [ -91.723804, 31.044254 ], [ -91.719004, 31.134616 ], [ -91.677302, 31.188047 ], [ -91.83428, 31.266344 ], [ -91.862168, 31.302314 ], [ -91.845019, 31.375916 ] ] ] } },
{ "type": "Feature", "properties": { "STATEFP": "48", "COUNTYFP": "473", "NAME": "Waller", "NAMELSAD": "Waller County" }, "geometry": { "type": "Polygon", "coordinates": [ [ [ -96.15901, 30.206613 ], [ -96.093165, 30.225187 ], [ -96.069319, 30.229964 ], [ -95.804306, 30.24557 ], [ -95.80333, 30.090096 ], [ -95.844741, 30.088914 ], [ -95.960733, 30.163415 ], [ -95.830196, 29.800418 ], [ -95.825975, 29.788616 ], [ -95.97094, 29.728554 ], [ -96.032711, 29.727944 ], [ -96.049234, 29.803187 ], [ -96.121405, 29.836652 ], [ -96.122754, 29.968545 ], [ -96.084541, 30.005137 ], [ -96.146052, 30.070224 ], [ -96.191782, 30.13842 ], [ -96.15901, 30.206613 ] ] ] } },
{ "type": "Feature", "properties": { "STATEFP": "48", "COUNTYFP": "291", "NAME": "Liberty", "NAMELSAD": "Liberty County" }, "geometry": { "type": "Polygon", "coordinates": [ [ [ -95.165897, 30.344976 ], [ -94.85252, 30.482907 ], [ -94.849414, 30.493553 ], [ -94.777341, 30.489002 ], [ -94.732732, 30.490066 ], [ -94.596338, 30.112101 ], [ -94.44491, 30.113015 ], [ -94.442235, 29.889538 ], [ -94.98146, 29.884276 ], [ -94.998656, 29.919771 ], [ -94.985911, 29.973012 ], [ -95.030936, 29.993699 ], [ -95.096708, 30.167214 ], [ -95.165897, 30.344976 ] ] ] } },
{ "type": "Feature", "properties": { "STATEFP": "22", "COUNTYFP": "011", "NAME": "Beauregard", "NAMELSAD": "Beauregard Parish" }, "geometry": { "type": "Polygon", "coordinates": [ [ [ -93.702665, 30.429947 ], [ -93.710117, 30.5064 ], [ -93.729195, 30.544842 ], [ -93.684329, 30.592586 ], [ -93.685121, 30.625201 ], [ -93.629904, 30.67994 ], [ -93.617688, 30.738479 ], [ -93.569303, 30.802969 ], [ -93.558617, 30.869424 ], [ -93.554575854345501, 30.8774695018611 ], [ -93.478425, 30.859362 ], [ -93.426486, 30.882698 ], [ -92.978673, 30.878136 ], [ -92.979098, 30.597995 ], [ -93.130732, 30.598093 ], [ -93.131155, 30.423591 ], [ -93.131224, 30.403058 ], [ -93.38524, 30.402658 ], [ -93.384521, 30.490166 ], [ -93.486325, 30.490523 ], [ -93.486159, 30.402547 ], [ -93.738172999870201, 30.4025470540047 ], [ -93.702665, 30.429947 ] ] ] } },
{ "type": "Feature", "properties": { "STATEFP": "22", "COUNTYFP": "051", "NAME": "Jefferson", "NAMELSAD": "Jefferson Parish" }, "geometry": { "type": "Polygon", "coordinates": [ [ [ -90.279495, 30.006797 ], [ -90.275555, 30.088877 ], [ -90.259889, 30.16341 ], [ -90.220354, 30.175595 ], [ -90.156256, 30.189613 ], [ -90.108119, 30.16494 ], [ -90.124861, 29.975817 ], [ -90.140074, 29.947904 ], [ -90.132474, 29.913005 ], [ -90.058547, 29.945334 ], [ -90.008056, 29.895528 ], [ -90.06861, 29.82883 ], [ -90.075683, 29.77185 ], [ -89.984533, 29.617396 ], [ -89.97747, 29.449371 ], [ -89.902706324024294, 29.293036606495999 ], [ -89.95646, 29.253744 ], [ -90.058512, 29.183687 ], [ -90.089835448194194, 29.1644753566211 ], [ -89.998954, 29.298339 ], [ -90.030189, 29.332071 ], [ -90.020622, 29.428461 ], [ -90.137504, 29.477163 ], [ -90.186172, 29.563341 ], [ -90.151725, 29.587871 ], [ -90.155807, 29.67753 ], [ -90.228157, 29.692028 ], [ -90.169288, 29.80738 ], [ -90.173202, 29.827524 ], [ -90.240173, 29.862117 ], [ -90.279533, 29.967971 ], [ -90.279495, 30.006797 ] ] ] } },
{ "type": "Feature", "properties": { "STATEFP": "48", "COUNTYFP": "025", "NAME": "Bee", "NAMELSAD": "Bee County" }, "geometry": { "type": "Polygon", "coordinates": [ [ [ -98.005252, 28.690239 ], [ -97.915106, 28.719648 ], [ -97.77853, 28.668027 ], [ -97.696945, 28.541856 ], [ -97.558496, 28.514054 ], [ -97.551369, 28.450441 ], [ -97.375579, 28.388684 ], [ -97.541071, 28.164669 ], [ -97.567622, 28.129683 ], [ -97.817716, 28.176848 ], [ -97.808774, 28.183415 ], [ -98.089764, 28.662979 ], [ -98.005252, 28.690239 ] ] ] } },
{ "type": "Feature", "properties": { "STATEFP": "48", "COUNTYFP": "469", "NAME": "Victoria", "NAMELSAD": "Victoria County" }, "geometry": { "type": "Polygon", "coordinates": [ [ [ -97.305916, 28.864037 ], [ -96.976378, 29.104046 ], [ -96.938587, 29.063244 ], [ -96.832103, 29.021299 ], [ -96.792133, 28.918803 ], [ -96.711514, 28.851411 ], [ -96.69933, 28.778643 ], [ -96.643442, 28.712105 ], [ -96.659864, 28.701671 ], [ -96.665707, 28.705705 ], [ -96.722814, 28.669759 ], [ -96.853757, 28.635199 ], [ -96.930367, 28.586728 ], [ -96.890951, 28.507178 ], [ -96.915284, 28.485797 ], [ -97.048529, 28.549976 ], [ -97.160751, 28.553475 ], [ -97.182359, 28.610602 ], [ -97.158933, 28.776156 ], [ -97.202759, 28.853849 ], [ -97.305916, 28.864037 ] ] ] } },
{ "type": "Feature", "properties": { "STATEFP": "22", "COUNTYFP": "087", "NAME": "St. Bernard", "NAMELSAD": "St. Bernard Parish" }, "geometry": { "type": "Polygon", "coordinates": [ [ [ -90.012102, 29.94598 ], [ -89.845297119572393, 30.016381840570102 ], [ -89.852583, 29.952721 ], [ -89.795969, 29.934003 ], [ -89.744272, 29.917647 ], [ -89.701725, 29.874085 ], [ -89.647064, 29.863602 ], [ -89.598129, 29.881409 ], [ -89.574425, 29.983738 ], [ -89.494064, 30.040972 ], [ -89.444618, 30.060959 ], [ -89.342163, 30.059172 ], [ -89.303026, 30.09157 ], [ -89.233168, 30.134957 ], [ -89.183256, 30.149344 ], [ -89.185799, 30.063934 ], [ -89.215675, 29.993523 ], [ -89.231178, 29.925484 ], [ -89.236298, 29.877081 ], [ -89.293251, 29.803053 ], [ -89.271034, 29.756355 ], [ -89.399162, 29.770592 ], [ -89.403956, 29.681808 ], [ -89.465562, 29.651738 ], [ -89.500966753133696, 29.633455425058798 ], [ -89.5186, 29.649117 ], [ -89.628181, 29.680682 ], [ -89.721045, 29.757652 ], [ -89.86972, 29.795451 ], [ -89.910708, 29.867865 ], [ -89.921019, 29.915729 ], [ -90.012102, 29.94598 ] ] ] } },
{ "type": "Feature", "properties": { "STATEFP": "48", "COUNTYFP": "277", "NAME": "Lamar", "NAMELSAD": "Lamar County" }, "geometry": { "type": "Polygon", "coordinates": [ [ [ -95.85505, 33.827939 ], [ -95.844878534070702, 33.860421904718997 ], [ -95.820596, 33.858465 ], [ -95.789639317752304, 33.872437384672303 ], [ -95.737508, 33.895967 ], [ -95.669978, 33.905844 ], [ -95.603657, 33.927195 ], [ -95.556915, 33.92702 ], [ -95.525322, 33.885487 ], [ -95.44737, 33.86885 ], [ -95.352338, 33.867789 ], [ -95.310449795449102, 33.873843038185498 ], [ -95.310673, 33.663154 ], [ -95.308637, 33.380662 ], [ -95.372972, 33.39094 ], [ -95.490158, 33.453663 ], [ -95.621027, 33.48706 ], [ -95.671634, 33.472636 ], [ -95.758439, 33.495098 ], [ -95.857738, 33.461722 ], [ -95.85505, 33.827939 ] ] ] } },
{ "type": "Feature", "properties": { "STATEFP": "48", "COUNTYFP": "299", "NAME": "Llano", "NAMELSAD": "Llano County" }, "geometry": { "type": "Polygon", "coordinates": [ [ [ -98.964612, 30.921368 ], [ -98.445782, 30.921439 ], [ -98.457382, 30.878897 ], [ -98.376877, 30.83489 ], [ -98.432098, 30.78631 ], [ -98.371905, 30.740485 ], [ -98.438995, 30.673285 ], [ -98.411148, 30.574644 ], [ -98.351983, 30.558393 ], [ -98.351041, 30.486096 ], [ -98.411462, 30.502095 ], [ -98.59167, 30.499875 ], [ -98.964232, 30.498482 ], [ -98.964612, 30.921368 ] ] ] } },
{ "type": "Feature", "properties": { "STATEFP": "22", "COUNTYFP": "053", "NAME": "Jefferson Davis", "NAMELSAD": "Jefferson Davis Parish" }, "geometry": { "type": "Polygon", "coordinates": [ [ [ -93.131155, 30.423591 ], [ -93.065525, 30.438677 ], [ -92.775737, 30.437617 ], [ -92.773981, 30.488218 ], [ -92.630321, 30.488012 ], [ -92.632025, 30.481182 ], [ -92.594586, 30.420339 ], [ -92.630975, 30.374585 ], [ -92.591129, 30.182365 ], [ -92.625484, 30.09233 ], [ -92.637841, 30.072174 ], [ -92.737217, 30.037455 ], [ -92.757328, 30.039447 ], [ -92.996624, 30.038481 ], [ -92.996479, 30.082593 ], [ -92.887222, 30.083455 ], [ -92.893247, 30.15651 ], [ -92.9963, 30.156955 ], [ -93.030728, 30.260564 ], [ -93.030959, 30.37939 ], [ -93.131224, 30.403058 ], [ -93.131155, 30.423591 ] ] ] } },
{ "type": "Feature", "properties": { "STATEFP": "48", "COUNTYFP": "245", "NAME": "Jefferson", "NAMELSAD": "Jefferson County" }, "geometry": { "type": "Polygon", "coordinates": [ [ [ -94.44491, 30.113015 ], [ -94.292629, 30.117671 ], [ -94.275451, 30.170265 ], [ -94.17644, 30.18794 ], [ -94.115917, 30.160347 ], [ -94.073678, 30.114111 ], [ -94.093978, 30.086265 ], [ -94.031976, 30.028013 ], [ -93.843896, 29.954805 ], [ -93.852309870922298, 29.872091004391901 ], [ -93.872446, 29.85165 ], [ -93.929208, 29.802952 ], [ -93.890821, 29.761673 ], [ -93.863204, 29.724059 ], [ -93.837971, 29.690619 ], [ -93.861291, 29.679007 ], [ -93.961867, 29.682213 ], [ -94.056506, 29.671163 ], [ -94.161549, 29.636588 ], [ -94.354122544913693, 29.5621028201748 ], [ -94.357976, 29.887464 ], [ -94.420877, 29.887113 ], [ -94.442235, 29.889538 ], [ -94.44491, 30.113015 ] ] ] } },
{ "type": "Feature", "properties": { "STATEFP": "22", "COUNTYFP": "101", "NAME": "St. Mary", "NAMELSAD": "St. Mary Parish" }, "geometry": { "type": "Polygon", "coordinates": [ [ [ -91.935286, 29.671939 ], [ -91.711283, 29.846131 ], [ -91.624347, 29.94546 ], [ -91.471953, 29.956304 ], [ -91.373642, 29.834401 ], [ -91.386491, 29.783681 ], [ -91.177686, 29.727829 ], [ -91.134117, 29.724073 ], [ -91.10001, 29.699402 ], [ -91.105249, 29.643012 ], [ -91.082611, 29.626814 ], [ -91.183695, 29.608005 ], [ -91.221118, 29.580945 ], [ -91.273662, 29.479433 ], [ -91.219846, 29.398014 ], [ -91.266322670719205, 29.361363733346 ], [ -91.334051, 29.391525 ], [ -91.363967, 29.420664 ], [ -91.347514, 29.444438 ], [ -91.394307, 29.497115 ], [ -91.439952561224501, 29.4785201312786 ], [ -91.460963, 29.469961 ], [ -91.48559, 29.499116 ], [ -91.531021, 29.531543 ], [ -91.537445, 29.565888 ], [ -91.541974, 29.594353 ], [ -91.600179, 29.631156 ], [ -91.643832, 29.630625 ], [ -91.623829, 29.69924 ], [ -91.667128, 29.745822 ], [ -91.737253, 29.74937 ], [ -91.808142, 29.725097 ], [ -91.85307, 29.702936 ], [ -91.862556996522599, 29.667395463759899 ], [ -91.935286, 29.671939 ] ] ] } },
{ "type": "Feature", "properties": { "STATEFP": "22", "COUNTYFP": "023", "NAME": "Cameron", "NAMELSAD": "Cameron Parish" }, "geometry": { "type": "Polygon", "coordinates": [ [ [ -93.929208, 29.802952 ], [ -93.872446, 29.85165 ], [ -93.852309870922298, 29.872091004391901 ], [ -93.830374, 29.894359 ], [ -93.807815, 29.954549 ], [ -93.741078, 30.021571 ], [ -93.706183566317407, 30.0523143321691 ], [ -93.128475, 30.052709 ], [ -92.996624, 30.038481 ], [ -92.757328, 30.039447 ], [ -92.737217, 30.037455 ], [ -92.616033, 30.03826 ], [ -92.616081477277405, 29.588785706948698 ], [ -92.684486, 29.605001 ], [ -92.879992, 29.680285 ], [ -92.993128, 29.723846 ], [ -93.088182, 29.749125 ], [ -93.17693, 29.770487 ], [ -93.295573, 29.775071 ], [ -93.411087, 29.767357 ], [ -93.538462, 29.763299 ], [ -93.741948, 29.736343 ], [ -93.79925, 29.71526 ], [ -93.837971, 29.690619 ], [ -93.863204, 29.724059 ], [ -93.890821, 29.761673 ], [ -93.929208, 29.802952 ] ] ] } },
{ "type": "Feature", "properties": { "STATEFP": "48", "COUNTYFP": "349", "NAME": "Navarro", "NAMELSAD": "Navarro County" }, "geometry": { "type": "Polygon", "coordinates": [ [ [ -96.896209, 32.073977 ], [ -96.38291, 32.328929 ], [ -96.196965, 32.206942 ], [ -96.146523, 32.211715 ], [ -96.105364, 32.075337 ], [ -96.05478, 32.012526 ], [ -96.496713, 31.796191 ], [ -96.719114, 31.814887 ], [ -96.896209, 32.073977 ] ] ] } },
{ "type": "Feature", "properties": { "STATEFP": "22", "COUNTYFP": "113", "NAME": "Vermilion", "NAMELSAD": "Vermilion Parish" }, "geometry": { "type": "Polygon", "coordinates": [ [ [ -92.637841, 30.072174 ], [ -92.625484, 30.09233 ], [ -92.624476, 30.089711 ], [ -92.618625, 30.09306 ], [ -92.61865, 30.088865 ], [ -92.615328, 30.088821 ], [ -92.613617, 30.092306 ], [ -92.610032, 30.091367 ], [ -92.610877, 30.094484 ], [ -92.606158, 30.095059 ], [ -92.604815, 30.098338 ], [ -92.599016, 30.09717 ], [ -92.595985, 30.099463 ], [ -92.593585, 30.098043 ], [ -92.591265, 30.099395 ], [ -92.587311, 30.096118 ], [ -92.586336, 30.09754 ], [ -92.581775, 30.097426 ], [ -92.57877, 30.099489 ], [ -92.578876, 30.101506 ], [ -92.575713, 30.100888 ], [ -92.573578, 30.103019 ], [ -92.570994, 30.102377 ], [ -92.567752, 30.104669 ], [ -92.569861, 30.107993 ], [ -92.568121, 30.111111 ], [ -92.566301, 30.109667 ], [ -92.563981, 30.11244 ], [ -92.559684, 30.1115 ], [ -92.557126, 30.115993 ], [ -92.55391, 30.115603 ], [ -92.553884, 30.111019 ], [ -92.547926, 30.108909 ], [ -92.545553, 30.110261 ], [ -92.542126, 30.108542 ], [ -92.543392, 30.106983 ], [ -92.53912, 30.10524 ], [ -92.53883, 30.107189 ], [ -92.534638, 30.107852 ], [ -92.423166, 30.04932 ], [ -92.284675, 30.147443 ], [ -92.279691, 30.141533 ], [ -92.262733, 30.144388 ], [ -92.258912, 30.139298 ], [ -92.240158, 30.141041 ], [ -92.22705, 30.136896 ], [ -92.202926, 30.142739 ], [ -92.12778, 30.115972 ], [ -92.088421, 30.128299 ], [ -92.066153, 30.073926 ], [ -91.967868, 30.038178 ], [ -91.993895, 29.975033 ], [ -91.971957, 29.832297 ], [ -92.000124, 29.613373 ], [ -92.042894303827396, 29.577480288972001 ], [ -92.064513, 29.585665 ], [ -92.158624, 29.581616 ], [ -92.25186, 29.539354 ], [ -92.323465, 29.531497 ], [ -92.40986, 29.547477 ], [ -92.473585, 29.561081 ], [ -92.568038, 29.577397 ], [ -92.616081477277405, 29.588785706948698 ], [ -92.616033, 30.03826 ], [ -92.737217, 30.037455 ], [ -92.637841, 30.072174 ] ] ] } },
{ "type": "Feature", "properties": { "STATEFP": "48", "COUNTYFP": "053", "NAME": "Burnet", "NAMELSAD": "Burnet County" }, "geometry": { "type": "Polygon", "coordinates": [ [ [ -98.445782, 30.921439 ], [ -98.418746, 30.92626 ], [ -98.439711, 31.029647 ], [ -97.911689, 31.035009 ], [ -97.840365, 30.929318 ], [ -97.8281, 30.904414 ], [ -97.96286, 30.785641 ], [ -98.049886, 30.624155 ], [ -98.12342, 30.486482 ], [ -98.125556, 30.426186 ], [ -98.351041, 30.486096 ], [ -98.351983, 30.558393 ], [ -98.411148, 30.574644 ], [ -98.438995, 30.673285 ], [ -98.371905, 30.740485 ], [ -98.432098, 30.78631 ], [ -98.376877, 30.83489 ], [ -98.457382, 30.878897 ], [ -98.445782, 30.921439 ] ] ] } },
{ "type": "Feature", "properties": { "STATEFP": "48", "COUNTYFP": "095", "NAME": "Concho", "NAMELSAD": "Concho County" }, "geometry": { "type": "Polygon", "coordinates": [ [ [ -100.111234, 31.580267 ], [ -99.721698, 31.576759 ], [ -99.625426, 31.467429 ], [ -99.60185, 31.49195 ], [ -99.603223, 31.087296 ], [ -100.115216, 31.087994 ], [ -100.111234, 31.580267 ] ] ] } }
]
}
