{"type":"FeatureCollection","features":[{"type":"Feature","properties":{"highway":"motorway_link"},"geometry":{"type":"LineString","coordinates":[[-112.06703,41.54029],[-112.06707,41.53958],[-112.06711,41.53939],[-112.06717,41.5392],[-112.06725,41.53902],[-112.06737,41.53884],[-112.0675,41.53867],[-112.06764,41.53853],[-112.06793,41.5383],[-112.06822,41.53809],[-112.06873,41.53766],[-112.06887,41.5375],[-112.06895,41.53733],[-112.06898,41.53721],[-112.06899,41.53712],[-112.06899,41.53704],[-112.06892,41.53641]]}},{"type":"Feature","properties":{"highway":"motorway_link"},"geometry":{"type":"LineString","coordinates":[[-112.05366,41.49175],[-112.05338,41.4896],[-112.05336,41.48909],[-112.05341,41.4887],[-112.0538,41.48719]]}},{"type":"Feature","properties":{"highway":"primary_link"},"geometry":{"type":"LineString","coordinates":[[-112.01638,41.52851],[-112.01611,41.52818],[-112.01589,41.52788],[-112.0157,41.5275],[-112.0156,41.52708],[-112.01557,41.52691],[-112.01551,41.52675]]}},{"type":"Feature","properties":{"highway":"motorway_link"},"geometry":{"type":"LineString","coordinates":[[-112.05328,41.48172],[-112.05316,41.48203],[-112.05314,41.48229],[-112.05311,41.48248],[-112.05306,41.48278],[-112.053,41.48318],[-112.05295,41.48348],[-112.05293,41.48359],[-112.0529,41.48367]]}},{"type":"Feature","properties":{"highway":"motorway_link"},"geometry":{"type":"LineString","coordinates":[[-112.05055,41.41504],[-112.05053,41.41573],[-112.05053,41.41678],[-112.05058,41.41805],[-112.05066,41.41864],[-112.05121,41.42082],[-112.05132,41.42116],[-112.05146,41.42146]]}},{"type":"Feature","properties":{"highway":"motorway_link"},"geometry":{"type":"LineString","coordinates":[[-112.05628,41.43881],[-112.05627,41.43917],[-112.05624,41.43969],[-112.05624,41.43973],[-112.05622,41.44052],[-112.05623,41.44067],[-112.05632,41.44141]]}},{"type":"Feature","properties":{"highway":"motorway_link"},"geometry":{"type":"LineString","coordinates":[[-112.05708,41.43455],[-112.05678,41.43604],[-112.0565,41.43802],[-112.05628,41.43881]]}},{"type":"Feature","properties":{"highway":"motorway_link"},"geometry":{"type":"LineString","coordinates":[[-112.0563,41.42654],[-112.056,41.42589],[-112.05569,41.42532],[-112.05511,41.42439],[-112.05445,41.42331],[-112.05402,41.42269]]}},{"type":"Feature","properties":{"highway":"motorway_link"},"geometry":{"type":"LineString","coordinates":[[-112.06621,41.53666],[-112.06625,41.53733],[-112.06623,41.53746],[-112.06618,41.53758],[-112.06606,41.53774],[-112.06593,41.53786],[-112.06576,41.53796],[-112.06557,41.53804],[-112.06532,41.53809],[-112.06508,41.5381],[-112.06485,41.53807],[-112.06465,41.538],[-112.06449,41.53792],[-112.06434,41.53781],[-112.06423,41.5377],[-112.06415,41.53756],[-112.06409,41.53741],[-112.06409,41.53726],[-112.06411,41.53711],[-112.06427,41.53666],[-112.06447,41.53596]]}},{"type":"Feature","properties":{"highway":"motorway_link"},"geometry":{"type":"LineString","coordinates":[[-112.09737,41.63137],[-112.09781,41.63209],[-112.09801,41.63249],[-112.09814,41.63283],[-112.09823,41.63323],[-112.0983,41.6338],[-112.09834,41.63426],[-112.09837,41.63476],[-112.09838,41.63492],[-112.09839,41.63503]]}},{"type":"Feature","properties":{"highway":"motorway_link"},"geometry":{"type":"LineString","coordinates":[[-112.10373,41.63871],[-112.10358,41.63844],[-112.10344,41.63823],[-112.10331,41.63799],[-112.1032,41.63776],[-112.10308,41.63748],[-112.10299,41.6372],[-112.10293,41.637],[-112.1029,41.6368],[-112.10287,41.63659],[-112.10279,41.63568],[-112.10278,41.63545],[-112.10275,41.63524],[-112.10274,41.63514]]}},{"type":"Feature","properties":{"highway":"motorway_link"},"geometry":{"type":"LineString","coordinates":[[-112.05651,41.44569],[-112.05677,41.4441],[-112.05708,41.4424]]}},{"type":"Feature","properties":{"highway":"motorway_link"},"geometry":{"type":"LineString","coordinates":[[-112.06387,41.53508],[-112.06421,41.53524],[-112.06427,41.53529],[-112.06432,41.53534],[-112.06437,41.5354],[-112.0644,41.53547],[-112.06442,41.53552],[-112.06444,41.53558],[-112.06445,41.53571],[-112.06395,41.53709],[-112.06393,41.53724],[-112.06394,41.53738],[-112.06396,41.5375],[-112.064,41.53761],[-112.06409,41.53776],[-112.06422,41.53789],[-112.06433,41.53798],[-112.06445,41.53806],[-112.06563,41.53866],[-112.0658,41.53877],[-112.06599,41.53892],[-112.06612,41.53904],[-112.06624,41.53917],[-112.06639,41.53937],[-112.0665,41.53959],[-112.06658,41.53985],[-112.06674,41.54072]]}},{"type":"Feature","properties":{"highway":"motorway_link"},"geometry":{"type":"LineString","coordinates":[[-112.03911,41.34429],[-112.03909,41.3439],[-112.03902,41.34362],[-112.03899,41.34351],[-112.03892,41.34323],[-112.03889,41.3431],[-112.03887,41.343],[-112.03886,41.34289],[-112.03886,41.34278],[-112.03886,41.34268],[-112.03887,41.34258],[-112.03889,41.34246],[-112.0389,41.34236],[-112.03893,41.34223],[-112.03897,41.34211],[-112.03899,41.34202],[-112.03904,41.34192],[-112.03908,41.34182],[-112.03914,41.34172],[-112.0392,41.34162],[-112.03926,41.34153],[-112.03931,41.34145],[-112.03937,41.34137],[-112.03944,41.34127],[-112.03949,41.34118],[-112.03952,41.34109],[-112.03953,41.34104],[-112.03954,41.341],[-112.03956,41.34094],[-112.03956,41.34088],[-112.03955,41.34082],[-112.03954,41.34074],[-112.03953,41.34068],[-112.03951,41.34062],[-112.03949,41.34055],[-112.03946,41.3405],[-112.0394,41.3404],[-112.03935,41.34035],[-112.03931,41.3403],[-112.03925,41.34025],[-112.0392,41.34021],[-112.03914,41.34016],[-112.03906,41.34011],[-112.03899,41.34007],[-112.03891,41.34003],[-112.03882,41.33998]]}},{"type":"Feature","properties":{"highway":"motorway_link"},"geometry":{"type":"LineString","coordinates":[[-112.03631,41.34101],[-112.03634,41.34114],[-112.03636,41.34123],[-112.03637,41.34132],[-112.03637,41.3414],[-112.03637,41.34147],[-112.03636,41.34156],[-112.03636,41.34164],[-112.03635,41.34169],[-112.03633,41.34177],[-112.0363,41.34187],[-112.03627,41.34194],[-112.03622,41.34204],[-112.03619,41.34214],[-112.03617,41.34228]]}},{"type":"Feature","properties":{"highway":"motorway_link"},"geometry":{"type":"LineString","coordinates":[[-112.03433,41.33708],[-112.03439,41.33734],[-112.03484,41.33868],[-112.03494,41.33891],[-112.03504,41.33911],[-112.03517,41.33936],[-112.03526,41.33953],[-112.03535,41.33967],[-112.0355,41.33989],[-112.03566,41.3401],[-112.03589,41.34039],[-112.03606,41.34058],[-112.03613,41.34069],[-112.0362,41.3408],[-112.03625,41.34089],[-112.03631,41.34101]]}},{"type":"Feature","properties":{"highway":"primary"},"geometry":{"type":"LineString","coordinates":[[-112.09083,41.78528],[-112.0908,41.78516],[-112.09074,41.7849],[-112.09074,41.78464],[-112.09082,41.78432],[-112.09096,41.78405]]}},{"type":"Feature","properties":{"highway":"motorway_link"},"geometry":{"type":"LineString","coordinates":[[-112.21116,41.71295],[-112.21043,41.71258],[-112.20953,41.71215],[-112.20907,41.71193],[-112.20889,41.71184],[-112.20875,41.71176],[-112.2086,41.71166],[-112.20844,41.71153],[-112.20832,41.71142],[-112.20804,41.71106],[-112.20798,41.71099],[-112.20784,41.71083],[-112.20777,41.71075]]}},{"type":"Feature","properties":{"highway":"motorway_link"},"geometry":{"type":"LineString","coordinates":[[-112.06464,41.53519],[-112.06445,41.53571]]}},{"type":"Feature","properties":{"highway":"motorway_link"},"geometry":{"type":"LineString","coordinates":[[-112.0481,41.48594],[-112.04931,41.48598],[-112.04961,41.48601],[-112.04984,41.48605],[-112.05004,41.48609],[-112.0504,41.48619],[-112.05074,41.48631],[-112.05113,41.4865],[-112.05143,41.48668],[-112.05175,41.48695],[-112.05199,41.48723],[-112.05218,41.4875],[-112.05229,41.48769],[-112.05237,41.48792],[-112.05273,41.48982],[-112.05291,41.49051],[-112.05313,41.49128]]}},{"type":"Feature","properties":{"highway":"motorway_link"},"geometry":{"type":"LineString","coordinates":[[-112.49605,41.88636],[-112.49383,41.88564],[-112.49352,41.88555],[-112.49315,41.8854],[-112.49258,41.88516],[-112.49209,41.88493],[-112.49164,41.88474],[-112.49138,41.88465],[-112.49112,41.88457],[-112.49056,41.88442],[-112.49028,41.88435]]}},{"type":"Feature","properties":{"highway":"motorway_link"},"geometry":{"type":"LineString","coordinates":[[-112.48434,41.88345],[-112.48637,41.88414],[-112.48668,41.88425],[-112.48705,41.8844],[-112.48739,41.88455],[-112.48814,41.8849],[-112.48864,41.88509],[-112.48954,41.88532],[-112.48979,41.88539]]}},{"type":"Feature","properties":{"highway":"motorway_link"},"geometry":{"type":"LineString","coordinates":[[-112.06888,41.53608],[-112.06869,41.53621],[-112.06864,41.53628],[-112.06862,41.53636],[-112.06866,41.53652],[-112.06882,41.53687],[-112.06886,41.53704],[-112.06886,41.5372],[-112.06879,41.53741],[-112.06862,41.53762],[-112.0684,41.53777],[-112.06824,41.53784],[-112.06803,41.53789],[-112.06788,41.5379],[-112.06778,41.5379],[-112.06759,41.53789],[-112.06741,41.53785],[-112.06725,41.5378],[-112.06712,41.53773],[-112.06696,41.53763],[-112.06684,41.5375],[-112.06673,41.53737],[-112.06659,41.537]]}},{"type":"Feature","properties":{"highway":"motorway_link"},"geometry":{"type":"LineString","coordinates":[[-112.03743,41.33983],[-112.03822,41.33996],[-112.03844,41.34],[-112.03854,41.34002],[-112.03862,41.34004],[-112.03869,41.34006],[-112.03877,41.34008],[-112.03884,41.34011],[-112.03889,41.34013],[-112.03895,41.34016],[-112.039,41.34019],[-112.03903,41.34021],[-112.03906,41.34023],[-112.0391,41.34026],[-112.03914,41.3403],[-112.03918,41.34033],[-112.03921,41.34036],[-112.03924,41.34039],[-112.03928,41.34044],[-112.0393,41.34048],[-112.03932,41.34052],[-112.03936,41.34059],[-112.03938,41.34064],[-112.03939,41.34067],[-112.03941,41.34071],[-112.03942,41.34075],[-112.03942,41.3408],[-112.03943,41.34085],[-112.03943,41.34089],[-112.03942,41.34094],[-112.03942,41.34098],[-112.03941,41.34102],[-112.0394,41.34106],[-112.03937,41.34113],[-112.03935,41.34117],[-112.03933,41.34121],[-112.03932,41.34123],[-112.0393,41.34126],[-112.03927,41.34129],[-112.03923,41.34134],[-112.03918,41.34139],[-112.03914,41.34142],[-112.03909,41.34146],[-112.03904,41.34149],[-112.03897,41.34152],[-112.03891,41.34155],[-112.03886,41.34157],[-112.03879,41.34158],[-112.03872,41.3416],[-112.03865,41.34161],[-112.0386,41.34162],[-112.03854,41.34162],[-112.03848,41.34162],[-112.03843,41.34162],[-112.03837,41.34162],[-112.03831,41.34161],[-112.03826,41.3416],[-112.03821,41.34159],[-112.03815,41.34157],[-112.03809,41.34155],[-112.03803,41.34153],[-112.03798,41.34151],[-112.03792,41.34147],[-112.03787,41.34144],[-112.03781,41.3414],[-112.03777,41.34136],[-112.03763,41.3412],[-112.03752,41.34109],[-112.03726,41.3408],[-112.037,41.34051],[-112.03643,41.33988],[-112.03618,41.3396],[-112.03598,41.33934],[-112.03577,41.33905],[-112.03548,41.33874]]}},{"type":"Feature","properties":{"highway":"motorway_link"},"geometry":{"type":"LineString","coordinates":[[-112.03882,41.33998],[-112.03859,41.33993],[-112.03844,41.3399],[-112.0377,41.33978],[-112.03745,41.33974]]}},{"type":"Feature","properties":{"highway":"primary"},"geometry":{"type":"LineString","coordinates":[[-112.09279,41.71538],[-112.09328,41.71537]]}},{"type":"Feature","properties":{"highway":"primary"},"geometry":{"type":"LineString","coordinates":[[-112.20479,41.71082],[-112.20388,41.71085]]}},{"type":"Feature","properties":{"highway":"trunk"},"geometry":{"type":"LineString","coordinates":[[-112.01619,41.48652],[-112.01538,41.48652]]}},{"type":"Feature","properties":{"highway":"primary"},"geometry":{"type":"LineString","coordinates":[[-112.14935,41.78492],[-112.14893,41.77039],[-112.1485,41.75921],[-112.14837,41.75582],[-112.14833,41.75389],[-112.14834,41.74991],[-112.14833,41.74945],[-112.14831,41.74901],[-112.14826,41.7487],[-112.1481,41.74822]]}},{"type":"Feature","properties":{"highway":"primary"},"geometry":{"type":"LineString","coordinates":[[-112.20777,41.71075],[-112.2068,41.71077]]}},{"type":"Feature","properties":{"highway":"primary"},"geometry":{"type":"LineString","coordinates":[[-112.10261,41.71531],[-112.10312,41.71528],[-112.10374,41.71524],[-112.10445,41.71517],[-112.10507,41.71509],[-112.10646,41.71489],[-112.10897,41.71451],[-112.11009,41.71434],[-112.11178,41.71407],[-112.11375,41.71377],[-112.1154,41.71352],[-112.1165,41.71336]]}},{"type":"Feature","properties":{"highway":"primary"},"geometry":{"type":"LineString","coordinates":[[-113.3896,41.81639],[-113.38886,41.81633],[-113.38559,41.81637],[-113.38138,41.81641],[-113.37586,41.81647],[-113.37185,41.81655],[-113.36553,41.81662],[-113.36523,41.81662],[-113.35991,41.81665],[-113.3571,41.81665],[-113.35211,41.81672],[-113.34904,41.81676],[-113.34434,41.81681],[-113.34222,41.81684],[-113.33955,41.81687],[-113.32978,41.81699],[-113.3047,41.81709],[-113.30316,41.8171],[-113.30218,41.8171],[-113.30205,41.8171],[-113.30082,41.81711],[-113.29694,41.81712],[-113.29131,41.81714],[-113.29075,41.81714],[-113.27714,41.81723],[-113.27671,41.81723],[-113.27258,41.81725],[-113.27155,41.81726],[-113.27042,41.81726],[-113.26804,41.81727],[-113.26763,41.81727],[-113.26441,41.8173],[-113.25785,41.81734],[-113.25203,41.81736],[-113.25032,41.81727],[-113.2468,41.81703]]}},{"type":"Feature","properties":{"highway":"motorway"},"geometry":{"type":"LineString","coordinates":[[-112.16341,41.6904],[-112.16279,41.69011]]}},{"type":"Feature","properties":{"highway":"primary"},"geometry":{"type":"LineString","coordinates":[[-112.03278,41.38745],[-112.03301,41.38793],[-112.03323,41.38842],[-112.03361,41.38925],[-112.0338,41.38965],[-112.03399,41.3901],[-112.03411,41.39041],[-112.03413,41.39045],[-112.03419,41.39065],[-112.03427,41.39093],[-112.03433,41.39116],[-112.03438,41.39139],[-112.0344,41.39156]]}},{"type":"Feature","properties":{"highway":"primary"},"geometry":{"type":"LineString","coordinates":[[-112.01587,41.50531],[-112.01586,41.50596],[-112.01586,41.50608]]}},{"type":"Feature","properties":{"highway":"primary"},"geometry":{"type":"LineString","coordinates":[[-112.03583,41.42185],[-112.03586,41.42092],[-112.03587,41.42075],[-112.03589,41.42031],[-112.03589,41.42024],[-112.03591,41.41972],[-112.03591,41.41963],[-112.03595,41.41875],[-112.03599,41.41779],[-112.03599,41.41771],[-112.03604,41.4169],[-112.03608,41.41627],[-112.03609,41.41609]]}},{"type":"Feature","properties":{"highway":"primary"},"geometry":{"type":"LineString","coordinates":[[-112.03586,41.43467],[-112.03583,41.43448],[-112.03574,41.4338],[-112.03567,41.43321],[-112.03566,41.43315],[-112.03563,41.43288],[-112.03561,41.43259],[-112.0356,41.43248],[-112.03558,41.43211],[-112.03558,41.43204],[-112.03557,41.43197],[-112.03555,41.43142],[-112.03554,41.43115],[-112.03554,41.43085],[-112.03554,41.43084],[-112.03554,41.43031],[-112.03555,41.42995],[-112.03555,41.42991],[-112.0356,41.4286],[-112.03561,41.42848],[-112.03563,41.42783],[-112.03563,41.42767]]}},{"type":"Feature","properties":{"highway":"primary"},"geometry":{"type":"LineString","coordinates":[[-112.1481,41.74822],[-112.14798,41.74793]]}},{"type":"Feature","properties":{"highway":"motorway"},"geometry":{"type":"LineString","coordinates":[[-112.83343,41.99934],[-112.83343,41.99934],[-112.83332,41.99924],[-112.83023,41.99624],[-112.82911,41.99511],[-112.82779,41.99384],[-112.82652,41.99273],[-112.82508,41.99161],[-112.82385,41.9907],[-112.82204,41.98954],[-112.82056,41.98864],[-112.81924,41.98791],[-112.81809,41.98732],[-112.8164,41.98658],[-112.81429,41.9857],[-112.80774,41.98313],[-112.79997,41.97981],[-112.79514,41.97768],[-112.7936,41.97697],[-112.79166,41.97615],[-112.7897,41.9754],[-112.78801,41.97477],[-112.78579,41.974],[-112.78366,41.97332],[-112.77996,41.97226],[-112.77751,41.97159],[-112.77541,41.97103],[-112.77284,41.9703],[-112.77035,41.96956],[-112.76791,41.96873],[-112.76656,41.96824],[-112.76524,41.96774],[-112.76371,41.96713],[-112.7622,41.9665],[-112.76011,41.96559],[-112.75801,41.96463],[-112.75628,41.96384],[-112.7545,41.96313],[-112.75339,41.96275],[-112.75245,41.96248],[-112.7512,41.96217],[-112.75028,41.96198],[-112.74887,41.96177]]}},{"type":"Feature","properties":{"highway":"trunk_link"},"geometry":{"type":"LineString","coordinates":[[-112.09096,41.78405],[-112.09019,41.78461],[-112.0895,41.78504],[-112.08872,41.78545],[-112.08783,41.78582],[-112.08734,41.786]]}},{"type":"Feature","properties":{"highway":"motorway"},"geometry":{"type":"LineString","coordinates":[[-112.19262,41.7041],[-112.19258,41.70262],[-112.19257,41.70218],[-112.19254,41.7019],[-112.19252,41.70163],[-112.19249,41.70146],[-112.19243,41.70125],[-112.1924,41.70109],[-112.19233,41.70091],[-112.19228,41.70076],[-112.19218,41.70054],[-112.19208,41.70032],[-112.19202,41.70022],[-112.1919,41.70001],[-112.19177,41.69983],[-112.19163,41.69963],[-112.19138,41.69934],[-112.19121,41.69917],[-112.19104,41.69899],[-112.19084,41.69881],[-112.19064,41.69865],[-112.19037,41.69844],[-112.19005,41.69823],[-112.18979,41.69807],[-112.18955,41.69794],[-112.18926,41.6978],[-112.18897,41.69767],[-112.18869,41.69756],[-112.18851,41.6975],[-112.18823,41.69741],[-112.18779,41.69727],[-112.18744,41.69718],[-112.18649,41.69705],[-112.18566,41.69699],[-112.18478,41.69698],[-112.18081,41.69708]]}},{"type":"Feature","properties":{"highway":"primary"},"geometry":{"type":"LineString","coordinates":[[-112.11288,41.5516],[-112.11252,41.55152],[-112.11174,41.55138],[-112.11139,41.55131],[-112.11125,41.55128],[-112.11098,41.55122],[-112.11053,41.55111],[-112.1096,41.55084],[-112.10932,41.55076],[-112.10898,41.55066],[-112.10822,41.55043],[-112.10704,41.55008],[-112.10685,41.55002],[-112.10592,41.54974],[-112.10412,41.5492]]}},{"type":"Feature","properties":{"highway":"primary"},"geometry":{"type":"LineString","coordinates":[[-113.2468,41.81703],[-113.24178,41.81669],[-113.23346,41.8161],[-113.21885,41.81511],[-113.21526,41.81486],[-113.21315,41.81504],[-113.21156,41.81548],[-113.20401,41.8177],[-113.20171,41.81837],[-113.20146,41.81844],[-113.19766,41.81955],[-113.19499,41.82033],[-113.19112,41.82146],[-113.18992,41.82181],[-113.17346,41.82663],[-113.1712,41.82729],[-113.16935,41.82783],[-113.16753,41.82845],[-113.16617,41.82896],[-113.16521,41.82934],[-113.16456,41.82959],[-113.15788,41.83217],[-113.15317,41.83398],[-113.15142,41.83473],[-113.14873,41.83598],[-113.14773,41.83644],[-113.14734,41.83662],[-113.1463,41.83716],[-113.14496,41.83797],[-113.1443,41.83843],[-113.14373,41.83884],[-113.14266,41.83973],[-113.14189,41.84045],[-113.1412,41.84121],[-113.14035,41.84226],[-113.13952,41.84334],[-113.13816,41.84509],[-113.13697,41.84669],[-113.1361,41.84779],[-113.13552,41.84857],[-113.13422,41.85075],[-113.13359,41.85187],[-113.13296,41.85298],[-113.13167,41.85532],[-113.13102,41.85649],[-113.13034,41.85771],[-113.12994,41.85844],[-113.12781,41.86225],[-113.12582,41.8658],[-113.12076,41.87492],[-113.11785,41.88015],[-113.11556,41.88428],[-113.10267,41.90734],[-113.09946,41.91308],[-113.09751,41.9166],[-113.09556,41.92007],[-113.09331,41.92412],[-113.09107,41.92812],[-113.09089,41.92844],[-113.08909,41.93169],[-113.08746,41.9346],[-113.0866,41.93614],[-113.08592,41.93743],[-113.08463,41.93966],[-113.08397,41.94083],[-113.08282,41.94291],[-113.08154,41.94519],[-113.08032,41.94731],[-113.0798,41.94807],[-113.07952,41.94843],[-113.07843,41.94969],[-113.07736,41.95071],[-113.06067,41.96543],[-113.06057,41.96551]]}},{"type":"Feature","properties":{"highway":"primary"},"geometry":{"type":"LineString","coordinates":[[-114.04026,41.36829],[-114.02126,41.3733],[-114.01964,41.37373],[-113.99885,41.3792],[-113.99718,41.37976],[-113.99623,41.3801],[-113.94874,41.40158],[-113.94577,41.40292],[-113.91222,41.41806],[-113.91095,41.41854],[-113.90971,41.41895],[-113.90845,41.41926],[-113.90688,41.41959],[-113.9057,41.41976],[-113.90402,41.41995],[-113.88985,41.42144],[-113.88967,41.42146]]}},{"type":"Feature","properties":{"highway":"primary"},"geometry":{"type":"LineString","coordinates":[[-112.03566,41.35811],[-112.03567,41.3579],[-112.03569,41.35716],[-112.03571,41.3565],[-112.03572,41.35583],[-112.03573,41.35539],[-112.03575,41.35475]]}},{"type":"Feature","properties":{"highway":"primary"},"geometry":{"type":"LineString","coordinates":[[-112.03631,41.4049],[-112.03627,41.40467],[-112.03622,41.40443],[-112.03613,41.40407],[-112.03606,41.4038]]}},{"type":"Feature","properties":{"highway":"primary"},"geometry":{"type":"LineString","coordinates":[[-112.03575,41.35475],[-112.03584,41.35466],[-112.03588,41.35429],[-112.03594,41.35387]]}},{"type":"Feature","properties":{"highway":"primary"},"geometry":{"type":"LineString","coordinates":[[-112.03632,41.40881],[-112.03632,41.40851],[-112.03633,41.40846]]}},{"type":"Feature","properties":{"highway":"trunk"},"geometry":{"type":"LineString","coordinates":[[-112.03506,41.79346],[-112.03488,41.79339],[-112.03449,41.79323],[-112.03417,41.79309],[-112.03378,41.7929],[-112.03342,41.7927],[-112.03307,41.79249],[-112.03273,41.79228],[-112.03245,41.79208],[-112.03218,41.79188],[-112.03193,41.79169],[-112.03169,41.79148],[-112.03133,41.79114],[-112.03108,41.79087],[-112.03082,41.79059],[-112.03034,41.78996],[-112.02992,41.78941],[-112.02835,41.78726],[-112.02776,41.78648]]}},{"type":"Feature","properties":{"highway":"trunk"},"geometry":{"type":"LineString","coordinates":[[-112.00661,41.48685],[-112.00604,41.48704],[-112.00539,41.48732],[-112.0048,41.48764],[-112.00378,41.48828],[-112.00322,41.48864],[-111.99872,41.49145],[-111.9984,41.49167],[-111.99814,41.49185]]}},{"type":"Feature","properties":{"highway":"primary"},"geometry":{"type":"LineString","coordinates":[[-112.01852,41.48288],[-112.01949,41.48174]]}},{"type":"Feature","properties":{"highway":"primary"},"geometry":{"type":"LineString","coordinates":[[-112.03639,41.40652],[-112.03639,41.40634],[-112.0364,41.40586],[-112.03639,41.40565]]}},{"type":"Feature","properties":{"highway":"motorway_link"},"geometry":{"type":"LineString","coordinates":[[-112.0052,41.10353],[-112.00514,41.10338],[-112.00511,41.10331],[-112.00507,41.10321],[-112.00506,41.10319],[-112.00504,41.10316],[-112.00503,41.10313],[-112.00502,41.10311],[-112.005,41.10309],[-112.00498,41.10305],[-112.00495,41.10301],[-112.00493,41.10299],[-112.00487,41.10292],[-112.00485,41.1029],[-112.00478,41.10284],[-112.00475,41.10282],[-112.00472,41.10279],[-112.00468,41.10276],[-112.00465,41.10275],[-112.00461,41.10272],[-112.00456,41.10269],[-112.00409,41.10245],[-112.00384,41.10231],[-112.00355,41.10216],[-112.00341,41.10208],[-112.00328,41.10201],[-112.00324,41.10198],[-112.00316,41.10193],[-112.00311,41.1019],[-112.00305,41.10186],[-112.00295,41.10179],[-112.00285,41.10172],[-112.00278,41.10166],[-112.00269,41.10159],[-112.00258,41.1015],[-112.00248,41.10142],[-112.00243,41.10137],[-112.00238,41.10132],[-112.00227,41.10122],[-112.00216,41.10111],[-112.0019,41.10084],[-112.00153,41.10046],[-112.00123,41.10016],[-112.00084,41.09976],[-112.00058,41.09949],[-112.00024,41.09924]]}},{"type":"Feature","properties":{"highway":"motorway_link"},"geometry":{"type":"LineString","coordinates":[[-111.99973,41.09909],[-112.00063,41.10021],[-112.00101,41.10075],[-112.00105,41.1008],[-112.00108,41.10086],[-112.00113,41.10095],[-112.00117,41.10103],[-112.0012,41.10109],[-112.00124,41.10115]]}},{"type":"Feature","properties":{"highway":"motorway_link"},"geometry":{"type":"LineString","coordinates":[[-112.0229,41.12385],[-112.02298,41.12396]]}},{"type":"Feature","properties":{"highway":"motorway_link"},"geometry":{"type":"LineString","coordinates":[[-112.00393,41.10437],[-112.00416,41.10445],[-112.00438,41.10454],[-112.00451,41.10462],[-112.00478,41.10479],[-112.0052,41.10519],[-112.0072,41.10722]]}},{"type":"Feature","properties":{"highway":"motorway_link"},"geometry":{"type":"LineString","coordinates":[[-112.02554,41.12799],[-112.02562,41.12675],[-112.02562,41.12648],[-112.02558,41.12621],[-112.0255,41.12584],[-112.02535,41.12531],[-112.0252,41.12481],[-112.02507,41.12437],[-112.02487,41.12393],[-112.02483,41.12386]]}},{"type":"Feature","properties":{"highway":"primary"},"geometry":{"type":"LineString","coordinates":[[-112.02272,41.0892],[-112.02192,41.08921],[-112.02111,41.0892],[-112.02065,41.08919],[-112.02013,41.08917],[-112.01982,41.08916],[-112.01907,41.08913],[-112.01892,41.08912],[-112.01866,41.08911]]}},{"type":"Feature","properties":{"highway":"primary"},"geometry":{"type":"LineString","coordinates":[[-112.06458,41.11879],[-112.06457,41.11902],[-112.0645,41.12042],[-112.06442,41.12156],[-112.06442,41.12164],[-112.06441,41.12171],[-112.06441,41.12185],[-112.06441,41.12403],[-112.06441,41.12486]]}},{"type":"Feature","properties":{"highway":"primary"},"geometry":{"type":"LineString","coordinates":[[-112.06016,41.08909],[-112.05954,41.08907]]}},{"type":"Feature","properties":{"highway":"primary"},"geometry":{"type":"LineString","coordinates":[[-112.01539,41.10357],[-112.01565,41.10358],[-112.01599,41.10358],[-112.01636,41.10359],[-112.01698,41.1036],[-112.0173,41.10361],[-112.01772,41.10362],[-112.01817,41.10363],[-112.01871,41.10364]]}},{"type":"Feature","properties":{"highway":"primary"},"geometry":{"type":"LineString","coordinates":[[-112.07182,41.08919],[-112.073,41.08921]]}},{"type":"Feature","properties":{"highway":"motorway_link"},"geometry":{"type":"LineString","coordinates":[[-112.07129,40.77085],[-112.07021,40.7708],[-112.06927,40.77075],[-112.06817,40.7707],[-112.06784,40.77067],[-112.06741,40.77061],[-112.06707,40.77055],[-112.06673,40.77048],[-112.0656,40.77019],[-112.06497,40.77003],[-112.06462,40.76997],[-112.0643,40.76994],[-112.06386,40.76991],[-112.06336,40.7699]]}},{"type":"Feature","properties":{"highway":"motorway_link"},"geometry":{"type":"LineString","coordinates":[[-112.05404,40.77114],[-112.05664,40.77124],[-112.05799,40.7713],[-112.05831,40.77133],[-112.05868,40.77139],[-112.05896,40.77143],[-112.05922,40.77149],[-112.06074,40.77188],[-112.061,40.77194],[-112.06131,40.77199],[-112.06161,40.77204],[-112.06186,40.77206],[-112.06218,40.77207],[-112.06241,40.77208],[-112.0628,40.77208],[-112.06286,40.77208]]}},{"type":"Feature","properties":{"highway":"motorway_link"},"geometry":{"type":"LineString","coordinates":[[-112.18042,40.74325],[-112.17995,40.74366],[-112.17966,40.74397],[-112.17943,40.74423],[-112.17928,40.74448],[-112.17916,40.7448],[-112.17912,40.74506],[-112.17914,40.74542],[-112.17936,40.74696],[-112.17935,40.7473],[-112.17929,40.74764],[-112.17918,40.74797],[-112.17903,40.74824],[-112.17889,40.74845],[-112.17814,40.74922]]}},{"type":"Feature","properties":{"highway":"primary"},"geometry":{"type":"LineString","coordinates":[[-112.00855,40.65302],[-112.00832,40.65297],[-112.00822,40.65295],[-112.0078,40.65284],[-112.00756,40.65281],[-112.00736,40.65279],[-112.00693,40.65279]]}},{"type":"Feature","properties":{"highway":"trunk"},"geometry":{"type":"LineString","coordinates":[[-112.17806,40.72794],[-112.17885,40.72791],[-112.17977,40.72787],[-112.18052,40.72784],[-112.18091,40.72782],[-112.18128,40.72781],[-112.18196,40.72778],[-112.18278,40.72774],[-112.18333,40.72772],[-112.18372,40.72772],[-112.18416,40.7277],[-112.18452,40.72769],[-112.18541,40.72765],[-112.18572,40.72763],[-112.1861,40.72762],[-112.18671,40.72759],[-112.18799,40.72753],[-112.18889,40.72749],[-112.19009,40.72745],[-112.19105,40.7274],[-112.19189,40.72735],[-112.19295,40.72729],[-112.19366,40.72725],[-112.1942,40.72721],[-112.19499,40.72713],[-112.19548,40.72709],[-112.19601,40.72703],[-112.19657,40.72694],[-112.19708,40.72689],[-112.19783,40.7268],[-112.19865,40.72669],[-112.19987,40.72653],[-112.20059,40.72644],[-112.20139,40.72631],[-112.20164,40.72628]]}},{"type":"Feature","properties":{"highway":"primary"},"geometry":{"type":"LineString","coordinates":[[-112.05302,40.63019],[-112.0529,40.62975],[-112.0528,40.62931],[-112.05272,40.62887],[-112.05266,40.62842],[-112.05261,40.62806],[-112.05257,40.62748]]}},{"type":"Feature","properties":{"highway":"motorway_link"},"geometry":{"type":"LineString","coordinates":[[-112.90752,40.81992],[-112.90666,40.82019],[-112.9064,40.82025],[-112.90618,40.8203],[-112.90576,40.82037],[-112.90459,40.82055],[-112.90429,40.8206],[-112.90392,40.82069],[-112.90357,40.82081],[-112.90326,40.82093],[-112.90307,40.82101]]}},{"type":"Feature","properties":{"highway":"motorway_link"},"geometry":{"type":"LineString","coordinates":[[-112.89889,40.82296],[-112.90017,40.82288],[-112.90071,40.82286],[-112.90204,40.82283],[-112.9025,40.82281],[-112.90281,40.82279],[-112.90303,40.82277],[-112.90322,40.82273],[-112.9034,40.82267],[-112.90371,40.82256],[-112.90376,40.82254],[-112.90394,40.82246]]}},{"type":"Feature","properties":{"highway":"motorway_link"},"geometry":{"type":"LineString","coordinates":[[-112.52552,40.70523],[-112.52497,40.70528],[-112.5245,40.70536],[-112.52409,40.70551],[-112.52333,40.70584],[-112.52296,40.70598],[-112.52233,40.70614],[-112.52185,40.70618],[-112.52129,40.70617],[-112.52096,40.70613],[-112.52071,40.70608],[-112.51912,40.70578],[-112.51762,40.70556]]}},{"type":"Feature","properties":{"highway":"motorway_link"},"geometry":{"type":"LineString","coordinates":[[-112.5263,40.70781],[-112.52477,40.70718],[-112.52448,40.70701],[-112.52422,40.70676],[-112.52413,40.70658],[-112.52407,40.70634],[-112.52413,40.70604],[-112.52425,40.70582],[-112.52437,40.70566],[-112.52462,40.70546],[-112.52496,40.70533],[-112.52552,40.70523]]}},{"type":"Feature","properties":{"highway":"motorway_link"},"geometry":{"type":"LineString","coordinates":[[-112.97885,40.77235],[-112.97935,40.77206],[-112.98012,40.77159],[-112.9806,40.77132],[-112.98108,40.77106],[-112.98157,40.77081],[-112.98204,40.77058],[-112.98425,40.7696],[-112.98495,40.76929],[-112.98506,40.76924]]}},{"type":"Feature","properties":{"highway":"motorway_link"},"geometry":{"type":"LineString","coordinates":[[-112.51839,40.70636],[-112.52059,40.70692],[-112.52091,40.70707],[-112.52151,40.70744],[-112.52185,40.70779],[-112.52193,40.7079],[-112.522,40.70802],[-112.52205,40.70812],[-112.5221,40.70825],[-112.52213,40.70835],[-112.52216,40.70844],[-112.52218,40.70856],[-112.5222,40.70866],[-112.5222,40.70876],[-112.52218,40.70887],[-112.52216,40.70893],[-112.52213,40.70898]]}},{"type":"Feature","properties":{"highway":"motorway_link"},"geometry":{"type":"LineString","coordinates":[[-112.65881,40.74622],[-112.65849,40.74614],[-112.65741,40.74598],[-112.65631,40.74579],[-112.65548,40.74561],[-112.65463,40.74544],[-112.65338,40.74528],[-112.65329,40.74527],[-112.65305,40.74524]]}},{"type":"Feature","properties":{"highway":"motorway_link"},"geometry":{"type":"LineString","coordinates":[[-112.44218,40.68477],[-112.44474,40.68537],[-112.44508,40.6855],[-112.44531,40.68568],[-112.44542,40.68592],[-112.44543,40.68609],[-112.44538,40.68629],[-112.44525,40.68646],[-112.44489,40.68672]]}},{"type":"Feature","properties":{"highway":"motorway_link"},"geometry":{"type":"LineString","coordinates":[[-112.44489,40.68672],[-112.4454,40.68655],[-112.44581,40.68637],[-112.44621,40.68622],[-112.44667,40.68611],[-112.4471,40.68607],[-112.44746,40.68607],[-112.4479,40.68611],[-112.44979,40.68658],[-112.45145,40.68703]]}},{"type":"Feature","properties":{"highway":"motorway_link"},"geometry":{"type":"LineString","coordinates":[[-113.00428,40.76253],[-113.0063,40.76214],[-113.00668,40.76209],[-113.00707,40.76208],[-113.00744,40.7621],[-113.0076,40.76211],[-113.00778,40.76214],[-113.00816,40.76219]]}},{"type":"Feature","properties":{"highway":"motorway_link"},"geometry":{"type":"LineString","coordinates":[[-113.2524,40.72731],[-113.25477,40.72746],[-113.25505,40.72747],[-113.25534,40.7275],[-113.25593,40.72759],[-113.25705,40.72777],[-113.25777,40.7279],[-113.25813,40.72796],[-113.25848,40.72799],[-113.25854,40.72799],[-113.2587,40.728]]}},{"type":"Feature","properties":{"highway":"motorway_link"},"geometry":{"type":"LineString","coordinates":[[-113.26352,40.72647],[-113.26318,40.72643],[-113.26282,40.72638],[-113.26183,40.72629],[-113.26109,40.72616],[-113.25951,40.72589],[-113.25896,40.72582],[-113.25873,40.7258]]}},{"type":"Feature","properties":{"highway":"motorway_link"},"geometry":{"type":"LineString","coordinates":[[-112.26382,40.6926],[-112.26374,40.69216],[-112.26374,40.69172],[-112.26377,40.69151],[-112.26378,40.69141],[-112.26406,40.69069]]}},{"type":"Feature","properties":{"highway":"motorway_link"},"geometry":{"type":"LineString","coordinates":[[-113.86212,40.73873],[-113.86015,40.73857],[-113.85956,40.73853],[-113.85928,40.7385],[-113.85911,40.73846],[-113.85888,40.73839],[-113.85866,40.7383],[-113.85846,40.73818],[-113.85818,40.73799]]}},{"type":"Feature","properties":{"highway":"primary"},"geometry":{"type":"LineString","coordinates":[[-114.02462,40.73824],[-114.02429,40.73828],[-114.02366,40.73836],[-114.02328,40.73841],[-114.02282,40.73847],[-114.02257,40.73852],[-114.02235,40.73856],[-114.022,40.73865],[-114.02154,40.73879],[-114.0211,40.73898],[-114.02078,40.73915]]}},{"type":"Feature","properties":{"highway":"motorway_link"},"geometry":{"type":"LineString","coordinates":[[-112.44647,40.68351],[-112.44671,40.68379],[-112.44678,40.6839],[-112.44681,40.68404],[-112.4468,40.68417],[-112.44677,40.68429],[-112.44671,40.68439],[-112.44661,40.6845],[-112.44649,40.68458],[-112.44634,40.68465],[-112.44621,40.68469],[-112.44605,40.68472],[-112.44589,40.68472],[-112.44572,40.68471],[-112.44346,40.68433],[-112.44279,40.68426]]}},{"type":"Feature","properties":{"highway":"motorway_link"},"geometry":{"type":"LineString","coordinates":[[-112.44318,40.68037],[-112.44327,40.68045],[-112.44339,40.68056],[-112.44647,40.68351]]}},{"type":"Feature","properties":{"highway":"motorway_link"},"geometry":{"type":"LineString","coordinates":[[-113.97713,40.74284],[-113.97457,40.74237],[-113.97393,40.74215],[-113.97348,40.74183],[-113.97264,40.74104],[-113.97178,40.7402],[-113.97099,40.73989],[-113.9705,40.73987],[-113.97025,40.73986]]}},{"type":"Feature","properties":{"highway":"motorway_link"},"geometry":{"type":"LineString","coordinates":[[-113.02445,40.75605],[-113.02266,40.75639],[-113.02176,40.75656],[-113.02154,40.75657],[-113.02131,40.75657],[-113.02111,40.75656],[-113.02091,40.75653],[-113.02066,40.75647],[-113.02042,40.7564],[-113.02012,40.75625],[-113.01979,40.75607]]}},{"type":"Feature","properties":{"highway":"motorway_link"},"geometry":{"type":"LineString","coordinates":[[-112.52307,40.70939],[-112.52306,40.70903],[-112.52306,40.70887],[-112.52309,40.70838],[-112.52316,40.70824],[-112.52329,40.70811],[-112.52345,40.708],[-112.5237,40.70791],[-112.524,40.7079],[-112.52439,40.70797],[-112.52622,40.70852]]}},{"type":"Feature","properties":{"highway":"motorway_link"},"geometry":{"type":"LineString","coordinates":[[-112.99014,40.76567],[-112.98941,40.76589],[-112.98823,40.76629],[-112.98708,40.7667],[-112.98652,40.76691],[-112.98593,40.76709],[-112.98537,40.76725],[-112.9851,40.76735],[-112.98484,40.76745],[-112.98446,40.76764],[-112.984,40.76788],[-112.98384,40.76796]]}},{"type":"Feature","properties":{"highway":"motorway_link"},"geometry":{"type":"LineString","coordinates":[[-113.84778,40.73936],[-113.84935,40.73947],[-113.84979,40.73951],[-113.85011,40.73957],[-113.85045,40.73968],[-113.85067,40.7398],[-113.85087,40.73994],[-113.85102,40.74006]]}},{"type":"Feature","properties":{"highway":"motorway_link"},"geometry":{"type":"LineString","coordinates":[[-114.02403,40.74407],[-114.02276,40.74442],[-114.022,40.74463],[-114.02146,40.74477],[-114.02111,40.74485],[-114.02084,40.7449],[-114.02055,40.74491],[-114.02026,40.74491],[-114.02004,40.74487],[-114.01977,40.74481],[-114.01952,40.74472],[-114.0193,40.74461],[-114.01914,40.7445],[-114.01897,40.74438],[-114.01883,40.74425],[-114.01873,40.74412],[-114.01862,40.74397],[-114.01852,40.74375],[-114.01847,40.74358],[-114.01844,40.7434],[-114.01844,40.74321],[-114.01849,40.74296],[-114.0187,40.74211],[-114.01872,40.74193]]}},{"type":"Feature","properties":{"highway":"motorway_link"},"geometry":{"type":"LineString","coordinates":[[-112.26266,40.69752],[-112.26229,40.69767],[-112.26204,40.69775],[-112.26178,40.69774],[-112.26155,40.69767],[-112.26137,40.69757],[-112.26126,40.69747],[-112.26122,40.69737],[-112.26119,40.69726],[-112.2612,40.69713],[-112.2613,40.69686],[-112.26228,40.69543]]}},{"type":"Feature","properties":{"highway":"motorway_link"},"geometry":{"type":"LineString","coordinates":[[-112.26406,40.69069],[-112.26361,40.69119],[-112.26343,40.69162],[-112.26332,40.69208],[-112.26326,40.69273],[-112.2632,40.69317],[-112.26308,40.69356],[-112.26288,40.69404],[-112.26174,40.69568]]}},{"type":"Feature","properties":{"highway":"motorway_link"},"geometry":{"type":"LineString","coordinates":[[-112.77692,40.76053],[-112.77926,40.76211],[-112.78063,40.76314],[-112.78073,40.76321],[-112.78087,40.7633]]}},{"type":"Feature","properties":{"highway":"motorway_link"},"geometry":{"type":"LineString","coordinates":[[-112.78418,40.76416],[-112.78349,40.76338],[-112.78304,40.76297],[-112.78211,40.76237],[-112.78203,40.76232],[-112.7819,40.76224]]}},{"type":"Feature","properties":{"highway":"primary"},"geometry":{"type":"LineString","coordinates":[[-112.46964,40.59994],[-112.46887,40.59993],[-112.46846,40.59992],[-112.46811,40.59992],[-112.46704,40.59991],[-112.4665,40.5999],[-112.46552,40.59989],[-112.46509,40.59989],[-112.46499,40.59988],[-112.46483,40.59988],[-112.46395,40.59988],[-112.46384,40.59988]]}},{"type":"Feature","properties":{"highway":"trunk"},"geometry":{"type":"LineString","coordinates":[[-112.36251,40.45184],[-112.36277,40.45144],[-112.36299,40.45106],[-112.36316,40.45069],[-112.36328,40.45033],[-112.36335,40.44999],[-112.36338,40.44965],[-112.3634,40.44924],[-112.36346,40.44865],[-112.36351,40.44831],[-112.3636,40.44797],[-112.36381,40.44749],[-112.36412,40.44692],[-112.36432,40.44664]]}},{"type":"Feature","properties":{"highway":"trunk"},"geometry":{"type":"LineString","coordinates":[[-112.35613,40.46142],[-112.35621,40.4613],[-112.35863,40.45759],[-112.35896,40.45708],[-112.35934,40.45655],[-112.36012,40.45541],[-112.36093,40.4542],[-112.36171,40.45302],[-112.36251,40.45184]]}},{"type":"Feature","properties":{"highway":"primary"},"geometry":{"type":"LineString","coordinates":[[-112.42228,40.59182],[-112.41929,40.59029],[-112.41823,40.58974],[-112.41796,40.58959],[-112.41513,40.5881],[-112.41225,40.58671],[-112.41186,40.58654],[-112.40932,40.58542],[-112.40841,40.58502],[-112.39246,40.57798],[-112.38799,40.57601],[-112.38705,40.57559],[-112.37911,40.57208],[-112.37577,40.5706],[-112.37512,40.57032],[-112.37505,40.57029],[-112.37493,40.57023],[-112.37096,40.56848],[-112.36819,40.56725]]}},{"type":"Feature","properties":{"highway":"primary"},"geometry":{"type":"LineString","coordinates":[[-112.46384,40.59988],[-112.46229,40.59987],[-112.46066,40.59985],[-112.45981,40.59984],[-112.45968,40.59984],[-112.45892,40.59984],[-112.45875,40.59984],[-112.45866,40.59984],[-112.45841,40.59983],[-112.45795,40.59983],[-112.45751,40.59983],[-112.45715,40.59983],[-112.45705,40.59983],[-112.4568,40.59982],[-112.45669,40.59982]]}},{"type":"Feature","properties":{"highway":"primary"},"geometry":{"type":"LineString","coordinates":[[-112.52213,40.70898],[-112.52242,40.7091],[-112.52307,40.70939],[-112.52696,40.71106]]}},{"type":"Feature","properties":{"highway":"trunk"},"geometry":{"type":"LineString","coordinates":[[-112.29994,40.51909],[-112.29971,40.51935],[-112.29934,40.51982],[-112.29931,40.51987]]}},{"type":"Feature","properties":{"highway":"trunk"},"geometry":{"type":"LineString","coordinates":[[-112.31075,40.5129],[-112.31047,40.5131],[-112.30965,40.51371],[-112.30949,40.51382]]}},{"type":"Feature","properties":{"highway":"trunk"},"geometry":{"type":"LineString","coordinates":[[-112.29857,40.53359],[-112.29856,40.5334],[-112.29856,40.53322],[-112.29856,40.53295],[-112.29857,40.53267],[-112.29858,40.5324],[-112.29858,40.53231],[-112.29858,40.53208],[-112.29858,40.53193],[-112.29858,40.53178],[-112.29859,40.53164]]}},{"type":"Feature","properties":{"highway":"primary"},"geometry":{"type":"LineString","coordinates":[[-112.31481,40.53437],[-112.32396,40.53441],[-112.32445,40.53442],[-112.32474,40.53443],[-112.32492,40.53445],[-112.32505,40.53446],[-112.32536,40.53451],[-112.32577,40.53459],[-112.32618,40.53469],[-112.32648,40.5348],[-112.32673,40.5349],[-112.32677,40.53491],[-112.32716,40.5351],[-112.32742,40.53524],[-112.32755,40.53531],[-112.32852,40.53602],[-112.32861,40.53608]]}},{"type":"Feature","properties":{"highway":"trunk"},"geometry":{"type":"LineString","coordinates":[[-112.30293,40.51727],[-112.3021,40.51769],[-112.30186,40.51782],[-112.30181,40.51784],[-112.30164,40.51793],[-112.30122,40.51815],[-112.30091,40.51833],[-112.30063,40.51851],[-112.30028,40.51878],[-112.29994,40.51909]]}},{"type":"Feature","properties":{"highway":"trunk"},"geometry":{"type":"LineString","coordinates":[[-112.29533,40.57128],[-112.29544,40.57058],[-112.29552,40.57009],[-112.29566,40.56922],[-112.29578,40.56844],[-112.29588,40.5676],[-112.29596,40.56685]]}},{"type":"Feature","properties":{"highway":"trunk"},"geometry":{"type":"LineString","coordinates":[[-112.33221,40.4926],[-112.33255,40.49226],[-112.33316,40.49164],[-112.33507,40.48966],[-112.33521,40.48951],[-112.33991,40.48478],[-112.34024,40.48445],[-112.34126,40.48342],[-112.34243,40.48223],[-112.34458,40.48],[-112.34535,40.47923],[-112.34598,40.47844],[-112.34656,40.47761],[-112.34717,40.47668],[-112.34783,40.47564],[-112.34841,40.47474],[-112.34897,40.47386],[-112.34955,40.47298],[-112.35003,40.47222],[-112.35054,40.47141],[-112.35085,40.47087],[-112.35146,40.46961],[-112.35204,40.4683],[-112.35273,40.46684],[-112.35324,40.46594],[-112.35365,40.46523],[-112.35376,40.46506],[-112.35474,40.46355],[-112.35613,40.46142]]}},{"type":"Feature","properties":{"highway":"motorway_link"},"geometry":{"type":"LineString","coordinates":[[-112.02671,41.30668],[-112.02668,41.30607]]}},{"type":"Feature","properties":{"highway":"motorway_link"},"geometry":{"type":"LineString","coordinates":[[-112.027,41.26857],[-112.02703,41.26842],[-112.02696,41.26816],[-112.02631,41.26651],[-112.02563,41.26448],[-112.02527,41.26333],[-112.02522,41.26319],[-112.02504,41.26281]]}},{"type":"Feature","properties":{"highway":"motorway_link"},"geometry":{"type":"LineString","coordinates":[[-112.02521,41.26429],[-112.02529,41.26499],[-112.02562,41.26645],[-112.02569,41.26693],[-112.0257,41.26728],[-112.02568,41.26757]]}},{"type":"Feature","properties":{"highway":"motorway_link"},"geometry":{"type":"LineString","coordinates":[[-112.02524,41.30668],[-112.02526,41.30688],[-112.02526,41.30689],[-112.02525,41.30734],[-112.02524,41.3075],[-112.02525,41.30762],[-112.02536,41.30824],[-112.02564,41.30955],[-112.02571,41.31023],[-112.02578,41.3115]]}},{"type":"Feature","properties":{"highway":"motorway_link"},"geometry":{"type":"LineString","coordinates":[[-112.01736,41.25027],[-112.01716,41.24871],[-112.01702,41.24774],[-112.01697,41.24733],[-112.01696,41.24687],[-112.01695,41.24653],[-112.01695,41.24583],[-112.01692,41.24552],[-112.01689,41.24532],[-112.01681,41.24487],[-112.0168,41.2447]]}},{"type":"Feature","properties":{"highway":"primary_link"},"geometry":{"type":"LineString","coordinates":[[-112.02517,41.16781],[-112.02561,41.16767],[-112.02575,41.16766],[-112.02585,41.16769],[-112.02589,41.1677],[-112.02604,41.16775]]}},{"type":"Feature","properties":{"highway":"primary_link"},"geometry":{"type":"LineString","coordinates":[[-112.02605,41.16639],[-112.02581,41.16722],[-112.02578,41.16724],[-112.02572,41.16731],[-112.02548,41.16751]]}},{"type":"Feature","properties":{"highway":"motorway"},"geometry":{"type":"LineString","coordinates":[[-112.00434,41.19246],[-112.00478,41.19214],[-112.00516,41.19181],[-112.00552,41.19148],[-112.0058,41.19121],[-112.00616,41.19087],[-112.00661,41.19044],[-112.00707,41.19],[-112.00766,41.18945],[-112.00803,41.18911],[-112.00878,41.18842],[-112.00952,41.18773],[-112.01008,41.18722],[-112.01036,41.18697],[-112.01045,41.18688],[-112.01054,41.18679],[-112.01062,41.1867],[-112.0107,41.1866],[-112.01077,41.18651],[-112.01082,41.18641],[-112.01088,41.18631],[-112.01093,41.1862],[-112.01096,41.18609],[-112.01099,41.18599],[-112.01101,41.18588],[-112.01102,41.18577],[-112.01103,41.18567]]}},{"type":"Feature","properties":{"highway":"motorway"},"geometry":{"type":"LineString","coordinates":[[-111.98279,41.15427],[-111.98476,41.15482],[-111.98688,41.15558],[-111.98876,41.15645],[-111.99057,41.15755],[-111.99232,41.15887],[-111.99372,41.16015],[-111.99519,41.16196],[-111.99563,41.16263],[-111.99633,41.1637],[-111.99702,41.1646],[-111.99781,41.16535],[-111.99829,41.16571],[-111.99878,41.16606],[-111.99921,41.16631],[-111.99964,41.16654],[-112.00215,41.16771],[-112.00246,41.16787],[-112.00277,41.16804],[-112.00331,41.1684],[-112.00411,41.16902],[-112.00571,41.17063]]}},{"type":"Feature","properties":{"highway":"motorway_link"},"geometry":{"type":"LineString","coordinates":[[-112.00057,41.21455],[-112.00104,41.2153],[-112.00204,41.21659],[-112.00276,41.21782],[-112.00312,41.21845]]}},{"type":"Feature","properties":{"highway":"motorway_link"},"geometry":{"type":"LineString","coordinates":[[-112.01088,41.22942],[-112.01106,41.2296],[-112.01152,41.23005],[-112.01198,41.2305],[-112.01214,41.23068],[-112.0123,41.23086],[-112.01239,41.23098],[-112.01247,41.23109],[-112.01259,41.23128],[-112.01269,41.23147],[-112.01282,41.23179],[-112.01288,41.23199],[-112.013,41.23248],[-112.01325,41.23297]]}},{"type":"Feature","properties":{"highway":"motorway_link"},"geometry":{"type":"LineString","coordinates":[[-112.00562,41.21898],[-112.00483,41.21845],[-112.00411,41.21788],[-112.00324,41.21703],[-112.00083,41.2144]]}},{"type":"Feature","properties":{"highway":"motorway_link"},"geometry":{"type":"LineString","coordinates":[[-112.01372,41.23373],[-112.01354,41.23226],[-112.01354,41.23194],[-112.01359,41.23155],[-112.01367,41.23129],[-112.01417,41.22999],[-112.01426,41.22954]]}},{"type":"Feature","properties":{"highway":"motorway"},"geometry":{"type":"LineString","coordinates":[[-112.02457,41.15439],[-112.02454,41.1547],[-112.02443,41.15525],[-112.02419,41.15613],[-112.02396,41.15707]]}},{"type":"Feature","properties":{"highway":"primary"},"geometry":{"type":"LineString","coordinates":[[-112.06137,41.16163],[-112.06025,41.16163],[-112.06018,41.16163],[-112.059,41.16166],[-112.05888,41.16163],[-112.05877,41.16166],[-112.05772,41.16164],[-112.05758,41.16164],[-112.05494,41.16164],[-112.05481,41.16164],[-112.05469,41.16164],[-112.05208,41.16165],[-112.05194,41.16165],[-112.05183,41.16165],[-112.05101,41.16165],[-112.04997,41.16165],[-112.04906,41.16165],[-112.04887,41.16165],[-112.04832,41.16165],[-112.04782,41.16165],[-112.04726,41.16165],[-112.04713,41.16165],[-112.04703,41.16165],[-112.04535,41.16165],[-112.04519,41.16165],[-112.04509,41.16165],[-112.04126,41.16168]]}},{"type":"Feature","properties":{"highway":"primary"},"geometry":{"type":"LineString","coordinates":[[-112.06443,41.17682],[-112.06443,41.17673],[-112.06443,41.17668],[-112.06443,41.17663],[-112.06443,41.17653],[-112.06444,41.17626],[-112.06444,41.17613]]}},{"type":"Feature","properties":{"highway":"primary"},"geometry":{"type":"LineString","coordinates":[[-111.99808,41.20514],[-111.99893,41.2051],[-112.00006,41.20507]]}},{"type":"Feature","properties":{"highway":"primary"},"geometry":{"type":"LineString","coordinates":[[-112.02605,41.16639],[-112.02605,41.16628],[-112.02605,41.1662],[-112.02605,41.16591],[-112.02605,41.16531],[-112.02605,41.16521],[-112.02605,41.16515],[-112.02605,41.16491],[-112.02605,41.16489],[-112.02605,41.16476],[-112.02605,41.16469],[-112.02605,41.16456],[-112.02605,41.16452],[-112.02605,41.16449],[-112.02605,41.16428],[-112.02605,41.16395],[-112.02605,41.16368],[-112.02605,41.16358],[-112.02605,41.16347],[-112.02605,41.16325],[-112.02605,41.16308],[-112.02605,41.16274],[-112.02605,41.16242],[-112.02605,41.16228],[-112.02605,41.16217],[-112.02605,41.16187],[-112.02605,41.16176]]}},{"type":"Feature","properties":{"highway":"trunk"},"geometry":{"type":"LineString","coordinates":[[-112.09742,40.25879],[-112.0976,40.25867],[-112.09786,40.2585],[-112.09829,40.25822],[-112.09865,40.25802],[-112.09896,40.25786],[-112.09925,40.25772],[-112.09958,40.25757],[-112.09998,40.25741],[-112.10023,40.25732],[-112.10145,40.25691],[-112.10154,40.25688],[-112.10814,40.25469],[-112.10986,40.25412],[-112.11523,40.25234],[-112.11778,40.25149],[-112.12032,40.25064]]}},{"type":"Feature","properties":{"highway":"trunk"},"geometry":{"type":"LineString","coordinates":[[-112.10234,40.32873],[-112.1024,40.32723]]}},{"type":"Feature","properties":{"highway":"trunk"},"geometry":{"type":"LineString","coordinates":[[-112.10245,40.31992],[-112.10247,40.31825],[-112.10249,40.31672],[-112.10249,40.31508],[-112.10245,40.31428],[-112.1024,40.31372],[-112.10224,40.31273],[-112.10211,40.31206],[-112.10194,40.31126],[-112.10169,40.31015],[-112.10111,40.30747],[-112.10083,40.30613],[-112.10073,40.30564],[-112.10072,40.3056],[-112.10069,40.30546]]}},{"type":"Feature","properties":{"highway":"trunk"},"geometry":{"type":"LineString","coordinates":[[-112.17865,40.23143],[-112.17815,40.23153],[-112.17812,40.23154],[-112.17751,40.23168],[-112.17743,40.23169],[-112.17665,40.2319],[-112.17593,40.23211],[-112.1746,40.23254],[-112.17416,40.23269],[-112.17411,40.23271],[-112.17058,40.23393],[-112.17054,40.23394],[-112.1701,40.23409],[-112.16756,40.23492],[-112.16335,40.23631],[-112.1626,40.23654],[-112.16116,40.23704],[-112.15632,40.23864],[-112.1554,40.23894],[-112.15423,40.23934],[-112.15216,40.24003],[-112.15129,40.24032],[-112.14838,40.24129],[-112.14178,40.24349],[-112.1394,40.24429]]}},{"type":"Feature","properties":{"highway":"motorway"},"geometry":{"type":"LineString","coordinates":[[-112.83247,41.99935],[-112.83248,41.99936],[-112.83272,41.99958],[-112.83358,42.00042],[-112.87546,42.04189],[-112.88042,42.04677],[-112.88087,42.04723],[-112.8838,42.0501],[-112.88602,42.0523],[-112.88744,42.05368],[-112.8889,42.05511],[-112.89047,42.05668],[-112.89098,42.05717]]}},{"type":"Feature","properties":{"highway":"motorway"},"geometry":{"type":"LineString","coordinates":[[-112.21133,42.03643],[-112.21028,42.03331],[-112.2076,42.02568],[-112.19942,42.00246],[-112.199,42.00125]]}},{"type":"Feature","properties":{"highway":"primary"},"geometry":{"type":"LineString","coordinates":[[-114.04242,40.73603],[-114.04252,40.73601],[-114.04274,40.73597],[-114.04308,40.73591],[-114.0431,40.73591],[-114.04348,40.73585]]}},{"type":"Feature","properties":{"highway":"motorway_link"},"geometry":{"type":"LineString","coordinates":[[-112.25806,40.70129],[-112.25921,40.69978],[-112.25948,40.69948],[-112.25969,40.69931],[-112.26002,40.69907],[-112.26266,40.69752]]}},{"type":"Feature","properties":{"highway":"motorway_link"},"geometry":{"type":"LineString","coordinates":[[-112.01143,41.17555],[-112.01137,41.17545],[-112.01134,41.1754],[-112.0113,41.17536],[-112.01126,41.17531],[-112.01121,41.17527],[-112.01117,41.17523],[-112.01111,41.17519],[-112.01106,41.17515],[-112.01101,41.17511],[-112.01095,41.17508],[-112.01089,41.17505],[-112.01081,41.17502],[-112.01077,41.175],[-112.01071,41.17498]]}},{"type":"Feature","properties":{"highway":"motorway_link"},"geometry":{"type":"LineString","coordinates":[[-112.00837,41.17402],[-112.00846,41.1742],[-112.00847,41.17423],[-112.00849,41.17426],[-112.00853,41.17432],[-112.00858,41.17437],[-112.00862,41.17441],[-112.00866,41.17445],[-112.00871,41.17449],[-112.00876,41.17453],[-112.00881,41.17456],[-112.00887,41.1746],[-112.00895,41.17464],[-112.009,41.17466],[-112.00905,41.17469],[-112.0091,41.1747],[-112.00914,41.17472],[-112.00918,41.17473],[-112.00922,41.17474],[-112.00925,41.17475],[-112.0093,41.17476],[-112.00934,41.17477],[-112.00939,41.17478],[-112.00944,41.17478],[-112.00949,41.17479]]}},{"type":"Feature","properties":{"highway":"primary"},"geometry":{"type":"LineString","coordinates":[[-112.03405,41.16167],[-112.03395,41.16167],[-112.03298,41.16168],[-112.03296,41.16168],[-112.03236,41.16168],[-112.03198,41.16168],[-112.03136,41.16169],[-112.03094,41.16169],[-112.03084,41.16168],[-112.0303,41.16168],[-112.02968,41.16168]]}},{"type":"Feature","properties":{"highway":"motorway_link"},"geometry":{"type":"LineString","coordinates":[[-112.0219,41.16217],[-112.02172,41.16325],[-112.02158,41.16394],[-112.02147,41.16449],[-112.02107,41.16583],[-112.02067,41.16696],[-112.02042,41.16766],[-112.02024,41.16816],[-112.01976,41.16947],[-112.0195,41.17004],[-112.01934,41.17036]]}},{"type":"Feature","properties":{"highway":"primary"},"geometry":{"type":"LineString","coordinates":[[-112.02493,41.16175],[-112.02503,41.16175],[-112.02518,41.16176],[-112.02529,41.16176],[-112.02583,41.16176],[-112.02591,41.16176]]}},{"type":"Feature","properties":{"highway":"primary"},"geometry":{"type":"LineString","coordinates":[[-112.02843,41.16173],[-112.0286,41.16173],[-112.02878,41.16173],[-112.02906,41.16173]]}},{"type":"Feature","properties":{"highway":"motorway"},"geometry":{"type":"LineString","coordinates":[[-112.02542,41.15266],[-112.0256,41.15123],[-112.0256,41.15056],[-112.02556,41.13083],[-112.02556,41.12979],[-112.02554,41.12799],[-112.02551,41.12721],[-112.02545,41.1268],[-112.02535,41.12633],[-112.02517,41.12573],[-112.02494,41.12518],[-112.02471,41.12473],[-112.02446,41.12433],[-112.02399,41.12368]]}},{"type":"Feature","properties":{"highway":"primary"},"geometry":{"type":"LineString","coordinates":[[-112.01945,41.17107],[-112.01982,41.17088],[-112.0201,41.17074]]}},{"type":"Feature","properties":{"highway":"primary"},"geometry":{"type":"LineString","coordinates":[[-112.02125,41.17008],[-112.0222,41.16951]]}},{"type":"Feature","properties":{"highway":"motorway"},"geometry":{"type":"LineString","coordinates":[[-112.02095,41.16686],[-112.02042,41.16843],[-112.02025,41.16896],[-112.01993,41.1699],[-112.01975,41.17043],[-112.01967,41.17072],[-112.01961,41.17096],[-112.01957,41.1711],[-112.01953,41.17124],[-112.01945,41.17156],[-112.01937,41.1719]]}},{"type":"Feature","properties":{"highway":"motorway"},"geometry":{"type":"LineString","coordinates":[[-112.01992,41.17099],[-112.02025,41.17007],[-112.02066,41.16891],[-112.02124,41.16725]]}},{"type":"Feature","properties":{"highway":"motorway"},"geometry":{"type":"LineString","coordinates":[[-112.01937,41.1719],[-112.01931,41.17219],[-112.0192,41.17288],[-112.01916,41.17316],[-112.01896,41.17466],[-112.0189,41.17511],[-112.01882,41.17571],[-112.01872,41.17647],[-112.01869,41.17668],[-112.01866,41.17691],[-112.01864,41.17702],[-112.01862,41.17712],[-112.01857,41.17733],[-112.01851,41.17756],[-112.01844,41.17778],[-112.01837,41.17799],[-112.01831,41.17814],[-112.01824,41.17831],[-112.01814,41.17852],[-112.01805,41.17872],[-112.01799,41.17883],[-112.01793,41.17893],[-112.01787,41.17904],[-112.01781,41.17914],[-112.01775,41.17924],[-112.0177,41.17933],[-112.01762,41.17944],[-112.01756,41.17954],[-112.01748,41.17964],[-112.01741,41.17974],[-112.01733,41.17984],[-112.01727,41.17992],[-112.01719,41.18002],[-112.01712,41.18011],[-112.01703,41.18021],[-112.01694,41.1803],[-112.01686,41.18039],[-112.01678,41.18048],[-112.0167,41.18056],[-112.01661,41.18065],[-112.01653,41.18073],[-112.01645,41.1808],[-112.01635,41.18089],[-112.01625,41.18098],[-112.01615,41.18107],[-112.01605,41.18115],[-112.01595,41.18124],[-112.01585,41.18131],[-112.01576,41.18139],[-112.01566,41.18146],[-112.01556,41.18154],[-112.01546,41.18161],[-112.01464,41.18225],[-112.01422,41.18257],[-112.01381,41.18289],[-112.01309,41.18344],[-112.01235,41.18401],[-112.01154,41.18464],[-112.01063,41.18534],[-112.01033,41.1856],[-112.01021,41.18571],[-112.0101,41.18581],[-112.01001,41.1859],[-112.00985,41.18605],[-112.00976,41.18615],[-112.00967,41.18625],[-112.00958,41.18634],[-112.00951,41.18642],[-112.00934,41.18661],[-112.00804,41.18808]]}},{"type":"Feature","properties":{"highway":"motorway"},"geometry":{"type":"LineString","coordinates":[[-112.00578,41.19059],[-112.00531,41.19111],[-112.00498,41.19148],[-112.00408,41.19239],[-112.00316,41.19324],[-112.00182,41.19441],[-111.99974,41.19603],[-111.99697,41.19817],[-111.99604,41.199],[-111.99546,41.19959]]}},{"type":"Feature","properties":{"highway":"motorway"},"geometry":{"type":"LineString","coordinates":[[-112.01103,41.18567],[-112.0111,41.18464]]}},{"type":"Feature","properties":{"highway":"motorway"},"geometry":{"type":"LineString","coordinates":[[-112.0111,41.18464],[-112.01114,41.18419],[-112.01116,41.18386],[-112.01118,41.18352],[-112.0112,41.18317]]}},{"type":"Feature","properties":{"highway":"motorway"},"geometry":{"type":"LineString","coordinates":[[-112.01147,41.17916],[-112.01148,41.17894],[-112.01148,41.1786],[-112.01147,41.17839],[-112.01147,41.17828],[-112.01143,41.17796],[-112.01142,41.17784],[-112.01139,41.17772],[-112.01131,41.17729],[-112.0111,41.17659],[-112.01074,41.17582],[-112.01035,41.17517],[-112.00967,41.1743],[-112.00871,41.17329],[-112.00667,41.17115],[-112.00626,41.17071]]}},{"type":"Feature","properties":{"highway":"motorway"},"geometry":{"type":"LineString","coordinates":[[-112.00602,41.19072],[-112.00684,41.18979],[-112.01001,41.18622],[-112.01071,41.18559],[-112.01605,41.18148],[-112.01661,41.18098],[-112.01706,41.18056],[-112.01753,41.18003],[-112.01797,41.17937],[-112.01825,41.1789],[-112.01842,41.17857],[-112.01852,41.17832],[-112.01865,41.178],[-112.01876,41.17768],[-112.01886,41.17734],[-112.01899,41.17672],[-112.01923,41.17472],[-112.01947,41.17296],[-112.01992,41.17099]]}},{"type":"Feature","properties":{"highway":"motorway"},"geometry":{"type":"LineString","coordinates":[[-112.00057,41.21455],[-112.00133,41.21544],[-112.0034,41.21809],[-112.00389,41.21871],[-112.00429,41.21908],[-112.00468,41.21939]]}},{"type":"Feature","properties":{"highway":"motorway"},"geometry":{"type":"LineString","coordinates":[[-112.02304,41.16201],[-112.02326,41.1614]]}},{"type":"Feature","properties":{"highway":"motorway"},"geometry":{"type":"LineString","coordinates":[[-112.02262,41.16195],[-112.02209,41.16352],[-112.02159,41.16509],[-112.02126,41.16598],[-112.02095,41.16686]]}},{"type":"Feature","properties":{"highway":"motorway"},"geometry":{"type":"LineString","coordinates":[[-112.02326,41.1614],[-112.02359,41.16043],[-112.0239,41.15928],[-112.02416,41.15825]]}},{"type":"Feature","properties":{"highway":"motorway"},"geometry":{"type":"LineString","coordinates":[[-112.02282,41.16132],[-112.02262,41.16195]]}},{"type":"Feature","properties":{"highway":"motorway"},"geometry":{"type":"LineString","coordinates":[[-112.02396,41.15707],[-112.02344,41.15906],[-112.02315,41.16009],[-112.02282,41.16132]]}},{"type":"Feature","properties":{"highway":"motorway"},"geometry":{"type":"LineString","coordinates":[[-112.02416,41.15825],[-112.0243,41.15757],[-112.02447,41.15684]]}},{"type":"Feature","properties":{"highway":"motorway"},"geometry":{"type":"LineString","coordinates":[[-112.02447,41.15684],[-112.0245,41.15668],[-112.02514,41.15402],[-112.02518,41.15387],[-112.02526,41.15354],[-112.02542,41.15266]]}},{"type":"Feature","properties":{"highway":"primary"},"geometry":{"type":"LineString","coordinates":[[-112.0222,41.16951],[-112.02284,41.16913]]}},{"type":"Feature","properties":{"highway":"primary"},"geometry":{"type":"LineString","coordinates":[[-112.02331,41.16885],[-112.02389,41.16851],[-112.02407,41.1684],[-112.02431,41.16826],[-112.02438,41.16822]]}},{"type":"Feature","properties":{"highway":"primary"},"geometry":{"type":"LineString","coordinates":[[-112.02576,41.21243],[-112.02576,41.21295],[-112.02575,41.21364],[-112.02575,41.21425],[-112.02575,41.2143]]}},{"type":"Feature","properties":{"highway":"primary"},"geometry":{"type":"LineString","coordinates":[[-112.02583,41.20011],[-112.02583,41.20081]]}},{"type":"Feature","properties":{"highway":"motorway"},"geometry":{"type":"LineString","coordinates":[[-112.02495,41.13001],[-112.0249,41.13085]]}},{"type":"Feature","properties":{"highway":"motorway"},"geometry":{"type":"LineString","coordinates":[[-112.02327,41.12337],[-112.02365,41.12381]]}},{"type":"Feature","properties":{"highway":"motorway"},"geometry":{"type":"LineString","coordinates":[[-112.02399,41.12368],[-112.02361,41.12323]]}},{"type":"Feature","properties":{"highway":"motorway"},"geometry":{"type":"LineString","coordinates":[[-112.02361,41.12323],[-112.02329,41.12291],[-112.02282,41.12248],[-112.02229,41.12207],[-112.02108,41.1212],[-112.02051,41.12079],[-112.01978,41.12023],[-112.01904,41.11958],[-112.01864,41.11922],[-112.01753,41.11806],[-112.01274,41.11279],[-112.01123,41.11112]]}},{"type":"Feature","properties":{"highway":"motorway"},"geometry":{"type":"LineString","coordinates":[[-112.00587,41.17031],[-112.00461,41.16899],[-112.00432,41.16874],[-112.0039,41.16839],[-112.00338,41.16801],[-112.00282,41.16766],[-112.0027,41.16759],[-112.00224,41.16733],[-112.00047,41.1665],[-111.99971,41.1661],[-111.9993,41.16586],[-111.99891,41.16559],[-111.99848,41.16526],[-111.99809,41.16492],[-111.99739,41.16426],[-111.9969,41.16365],[-111.99613,41.16242],[-111.99562,41.1616],[-111.99508,41.16084],[-111.9942,41.15976],[-111.99307,41.15863],[-111.99277,41.15838],[-111.99198,41.15772],[-111.9909,41.15693],[-111.98986,41.15628],[-111.98914,41.15585],[-111.98713,41.15489],[-111.98591,41.15443],[-111.98483,41.15406],[-111.9835,41.1537],[-111.9829,41.15355]]}},{"type":"Feature","properties":{"highway":"motorway"},"geometry":{"type":"LineString","coordinates":[[-112.00626,41.17071],[-112.00587,41.17031]]}},{"type":"Feature","properties":{"highway":"motorway_link"},"geometry":{"type":"LineString","coordinates":[[-112.02436,41.15826],[-112.02444,41.15745],[-112.02447,41.15684]]}},{"type":"Feature","properties":{"highway":"motorway"},"geometry":{"type":"LineString","coordinates":[[-112.0112,41.18317],[-112.01122,41.18287]]}},{"type":"Feature","properties":{"highway":"primary_link"},"geometry":{"type":"LineString","coordinates":[[-112.02584,41.19657],[-112.02553,41.19726],[-112.02537,41.19751],[-112.02516,41.19775],[-112.02495,41.19794],[-112.02472,41.19809],[-112.02444,41.19826],[-112.02355,41.19868],[-112.02304,41.19896]]}},{"type":"Feature","properties":{"highway":"motorway"},"geometry":{"type":"LineString","coordinates":[[-112.00553,41.21964],[-112.0049,41.21922]]}},{"type":"Feature","properties":{"highway":"primary"},"geometry":{"type":"LineString","coordinates":[[-112.01043,41.17465],[-112.0114,41.17431]]}},{"type":"Feature","properties":{"highway":"primary"},"geometry":{"type":"LineString","coordinates":[[-112.00959,41.17496],[-112.00969,41.17493]]}},{"type":"Feature","properties":{"highway":"motorway"},"geometry":{"type":"LineString","coordinates":[[-112.00793,41.10747],[-112.00728,41.10683],[-112.00504,41.10442]]}},{"type":"Feature","properties":{"highway":"motorway"},"geometry":{"type":"LineString","coordinates":[[-112.01123,41.11112],[-112.01078,41.11063]]}},{"type":"Feature","properties":{"highway":"motorway"},"geometry":{"type":"LineString","coordinates":[[-112.0108,41.11118],[-112.01245,41.11307],[-112.01329,41.11404],[-112.01699,41.11807],[-112.01833,41.11944],[-112.01905,41.12009],[-112.01943,41.1204]]}},{"type":"Feature","properties":{"highway":"motorway"},"geometry":{"type":"LineString","coordinates":[[-112.01042,41.11076],[-112.0108,41.11118]]}},{"type":"Feature","properties":{"highway":"motorway"},"geometry":{"type":"LineString","coordinates":[[-112.0044,41.10373],[-112.00399,41.10328]]}},{"type":"Feature","properties":{"highway":"motorway"},"geometry":{"type":"LineString","coordinates":[[-112.0047,41.10446],[-112.00567,41.10552],[-112.0072,41.10722],[-112.00831,41.10841],[-112.01042,41.11076]]}},{"type":"Feature","properties":{"highway":"motorway"},"geometry":{"type":"LineString","coordinates":[[-112.00364,41.10331],[-112.00399,41.10369]]}},{"type":"Feature","properties":{"highway":"primary"},"geometry":{"type":"LineString","coordinates":[[-112.02541,41.24175],[-112.0254,41.24219]]}},{"type":"Feature","properties":{"highway":"primary"},"geometry":{"type":"LineString","coordinates":[[-112.02543,41.24117],[-112.02541,41.24175]]}},{"type":"Feature","properties":{"highway":"motorway"},"geometry":{"type":"LineString","coordinates":[[-112.01583,41.24442],[-112.01593,41.24493]]}},{"type":"Feature","properties":{"highway":"motorway"},"geometry":{"type":"LineString","coordinates":[[-112.01606,41.24441],[-112.01569,41.2428]]}},{"type":"Feature","properties":{"highway":"motorway"},"geometry":{"type":"LineString","coordinates":[[-112.01558,41.24232],[-112.01496,41.23957]]}},{"type":"Feature","properties":{"highway":"motorway"},"geometry":{"type":"LineString","coordinates":[[-112.01569,41.2428],[-112.01558,41.24232]]}},{"type":"Feature","properties":{"highway":"motorway"},"geometry":{"type":"LineString","coordinates":[[-112.01534,41.24229],[-112.01545,41.24277]]}},{"type":"Feature","properties":{"highway":"motorway"},"geometry":{"type":"LineString","coordinates":[[-112.01545,41.24277],[-112.01583,41.24442]]}},{"type":"Feature","properties":{"highway":"motorway_link"},"geometry":{"type":"LineString","coordinates":[[-112.01515,41.24468],[-112.01518,41.24489],[-112.01529,41.24525],[-112.01609,41.24722],[-112.01694,41.24934]]}},{"type":"Feature","properties":{"highway":"motorway"},"geometry":{"type":"LineString","coordinates":[[-112.0145,41.23748],[-112.01438,41.23697]]}},{"type":"Feature","properties":{"highway":"motorway"},"geometry":{"type":"LineString","coordinates":[[-112.01438,41.23697],[-112.01372,41.23373]]}},{"type":"Feature","properties":{"highway":"motorway"},"geometry":{"type":"LineString","coordinates":[[-112.01426,41.23747],[-112.0144,41.23815]]}},{"type":"Feature","properties":{"highway":"motorway"},"geometry":{"type":"LineString","coordinates":[[-112.01414,41.23696],[-112.01426,41.23747]]}},{"type":"Feature","properties":{"highway":"motorway_link"},"geometry":{"type":"LineString","coordinates":[[-112.016,41.24241],[-112.01556,41.24136],[-112.01542,41.24103],[-112.0153,41.24069],[-112.0152,41.24031],[-112.01511,41.23992],[-112.01496,41.23957]]}},{"type":"Feature","properties":{"highway":"motorway_link"},"geometry":{"type":"LineString","coordinates":[[-112.0162,41.2429],[-112.016,41.24241]]}},{"type":"Feature","properties":{"highway":"motorway"},"geometry":{"type":"LineString","coordinates":[[-112.01017,41.22226],[-112.00983,41.22197]]}},{"type":"Feature","properties":{"highway":"motorway"},"geometry":{"type":"LineString","coordinates":[[-112.00983,41.22197],[-112.00919,41.22147],[-112.00857,41.22113],[-112.00762,41.22069],[-112.00597,41.21988],[-112.00553,41.21964]]}},{"type":"Feature","properties":{"highway":"motorway"},"geometry":{"type":"LineString","coordinates":[[-112.01125,41.22432],[-112.01144,41.22493],[-112.01219,41.22842]]}},{"type":"Feature","properties":{"highway":"motorway"},"geometry":{"type":"LineString","coordinates":[[-112.00963,41.22211],[-112.00994,41.22238]]}},{"type":"Feature","properties":{"highway":"motorway"},"geometry":{"type":"LineString","coordinates":[[-112.00468,41.21939],[-112.00534,41.21982]]}},{"type":"Feature","properties":{"highway":"motorway"},"geometry":{"type":"LineString","coordinates":[[-112.00534,41.21982],[-112.00756,41.22088],[-112.00865,41.22142],[-112.00916,41.22174],[-112.00963,41.22211]]}},{"type":"Feature","properties":{"highway":"motorway"},"geometry":{"type":"LineString","coordinates":[[-112.0049,41.21922],[-112.00448,41.2189],[-112.0041,41.21853],[-112.00362,41.21799],[-112.00259,41.2167],[-112.00158,41.21539],[-112.00083,41.2144],[-112.00051,41.214],[-111.99964,41.21288],[-111.998,41.2108]]}},{"type":"Feature","properties":{"highway":"motorway"},"geometry":{"type":"LineString","coordinates":[[-112.01083,41.18368],[-112.0108,41.18388],[-112.01068,41.18426],[-112.01053,41.18467],[-112.01033,41.18507],[-112.0101,41.18545],[-112.00973,41.18594],[-112.00804,41.18808]]}},{"type":"Feature","properties":{"highway":"motorway"},"geometry":{"type":"LineString","coordinates":[[-112.01092,41.18281],[-112.01083,41.18368]]}},{"type":"Feature","properties":{"highway":"motorway_link"},"geometry":{"type":"LineString","coordinates":[[-112.01147,41.17916],[-112.01155,41.17867],[-112.01156,41.1785],[-112.01157,41.17838],[-112.01158,41.17825],[-112.01158,41.17813],[-112.01158,41.17798],[-112.01158,41.17754],[-112.01157,41.17668],[-112.01156,41.17612],[-112.01155,41.176],[-112.01154,41.17591],[-112.01153,41.17583],[-112.01151,41.17575],[-112.01149,41.17569],[-112.01146,41.17563],[-112.01143,41.17555]]}},{"type":"Feature","properties":{"highway":"motorway_link"},"geometry":{"type":"LineString","coordinates":[[-112.00733,41.17226],[-112.00748,41.17252],[-112.00797,41.17314],[-112.00811,41.17334],[-112.00821,41.17352],[-112.00828,41.17373],[-112.00837,41.17402]]}},{"type":"Feature","properties":{"highway":"motorway"},"geometry":{"type":"LineString","coordinates":[[-112.00733,41.17226],[-112.00855,41.17352],[-112.00929,41.17431],[-112.01005,41.17525],[-112.01044,41.17589],[-112.01077,41.17661],[-112.01099,41.17731],[-112.01112,41.17795],[-112.01116,41.17843],[-112.01116,41.17895],[-112.01111,41.17985],[-112.01103,41.1811],[-112.01092,41.18281]]}},{"type":"Feature","properties":{"highway":"motorway"},"geometry":{"type":"LineString","coordinates":[[-112.00571,41.17063],[-112.00619,41.17112]]}},{"type":"Feature","properties":{"highway":"motorway_link"},"geometry":{"type":"LineString","coordinates":[[-112.0097,41.17511],[-112.00968,41.17513],[-112.00965,41.17517],[-112.00964,41.17519],[-112.00961,41.17524],[-112.00958,41.1753],[-112.00956,41.17537],[-112.00954,41.17543],[-112.00954,41.17548],[-112.00954,41.17555],[-112.00955,41.1756],[-112.00956,41.17568]]}},{"type":"Feature","properties":{"highway":"motorway_link"},"geometry":{"type":"LineString","coordinates":[[-112.01023,41.17451],[-112.01026,41.17446],[-112.01029,41.1744],[-112.01031,41.17436],[-112.01032,41.17432],[-112.01033,41.17428],[-112.01034,41.17424],[-112.01034,41.1742],[-112.01035,41.17417],[-112.01034,41.17412],[-112.01034,41.17408],[-112.01033,41.17404],[-112.01033,41.17401],[-112.01031,41.17397]]}},{"type":"Feature","properties":{"highway":"primary"},"geometry":{"type":"LineString","coordinates":[[-112.06462,41.07501],[-112.06462,41.07681],[-112.06463,41.0776],[-112.06463,41.07907],[-112.06462,41.08111],[-112.0646,41.08222],[-112.06461,41.08233],[-112.0646,41.08237],[-112.06462,41.08331],[-112.06462,41.08439],[-112.06462,41.08527],[-112.06462,41.0853],[-112.06462,41.08621],[-112.06463,41.08627],[-112.06462,41.08635],[-112.06461,41.0872],[-112.06461,41.08735],[-112.06461,41.08794],[-112.06461,41.08801],[-112.06462,41.08839]]}},{"type":"Feature","properties":{"highway":"primary"},"geometry":{"type":"LineString","coordinates":[[-112.02534,41.24429],[-112.02534,41.24443],[-112.02532,41.24493]]}},{"type":"Feature","properties":{"highway":"primary"},"geometry":{"type":"LineString","coordinates":[[-112.02535,41.24389],[-112.02534,41.24429]]}},{"type":"Feature","properties":{"highway":"motorway"},"geometry":{"type":"LineString","coordinates":[[-112.02641,41.26879],[-112.02641,41.26823]]}},{"type":"Feature","properties":{"highway":"motorway"},"geometry":{"type":"LineString","coordinates":[[-112.02491,41.26237],[-112.02451,41.261],[-112.02431,41.26039],[-112.02402,41.25971],[-112.02363,41.25901],[-112.0232,41.25836],[-112.0227,41.25776],[-112.0221,41.25712],[-112.01998,41.25477]]}},{"type":"Feature","properties":{"highway":"motorway"},"geometry":{"type":"LineString","coordinates":[[-112.02606,41.30185],[-112.02603,41.29659],[-112.02606,41.29201],[-112.02605,41.28975]]}},{"type":"Feature","properties":{"highway":"motorway"},"geometry":{"type":"LineString","coordinates":[[-112.02608,41.30693],[-112.02606,41.3064]]}},{"type":"Feature","properties":{"highway":"primary_link"},"geometry":{"type":"LineString","coordinates":[[-112.03393,41.34445],[-112.03375,41.34455],[-112.03353,41.34472],[-112.03346,41.34478],[-112.03339,41.34482],[-112.03329,41.34486],[-112.03325,41.34487],[-112.03318,41.34488],[-112.03306,41.34488],[-112.03298,41.34486]]}},{"type":"Feature","properties":{"highway":"primary"},"geometry":{"type":"LineString","coordinates":[[-112.03682,41.34132],[-112.03676,41.34142],[-112.03672,41.34149],[-112.03647,41.34186],[-112.03623,41.34219],[-112.03617,41.34228]]}},{"type":"Feature","properties":{"highway":"primary"},"geometry":{"type":"LineString","coordinates":[[-112.03478,41.34364],[-112.03403,41.34436]]}},{"type":"Feature","properties":{"highway":"primary"},"geometry":{"type":"LineString","coordinates":[[-112.0093,41.08909],[-112.00893,41.08909],[-112.00865,41.08909],[-112.00836,41.0891],[-112.00805,41.0891],[-112.00796,41.0891],[-112.00769,41.08911]]}},{"type":"Feature","properties":{"highway":"primary"},"geometry":{"type":"LineString","coordinates":[[-112.01333,41.08909],[-112.01246,41.08909]]}},{"type":"Feature","properties":{"highway":"motorway"},"geometry":{"type":"LineString","coordinates":[[-112.01618,41.24492],[-112.01606,41.24441]]}},{"type":"Feature","properties":{"highway":"motorway"},"geometry":{"type":"LineString","coordinates":[[-112.01593,41.24493],[-112.01694,41.24934],[-112.0172,41.25069],[-112.0175,41.25155],[-112.01786,41.25232],[-112.01826,41.25301],[-112.01883,41.2538],[-112.01968,41.25477]]}},{"type":"Feature","properties":{"highway":"motorway"},"geometry":{"type":"LineString","coordinates":[[-112.02617,41.26873],[-112.0261,41.27285],[-112.02596,41.27945],[-112.02584,41.28939]]}},{"type":"Feature","properties":{"highway":"motorway"},"geometry":{"type":"LineString","coordinates":[[-112.02615,41.26823],[-112.02617,41.26873]]}},{"type":"Feature","properties":{"highway":"motorway"},"geometry":{"type":"LineString","coordinates":[[-112.02605,41.28975],[-112.02605,41.28939]]}},{"type":"Feature","properties":{"highway":"motorway"},"geometry":{"type":"LineString","coordinates":[[-112.02605,41.28939],[-112.02625,41.27944],[-112.02627,41.27842]]}},{"type":"Feature","properties":{"highway":"motorway"},"geometry":{"type":"LineString","coordinates":[[-112.02584,41.28939],[-112.02583,41.28975]]}},{"type":"Feature","properties":{"highway":"motorway"},"geometry":{"type":"LineString","coordinates":[[-112.02583,41.28975],[-112.02577,41.29655],[-112.02583,41.30197]]}},{"type":"Feature","properties":{"highway":"motorway"},"geometry":{"type":"LineString","coordinates":[[-112.02578,41.30638],[-112.02579,41.30697]]}},{"type":"Feature","properties":{"highway":"motorway"},"geometry":{"type":"LineString","coordinates":[[-112.02579,41.30697],[-112.02579,41.30745],[-112.02578,41.3115],[-112.02579,41.31536],[-112.02582,41.31627],[-112.02594,41.31728],[-112.02606,41.31799],[-112.02638,41.31904],[-112.02685,41.32026],[-112.0274,41.32149],[-112.03113,41.32985],[-112.03205,41.33197],[-112.03253,41.33301],[-112.03399,41.33627],[-112.03433,41.33708],[-112.03453,41.33749],[-112.03477,41.33802],[-112.03491,41.33833],[-112.03507,41.33863],[-112.03525,41.33895],[-112.03539,41.33915],[-112.03548,41.33927],[-112.03559,41.33943],[-112.03566,41.33953],[-112.03574,41.33963],[-112.03593,41.33987],[-112.03628,41.34027],[-112.03667,41.34073],[-112.03738,41.34157],[-112.03763,41.34189]]}},{"type":"Feature","properties":{"highway":"primary"},"geometry":{"type":"LineString","coordinates":[[-112.03717,41.34059],[-112.03704,41.34088],[-112.03696,41.34106],[-112.03692,41.34113],[-112.03689,41.34118],[-112.03682,41.34132]]}},{"type":"Feature","properties":{"highway":"motorway"},"geometry":{"type":"LineString","coordinates":[[-112.04106,41.35146],[-112.0412,41.35194]]}},{"type":"Feature","properties":{"highway":"motorway"},"geometry":{"type":"LineString","coordinates":[[-112.04156,41.35196],[-112.04138,41.35144]]}},{"type":"Feature","properties":{"highway":"motorway"},"geometry":{"type":"LineString","coordinates":[[-112.0412,41.35194],[-112.0423,41.35549],[-112.04273,41.3569],[-112.0429,41.35762],[-112.04303,41.35833],[-112.04316,41.35962],[-112.04314,41.36093],[-112.04272,41.36868]]}},{"type":"Feature","properties":{"highway":"motorway"},"geometry":{"type":"LineString","coordinates":[[-112.04305,41.36867],[-112.04349,41.36092],[-112.04352,41.35965],[-112.04337,41.35836],[-112.04327,41.35768],[-112.04308,41.3569],[-112.04263,41.35544],[-112.04156,41.35196]]}},{"type":"Feature","properties":{"highway":"motorway"},"geometry":{"type":"LineString","coordinates":[[-112.04303,41.369],[-112.04305,41.36867]]}},{"type":"Feature","properties":{"highway":"motorway"},"geometry":{"type":"LineString","coordinates":[[-112.04271,41.36899],[-112.04216,41.37834],[-112.04182,41.38416],[-112.04162,41.38752],[-112.04161,41.38817],[-112.04163,41.38862],[-112.04168,41.38914],[-112.04178,41.38968],[-112.04203,41.39047],[-112.04577,41.39904],[-112.04812,41.40453],[-112.0492,41.40708],[-112.04946,41.40789],[-112.04968,41.40865],[-112.04982,41.40937],[-112.0499,41.4099],[-112.05008,41.41144],[-112.05027,41.41303],[-112.05055,41.41504],[-112.0507,41.41676],[-112.05094,41.41812],[-112.0514,41.41958],[-112.05169,41.4203],[-112.05201,41.42103],[-112.05251,41.42182]]}},{"type":"Feature","properties":{"highway":"motorway"},"geometry":{"type":"LineString","coordinates":[[-112.04272,41.36868],[-112.04271,41.36899]]}},{"type":"Feature","properties":{"highway":"motorway_link"},"geometry":{"type":"LineString","coordinates":[[-112.05482,41.46289],[-112.0547,41.46338],[-112.05458,41.46406],[-112.05441,41.46508],[-112.05432,41.46546],[-112.05425,41.46565],[-112.05412,41.46597],[-112.05404,41.4661]]}},{"type":"Feature","properties":{"highway":"motorway_link"},"geometry":{"type":"LineString","coordinates":[[-112.05399,41.46856],[-112.05405,41.46867],[-112.05412,41.46892],[-112.05414,41.46907],[-112.05414,41.46917],[-112.05415,41.47143]]}},{"type":"Feature","properties":{"highway":"trunk"},"geometry":{"type":"LineString","coordinates":[[-112.04957,41.48586],[-112.05037,41.48591],[-112.05043,41.48592],[-112.05051,41.48592],[-112.05058,41.48592],[-112.05066,41.48591],[-112.05077,41.48591],[-112.05082,41.4859],[-112.05088,41.48589],[-112.05095,41.48588],[-112.05103,41.48587],[-112.05112,41.48584],[-112.05121,41.48582],[-112.05129,41.4858],[-112.05131,41.48579]]}},{"type":"Feature","properties":{"highway":"motorway"},"geometry":{"type":"LineString","coordinates":[[-112.06647,41.53577],[-112.06637,41.53512]]}},{"type":"Feature","properties":{"highway":"motorway"},"geometry":{"type":"LineString","coordinates":[[-112.06637,41.53512],[-112.06553,41.52924],[-112.06489,41.52453],[-112.06466,41.52278],[-112.06446,41.52141],[-112.06429,41.52059],[-112.06408,41.51984],[-112.0626,41.51576],[-112.06132,41.51238],[-112.06023,41.50941],[-112.05913,41.50654],[-112.05837,41.50449],[-112.05788,41.50317],[-112.05651,41.49948],[-112.0543,41.49354],[-112.0538,41.49213],[-112.05366,41.49175]]}},{"type":"Feature","properties":{"highway":"motorway"},"geometry":{"type":"LineString","coordinates":[[-112.06603,41.53511],[-112.06611,41.53572]]}},{"type":"Feature","properties":{"highway":"motorway_link"},"geometry":{"type":"LineString","coordinates":[[-112.06926,41.55682],[-112.06926,41.55514],[-112.06945,41.55394]]}},{"type":"Feature","properties":{"highway":"motorway_link"},"geometry":{"type":"LineString","coordinates":[[-112.06914,41.55135],[-112.0688,41.55085],[-112.06872,41.55072],[-112.0686,41.55041],[-112.06849,41.55004],[-112.06806,41.54785]]}},{"type":"Feature","properties":{"highway":"motorway"},"geometry":{"type":"LineString","coordinates":[[-112.06611,41.53572],[-112.06621,41.53666],[-112.06674,41.54072],[-112.06721,41.54415]]}},{"type":"Feature","properties":{"highway":"motorway"},"geometry":{"type":"LineString","coordinates":[[-112.16279,41.69011],[-112.16149,41.6895]]}},{"type":"Feature","properties":{"highway":"motorway"},"geometry":{"type":"LineString","coordinates":[[-112.17046,41.69412],[-112.17112,41.69443]]}},{"type":"Feature","properties":{"highway":"motorway"},"geometry":{"type":"LineString","coordinates":[[-112.17112,41.69443],[-112.17682,41.69716],[-112.1803,41.69882]]}},{"type":"Feature","properties":{"highway":"motorway"},"geometry":{"type":"LineString","coordinates":[[-112.17112,41.69412],[-112.17047,41.69382]]}},{"type":"Feature","properties":{"highway":"motorway"},"geometry":{"type":"LineString","coordinates":[[-112.17047,41.69382],[-112.16682,41.69205],[-112.16341,41.6904]]}},{"type":"Feature","properties":{"highway":"motorway"},"geometry":{"type":"LineString","coordinates":[[-112.18081,41.69708],[-112.18027,41.69709]]}},{"type":"Feature","properties":{"highway":"motorway"},"geometry":{"type":"LineString","coordinates":[[-112.39637,41.81506],[-112.3899,41.81603],[-112.38865,41.81616],[-112.38734,41.81623],[-112.3859,41.81621],[-112.37583,41.81598],[-112.37328,41.81591],[-112.36723,41.8157],[-112.36213,41.8156],[-112.36071,41.8155],[-112.35926,41.81535],[-112.3579,41.81515],[-112.3505,41.81373],[-112.34916,41.81346],[-112.34803,41.81322],[-112.34692,41.81289],[-112.34613,41.81265],[-112.34539,41.81238],[-112.34345,41.81153],[-112.33936,41.80962],[-112.33476,41.8075],[-112.33334,41.80687],[-112.33191,41.80637],[-112.33057,41.80601],[-112.32937,41.80579],[-112.32817,41.80567],[-112.32468,41.80532],[-112.32357,41.80516],[-112.32223,41.80491],[-112.32064,41.80452],[-112.31872,41.80397],[-112.30945,41.80121],[-112.2983,41.79791],[-112.29641,41.79732],[-112.2916,41.7959],[-112.28972,41.79532],[-112.28783,41.79457],[-112.28636,41.79386],[-112.28459,41.79281],[-112.28392,41.79234],[-112.28328,41.79185],[-112.27984,41.78901],[-112.27834,41.78776],[-112.2771,41.78671],[-112.27653,41.78619],[-112.27555,41.78513],[-112.27382,41.78327],[-112.27287,41.78209],[-112.27195,41.78079],[-112.27106,41.7794],[-112.27011,41.77763],[-112.266,41.76809],[-112.26508,41.76587],[-112.26256,41.75986],[-112.26013,41.75397],[-112.25922,41.75158],[-112.25881,41.75021],[-112.25814,41.74796],[-112.25749,41.74611],[-112.25658,41.74302],[-112.25608,41.74164],[-112.25571,41.74076],[-112.25486,41.73926],[-112.2542,41.73837],[-112.25375,41.73784],[-112.25087,41.73462],[-112.24821,41.73163],[-112.24741,41.73081],[-112.24651,41.73004],[-112.24589,41.72959],[-112.24505,41.72902],[-112.24377,41.72817],[-112.24117,41.72655],[-112.23968,41.72562],[-112.23816,41.72475],[-112.23657,41.72392],[-112.23595,41.72363],[-112.23543,41.72338],[-112.23399,41.72278],[-112.23331,41.72249],[-112.2325,41.72215],[-112.23178,41.72183],[-112.23124,41.72159],[-112.23061,41.72132],[-112.22904,41.72064],[-112.22654,41.71958],[-112.22499,41.7189],[-112.22346,41.71826],[-112.22202,41.71762],[-112.22109,41.71721],[-112.22051,41.71696],[-112.21586,41.71497]]}},{"type":"Feature","properties":{"highway":"motorway_link"},"geometry":{"type":"LineString","coordinates":[[-112.1869,41.70214],[-112.18762,41.70252],[-112.18798,41.70272],[-112.18821,41.70286],[-112.18863,41.70312],[-112.18883,41.70323],[-112.18902,41.70338],[-112.18927,41.70356],[-112.18945,41.7037],[-112.18962,41.70384],[-112.18984,41.70404],[-112.19007,41.70426],[-112.19031,41.7045],[-112.19048,41.70468],[-112.1906,41.70482],[-112.19078,41.70504],[-112.19095,41.70526],[-112.19106,41.70542],[-112.19128,41.70575],[-112.19148,41.70608],[-112.1916,41.70629],[-112.19171,41.70654],[-112.19182,41.70683],[-112.19195,41.70717],[-112.19207,41.70757],[-112.19219,41.7081],[-112.19233,41.7093]]}},{"type":"Feature","properties":{"highway":"motorway"},"geometry":{"type":"LineString","coordinates":[[-112.19243,41.72615],[-112.19249,41.72855],[-112.1925,41.73004],[-112.19249,41.73045],[-112.19248,41.73107],[-112.19246,41.73131],[-112.19233,41.73232],[-112.19228,41.73256],[-112.19223,41.73284],[-112.19217,41.73305],[-112.19212,41.73321],[-112.19201,41.73357],[-112.19193,41.73385],[-112.19179,41.73426],[-112.19176,41.73436],[-112.19162,41.7347],[-112.19151,41.73497],[-112.19129,41.73543],[-112.19104,41.73595],[-112.19035,41.73727],[-112.18978,41.73832],[-112.1895,41.73888],[-112.18901,41.73989],[-112.18848,41.74118],[-112.1882,41.74192],[-112.188,41.74251],[-112.1875,41.74415],[-112.18727,41.74489],[-112.18692,41.74587],[-112.18662,41.74661],[-112.18633,41.74728],[-112.18593,41.74811],[-112.18558,41.74881],[-112.18512,41.74966],[-112.18462,41.75048],[-112.18376,41.75182],[-112.18303,41.75297],[-112.18256,41.75384],[-112.18188,41.7553]]}},{"type":"Feature","properties":{"highway":"motorway"},"geometry":{"type":"LineString","coordinates":[[-112.19284,41.72615],[-112.19284,41.72542]]}},{"type":"Feature","properties":{"highway":"motorway"},"geometry":{"type":"LineString","coordinates":[[-112.19284,41.72542],[-112.19282,41.72035],[-112.19268,41.71133]]}},{"type":"Feature","properties":{"highway":"motorway"},"geometry":{"type":"LineString","coordinates":[[-112.19242,41.7254],[-112.19243,41.72615]]}},{"type":"Feature","properties":{"highway":"motorway_link"},"geometry":{"type":"LineString","coordinates":[[-112.19241,41.72044],[-112.19225,41.7219],[-112.19221,41.72231],[-112.19217,41.72253],[-112.19214,41.72271],[-112.19209,41.72287],[-112.19196,41.72319],[-112.19162,41.72383],[-112.19134,41.72432],[-112.19126,41.72449],[-112.19119,41.72466],[-112.19113,41.72486],[-112.19109,41.72511],[-112.19108,41.72531],[-112.19108,41.72545],[-112.19109,41.72556],[-112.19109,41.72571]]}},{"type":"Feature","properties":{"highway":"motorway"},"geometry":{"type":"LineString","coordinates":[[-112.18027,41.69709],[-112.17977,41.69708],[-112.1794,41.69707],[-112.17912,41.69705],[-112.17864,41.69702],[-112.17854,41.69701],[-112.17844,41.697]]}},{"type":"Feature","properties":{"highway":"motorway"},"geometry":{"type":"LineString","coordinates":[[-112.16282,41.69043],[-112.16343,41.69074]]}},{"type":"Feature","properties":{"highway":"motorway"},"geometry":{"type":"LineString","coordinates":[[-112.16343,41.69074],[-112.16682,41.69235],[-112.17046,41.69412]]}},{"type":"Feature","properties":{"highway":"primary"},"geometry":{"type":"LineString","coordinates":[[-112.06452,41.08927],[-112.06452,41.08938],[-112.06452,41.08943],[-112.06453,41.09004],[-112.06453,41.09019]]}},{"type":"Feature","properties":{"highway":"primary"},"geometry":{"type":"LineString","coordinates":[[-112.01011,41.08909],[-112.0093,41.08909]]}},{"type":"Feature","properties":{"highway":"primary"},"geometry":{"type":"LineString","coordinates":[[-112.01246,41.08909],[-112.01222,41.08909],[-112.01011,41.08909]]}},{"type":"Feature","properties":{"highway":"motorway"},"geometry":{"type":"LineString","coordinates":[[-112.01763,40.77119],[-112.02672,40.77119]]}},{"type":"Feature","properties":{"highway":"motorway"},"geometry":{"type":"LineString","coordinates":[[-112.07129,40.77085],[-112.05415,40.77085],[-112.04466,40.77086],[-112.04385,40.77086],[-112.0395,40.7709]]}},{"type":"Feature","properties":{"highway":"motorway_link"},"geometry":{"type":"LineString","coordinates":[[-112.00262,40.76911],[-112.00349,40.76945],[-112.00394,40.76963],[-112.00438,40.76986],[-112.00475,40.7701],[-112.0051,40.77046],[-112.00537,40.77083],[-112.00554,40.77121],[-112.00561,40.77148],[-112.00563,40.77191],[-112.00564,40.77236]]}},{"type":"Feature","properties":{"highway":"motorway_link"},"geometry":{"type":"LineString","coordinates":[[-112.17802,40.74962],[-112.17931,40.74876],[-112.17965,40.7486],[-112.17999,40.74845],[-112.18037,40.74832],[-112.1808,40.7482],[-112.18231,40.74791],[-112.18262,40.74784],[-112.18292,40.74774],[-112.18313,40.74765],[-112.18332,40.74754],[-112.18358,40.74734],[-112.18382,40.74711],[-112.18439,40.74632],[-112.18448,40.74619]]}},{"type":"Feature","properties":{"highway":"primary"},"geometry":{"type":"LineString","coordinates":[[-112.06271,40.561],[-112.06248,40.5594],[-112.06204,40.55653],[-112.06197,40.55611],[-112.06191,40.55569],[-112.06187,40.55533],[-112.06186,40.555],[-112.06186,40.55467],[-112.06187,40.55438],[-112.0619,40.55408],[-112.06195,40.55378],[-112.062,40.5535],[-112.06223,40.55274],[-112.06232,40.55248],[-112.06243,40.55223],[-112.0628,40.55147],[-112.06312,40.5508],[-112.06325,40.55054],[-112.06334,40.55037],[-112.06366,40.54972],[-112.06467,40.54766],[-112.06568,40.5456],[-112.06716,40.5426],[-112.06865,40.5396],[-112.06892,40.53905],[-112.06911,40.53867]]}},{"type":"Feature","properties":{"highway":"motorway"},"geometry":{"type":"LineString","coordinates":[[-112.01231,41.22891],[-112.01285,41.23114],[-112.01325,41.23297]]}},{"type":"Feature","properties":{"highway":"motorway"},"geometry":{"type":"LineString","coordinates":[[-112.01262,41.22888],[-112.01251,41.2284]]}},{"type":"Feature","properties":{"highway":"motorway"},"geometry":{"type":"LineString","coordinates":[[-112.01251,41.2284],[-112.01174,41.22499],[-112.01169,41.22479],[-112.01157,41.22434],[-112.01134,41.22385],[-112.01114,41.22347],[-112.01087,41.22308],[-112.01052,41.22265],[-112.01017,41.22226]]}},{"type":"Feature","properties":{"highway":"motorway"},"geometry":{"type":"LineString","coordinates":[[-112.01219,41.22842],[-112.01231,41.22891]]}},{"type":"Feature","properties":{"highway":"motorway"},"geometry":{"type":"LineString","coordinates":[[-112.1803,41.69882],[-112.18083,41.69908]]}},{"type":"Feature","properties":{"highway":"motorway"},"geometry":{"type":"LineString","coordinates":[[-112.18083,41.69908],[-112.18344,41.70032]]}},{"type":"Feature","properties":{"highway":"motorway"},"geometry":{"type":"LineString","coordinates":[[-112.18083,41.69878],[-112.18027,41.69851]]}},{"type":"Feature","properties":{"highway":"primary"},"geometry":{"type":"LineString","coordinates":[[-112.02604,41.33366],[-112.02531,41.33267],[-112.02437,41.33141],[-112.02348,41.33023],[-112.02335,41.33005],[-112.0228,41.32932],[-112.02243,41.32883],[-112.02126,41.32728],[-112.02053,41.3263],[-112.0201,41.32573],[-112.0199,41.32547],[-112.01948,41.32491],[-112.01932,41.3247],[-112.01811,41.32309],[-112.01672,41.32123],[-112.01577,41.31997],[-112.01521,41.31922],[-112.01445,41.31822],[-112.01312,41.31645],[-112.01223,41.31525],[-112.01182,41.31472],[-112.01179,41.31468],[-112.01155,41.31436],[-112.01152,41.31431],[-112.01149,41.31428],[-112.01085,41.31342],[-112.01032,41.31271],[-112.01021,41.31257],[-112.00967,41.31185],[-112.0094,41.31148],[-112.00879,41.31067],[-112.00861,41.31043],[-112.00805,41.30969],[-112.00769,41.30923]]}},{"type":"Feature","properties":{"highway":"primary"},"geometry":{"type":"LineString","coordinates":[[-112.02975,41.33859],[-112.03013,41.33922],[-112.03038,41.33962],[-112.03065,41.34009],[-112.0309,41.34056],[-112.03111,41.34105],[-112.03143,41.34181]]}},{"type":"Feature","properties":{"highway":"primary"},"geometry":{"type":"LineString","coordinates":[[-112.03371,41.34721],[-112.03352,41.34674],[-112.03339,41.34639],[-112.03333,41.34614],[-112.03331,41.34593],[-112.03332,41.34581],[-112.03334,41.34558],[-112.03339,41.3454],[-112.03342,41.34526],[-112.03346,41.34516],[-112.03348,41.34508],[-112.03353,41.34499],[-112.03363,41.34484],[-112.03371,41.34472],[-112.03383,41.34457],[-112.03393,41.34445]]}},{"type":"Feature","properties":{"highway":"primary"},"geometry":{"type":"LineString","coordinates":[[-112.03259,41.34472],[-112.03265,41.34477],[-112.03267,41.34481],[-112.03273,41.34495],[-112.0328,41.34504],[-112.03283,41.34508],[-112.0329,41.34513],[-112.03301,41.34518],[-112.03315,41.34523],[-112.0333,41.34525],[-112.03342,41.34526]]}},{"type":"Feature","properties":{"highway":"primary"},"geometry":{"type":"LineString","coordinates":[[-112.03243,41.34381],[-112.03229,41.34348],[-112.03215,41.34316],[-112.03202,41.34282],[-112.03192,41.34258],[-112.03177,41.3422],[-112.0315,41.34153],[-112.03132,41.3411],[-112.03117,41.34074],[-112.03093,41.34021],[-112.03085,41.34009],[-112.03075,41.33995],[-112.03045,41.33951],[-112.03016,41.33907]]}},{"type":"Feature","properties":{"highway":"motorway_link"},"geometry":{"type":"LineString","coordinates":[[-112.13643,41.67771],[-112.13685,41.67801],[-112.13729,41.6783],[-112.13751,41.67843],[-112.13774,41.67856],[-112.1382,41.67881],[-112.13842,41.67894],[-112.13862,41.67906],[-112.13871,41.67912],[-112.13879,41.67918],[-112.13893,41.67928],[-112.13903,41.67936],[-112.13912,41.67945],[-112.1392,41.67953],[-112.13927,41.67961],[-112.13934,41.67969],[-112.1394,41.67977],[-112.13946,41.67986],[-112.1395,41.67994],[-112.13959,41.6801],[-112.13964,41.68021],[-112.13968,41.68032],[-112.13972,41.68044],[-112.13976,41.68055],[-112.1398,41.68072],[-112.13986,41.68094],[-112.13993,41.68118],[-112.13996,41.68124],[-112.14002,41.68133],[-112.14007,41.68139],[-112.14012,41.68144],[-112.1402,41.6815],[-112.14027,41.68156],[-112.14036,41.68161],[-112.14047,41.68166],[-112.14058,41.6817]]}},{"type":"Feature","properties":{"highway":"motorway_link"},"geometry":{"type":"LineString","coordinates":[[-112.14125,41.68175],[-112.14185,41.68172],[-112.14233,41.68171],[-112.14308,41.6817],[-112.14333,41.6817],[-112.14357,41.6817],[-112.14381,41.68172],[-112.14404,41.68175],[-112.14418,41.68178],[-112.14431,41.68181],[-112.14454,41.68187],[-112.14471,41.68192],[-112.14487,41.68198],[-112.145,41.68204],[-112.1451,41.68208],[-112.14528,41.68216],[-112.14584,41.68241],[-112.14677,41.68282],[-112.14707,41.68295],[-112.14734,41.68304]]}},{"type":"Feature","properties":{"highway":"motorway_link"},"geometry":{"type":"LineString","coordinates":[[-112.14606,41.68214],[-112.14381,41.68089],[-112.14371,41.68083],[-112.14361,41.68076],[-112.14352,41.68069],[-112.14343,41.68061],[-112.14325,41.68045],[-112.14317,41.68036],[-112.1431,41.68027],[-112.143,41.68014],[-112.14292,41.68001],[-112.14283,41.67985],[-112.14276,41.67969],[-112.1427,41.67951],[-112.14264,41.6793],[-112.14254,41.67893],[-112.14252,41.67885],[-112.14249,41.67877],[-112.14246,41.67869],[-112.14241,41.67861],[-112.14235,41.67853],[-112.14228,41.67846],[-112.14218,41.67838],[-112.14206,41.67831],[-112.14196,41.67827],[-112.14183,41.67823],[-112.14172,41.67821],[-112.14158,41.67819],[-112.14134,41.67819],[-112.14116,41.67819]]}},{"type":"Feature","properties":{"highway":"motorway_link"},"geometry":{"type":"LineString","coordinates":[[-112.14116,41.67819],[-112.14086,41.67819],[-112.14066,41.6782],[-112.14049,41.67822],[-112.14043,41.67823],[-112.14035,41.67824],[-112.14009,41.6783],[-112.13975,41.67839],[-112.13962,41.67843],[-112.13948,41.67846],[-112.13941,41.67847],[-112.13933,41.67848],[-112.13926,41.67848],[-112.13918,41.67848],[-112.13908,41.67848],[-112.13898,41.67848],[-112.13888,41.67847],[-112.13878,41.67845],[-112.13872,41.67844],[-112.13868,41.67843],[-112.13863,41.67842],[-112.13857,41.6784],[-112.13847,41.67836],[-112.1382,41.67825],[-112.13793,41.67813],[-112.13773,41.67803],[-112.13755,41.67794],[-112.13717,41.67774],[-112.13672,41.67748],[-112.1365,41.67735],[-112.13628,41.67722],[-112.13578,41.67689],[-112.13547,41.67667],[-112.13536,41.67659],[-112.135,41.67636]]}},{"type":"Feature","properties":{"highway":"primary"},"geometry":{"type":"LineString","coordinates":[[-112.00575,40.54516],[-112.00563,40.54519],[-112.00555,40.54521],[-112.00549,40.54522],[-112.00543,40.54523],[-112.00537,40.54523],[-112.0053,40.54523],[-112.00524,40.54522],[-112.00517,40.54521],[-112.0051,40.54519],[-112.005,40.54515],[-112.00488,40.5451],[-112.00476,40.54506],[-112.00468,40.54503],[-112.00457,40.54501],[-112.00445,40.54499],[-112.00435,40.54499],[-112.00427,40.54498],[-112.00419,40.54499],[-112.0041,40.545],[-112.00402,40.54501],[-112.00396,40.54502],[-112.00376,40.54508],[-112.00362,40.54513],[-112.00348,40.5452],[-112.00339,40.54524],[-112.00329,40.5453],[-112.00323,40.54533],[-112.00317,40.54537],[-112.00255,40.54572],[-112.00226,40.54588],[-112.0018,40.54614],[-112.00173,40.54618]]}},{"type":"Feature","properties":{"highway":"motorway"},"geometry":{"type":"LineString","coordinates":[[-112.18027,41.69851],[-112.17853,41.69768],[-112.17489,41.69592],[-112.17242,41.69477]]}},{"type":"Feature","properties":{"highway":"motorway"},"geometry":{"type":"LineString","coordinates":[[-112.19261,41.70502],[-112.19262,41.7041]]}},{"type":"Feature","properties":{"highway":"motorway_link"},"geometry":{"type":"LineString","coordinates":[[-112.18926,41.70266],[-112.18921,41.70264],[-112.18905,41.70254],[-112.1887,41.70233],[-112.18855,41.70222],[-112.18838,41.70207],[-112.18826,41.70193],[-112.18815,41.70179],[-112.18809,41.70163],[-112.18805,41.7015],[-112.18803,41.70138],[-112.18802,41.70122],[-112.18802,41.70104],[-112.18806,41.70087],[-112.18813,41.70071],[-112.18823,41.70055],[-112.18831,41.70043],[-112.18842,41.70033],[-112.18856,41.7002],[-112.18869,41.70012],[-112.18885,41.70003],[-112.189,41.69995],[-112.18922,41.69988],[-112.18943,41.69983],[-112.18959,41.6998],[-112.18978,41.69978],[-112.18997,41.69977],[-112.19013,41.69978],[-112.19034,41.6998],[-112.19052,41.69984],[-112.1907,41.69989],[-112.1909,41.69996],[-112.19111,41.70006],[-112.19127,41.70014],[-112.19141,41.70026],[-112.19156,41.70039],[-112.19169,41.70053],[-112.19178,41.70064],[-112.19189,41.7008],[-112.19195,41.70092],[-112.19204,41.70109],[-112.19211,41.70125],[-112.19217,41.70148],[-112.1922,41.70163],[-112.19224,41.7018],[-112.19226,41.70206],[-112.19227,41.70223],[-112.19228,41.70242],[-112.19229,41.70265],[-112.1923,41.70295],[-112.1923,41.70395]]}},{"type":"Feature","properties":{"highway":"motorway_link"},"geometry":{"type":"LineString","coordinates":[[-112.1923,41.70395],[-112.19231,41.70487]]}},{"type":"Feature","properties":{"highway":"motorway_link"},"geometry":{"type":"LineString","coordinates":[[-112.19231,41.70487],[-112.19236,41.70846],[-112.19233,41.7093]]}},{"type":"Feature","properties":{"highway":"motorway"},"geometry":{"type":"LineString","coordinates":[[-112.19233,41.7093],[-112.19233,41.71084]]}},{"type":"Feature","properties":{"highway":"motorway_link"},"geometry":{"type":"LineString","coordinates":[[-112.19268,41.71083],[-112.19277,41.70994],[-112.1928,41.7094],[-112.19287,41.70858],[-112.19289,41.70835],[-112.19291,41.70827],[-112.19293,41.7082],[-112.19294,41.70816],[-112.19295,41.70811],[-112.19298,41.70803],[-112.19303,41.70788],[-112.19307,41.70781],[-112.19311,41.70773],[-112.19318,41.70762],[-112.19324,41.70754],[-112.19328,41.70749],[-112.19331,41.70745],[-112.19338,41.70738],[-112.19347,41.70729],[-112.19353,41.70722],[-112.19362,41.70716],[-112.19368,41.70711],[-112.19374,41.70706],[-112.19381,41.70701],[-112.19387,41.70698],[-112.19395,41.70693],[-112.19404,41.70689],[-112.19411,41.70685],[-112.19417,41.70682],[-112.19422,41.7068],[-112.19431,41.70676],[-112.19438,41.70674],[-112.19449,41.7067],[-112.19457,41.70667],[-112.19464,41.70665],[-112.19474,41.70663],[-112.19485,41.70661],[-112.19494,41.70659],[-112.19502,41.70658],[-112.19507,41.70657],[-112.19512,41.70656],[-112.19518,41.70656],[-112.19523,41.70655],[-112.19527,41.70655],[-112.19532,41.70654],[-112.19543,41.70654],[-112.19549,41.70653],[-112.19553,41.70654],[-112.19563,41.70654],[-112.1957,41.70654],[-112.19575,41.70654],[-112.19579,41.70655],[-112.19586,41.70655],[-112.19591,41.70656],[-112.19597,41.70657],[-112.19603,41.70658],[-112.19619,41.7066],[-112.19631,41.70663],[-112.19636,41.70664]]}},{"type":"Feature","properties":{"highway":"motorway_link"},"geometry":{"type":"LineString","coordinates":[[-112.20031,41.7084],[-112.20076,41.70866],[-112.20135,41.70898],[-112.20209,41.70939],[-112.20251,41.70961],[-112.20287,41.70982],[-112.20291,41.70984],[-112.20296,41.70988],[-112.20303,41.70992],[-112.20308,41.70996],[-112.20313,41.70999],[-112.20316,41.71002],[-112.20321,41.71006],[-112.20325,41.71009],[-112.20331,41.71015],[-112.20336,41.7102],[-112.2035,41.71034],[-112.20361,41.71048],[-112.20381,41.71075],[-112.20388,41.71085]]}},{"type":"Feature","properties":{"highway":"motorway_link"},"geometry":{"type":"LineString","coordinates":[[-112.23399,41.72278],[-112.23318,41.72236],[-112.23284,41.72219],[-112.23245,41.722],[-112.23207,41.72181],[-112.23177,41.72165],[-112.23148,41.72149],[-112.2311,41.72126],[-112.23078,41.72106],[-112.23024,41.72069],[-112.22984,41.72043],[-112.22956,41.72027],[-112.22928,41.72014],[-112.22886,41.71997]]}},{"type":"Feature","properties":{"highway":"motorway_link"},"geometry":{"type":"LineString","coordinates":[[-112.22243,41.71806],[-112.2232,41.71845],[-112.2237,41.71871],[-112.22405,41.71888],[-112.22439,41.71905],[-112.22465,41.71918],[-112.2249,41.71931],[-112.22503,41.71938],[-112.22517,41.71947],[-112.22532,41.71956],[-112.22577,41.71985],[-112.22663,41.7204],[-112.22676,41.72048],[-112.22686,41.72054],[-112.22696,41.7206],[-112.2271,41.72067],[-112.22725,41.72074],[-112.22737,41.72079],[-112.2278,41.72098],[-112.22801,41.72107]]}},{"type":"Feature","properties":{"highway":"motorway_link"},"geometry":{"type":"LineString","coordinates":[[-112.30399,41.80058],[-112.30428,41.80067],[-112.30454,41.80074],[-112.30472,41.80078],[-112.30489,41.8008],[-112.30528,41.80083],[-112.30614,41.80088],[-112.30672,41.80092],[-112.30703,41.80096],[-112.30738,41.80102],[-112.30774,41.80109],[-112.30818,41.80121],[-112.31112,41.80204],[-112.31201,41.80224]]}},{"type":"Feature","properties":{"highway":"motorway_link"},"geometry":{"type":"LineString","coordinates":[[-112.30945,41.80121],[-112.30906,41.80099],[-112.30856,41.80083],[-112.30752,41.80046],[-112.30712,41.8003],[-112.30663,41.80009],[-112.30617,41.79986],[-112.30578,41.79968],[-112.3054,41.79954],[-112.30496,41.7994],[-112.30485,41.79936],[-112.30466,41.79931],[-112.30435,41.79922],[-112.30395,41.79911],[-112.30325,41.79895],[-112.30253,41.79883],[-112.3019,41.79872],[-112.30132,41.79861],[-112.30084,41.7985],[-112.30036,41.79837],[-112.2972,41.79748],[-112.29641,41.79732]]}},{"type":"Feature","properties":{"highway":"motorway_link"},"geometry":{"type":"LineString","coordinates":[[-112.41776,41.82037],[-112.41707,41.81988],[-112.41649,41.81949],[-112.4156,41.81888],[-112.4153,41.81866],[-112.41516,41.81853],[-112.41503,41.81841],[-112.41485,41.81821],[-112.4147,41.818],[-112.41439,41.8176],[-112.41413,41.81725],[-112.41405,41.81715],[-112.41388,41.81698],[-112.41368,41.81682],[-112.41311,41.81647],[-112.41307,41.81645],[-112.41285,41.81635]]}},{"type":"Feature","properties":{"highway":"motorway_link"},"geometry":{"type":"LineString","coordinates":[[-112.4062,41.81506],[-112.40661,41.81519],[-112.40694,41.81528],[-112.40734,41.81539],[-112.40808,41.81562],[-112.40836,41.81572],[-112.40863,41.81582],[-112.40888,41.81593],[-112.40912,41.81605],[-112.40973,41.81639],[-112.41034,41.81674],[-112.41094,41.81708],[-112.4115,41.81739],[-112.41155,41.81742],[-112.4118,41.81756]]}},{"type":"Feature","properties":{"highway":"motorway_link"},"geometry":{"type":"LineString","coordinates":[[-112.43389,41.83743],[-112.43435,41.83805],[-112.43458,41.83833],[-112.4347,41.83849],[-112.43478,41.83862],[-112.43487,41.83877],[-112.43494,41.83892],[-112.43501,41.83907],[-112.43507,41.83922],[-112.43514,41.83949],[-112.43517,41.83976],[-112.43518,41.83995],[-112.43518,41.84014],[-112.43514,41.84061],[-112.43512,41.84095],[-112.43511,41.8411],[-112.43512,41.84125],[-112.43516,41.84138],[-112.43521,41.84151],[-112.43528,41.84163],[-112.43537,41.84174],[-112.43549,41.84186],[-112.43563,41.84202]]}},{"type":"Feature","properties":{"highway":"motorway_link"},"geometry":{"type":"LineString","coordinates":[[-112.44123,41.84499],[-112.44086,41.84452],[-112.44044,41.84399],[-112.44026,41.84376],[-112.44006,41.84347],[-112.44,41.84335],[-112.43987,41.84305],[-112.43983,41.84293],[-112.43977,41.84266],[-112.43974,41.84239],[-112.43973,41.8422],[-112.43974,41.84201],[-112.43978,41.84154],[-112.43982,41.84124],[-112.43982,41.8411],[-112.43981,41.84097],[-112.43977,41.84084],[-112.43972,41.84071],[-112.43963,41.84057],[-112.43951,41.84042],[-112.4393,41.84018]]}},{"type":"Feature","properties":{"highway":"motorway_link"},"geometry":{"type":"LineString","coordinates":[[-112.53836,41.89752],[-112.53881,41.89758],[-112.53939,41.89762],[-112.54025,41.89766],[-112.5411,41.89767],[-112.5428,41.89771],[-112.54338,41.89771],[-112.54363,41.89771],[-112.54389,41.89769],[-112.54434,41.89764],[-112.54449,41.89762],[-112.54465,41.8976]]}},{"type":"Feature","properties":{"highway":"motorway_link"},"geometry":{"type":"LineString","coordinates":[[-112.55041,41.89623],[-112.54927,41.89632],[-112.54816,41.89641],[-112.54745,41.89647],[-112.54713,41.89649],[-112.54679,41.8965],[-112.54637,41.89651],[-112.54594,41.8965],[-112.5456,41.89649],[-112.54543,41.8965],[-112.54527,41.8965],[-112.54498,41.89653],[-112.54458,41.89657],[-112.5444,41.89659]]}},{"type":"Feature","properties":{"highway":"motorway_link"},"geometry":{"type":"LineString","coordinates":[[-112.56853,41.89444],[-112.56973,41.89462],[-112.57023,41.89471],[-112.57073,41.89481],[-112.57117,41.89492],[-112.5716,41.89505],[-112.5719,41.89516],[-112.5722,41.89528],[-112.57264,41.89549],[-112.57308,41.89571],[-112.57347,41.8959],[-112.57385,41.89609]]}},{"type":"Feature","properties":{"highway":"motorway_link"},"geometry":{"type":"LineString","coordinates":[[-112.57455,41.89526],[-112.5742,41.8951],[-112.57384,41.89494],[-112.57355,41.89484],[-112.57323,41.89476],[-112.57288,41.89467],[-112.57252,41.89461],[-112.57164,41.89446],[-112.57075,41.89432],[-112.57018,41.89423],[-112.56958,41.89417],[-112.56897,41.89413],[-112.56868,41.89411],[-112.56839,41.8941],[-112.56766,41.8941],[-112.56727,41.89412],[-112.56688,41.89414],[-112.56622,41.89425]]}},{"type":"Feature","properties":{"highway":"motorway"},"geometry":{"type":"LineString","coordinates":[[-112.11633,41.65455],[-112.11934,41.65823],[-112.12187,41.66131],[-112.12386,41.66369],[-112.12607,41.66638],[-112.12856,41.66944],[-112.1293,41.67032],[-112.13229,41.674],[-112.13285,41.67467],[-112.13325,41.67512],[-112.13362,41.67551],[-112.13385,41.67574],[-112.13403,41.67591],[-112.13422,41.67608],[-112.13442,41.67625],[-112.1346,41.67641],[-112.1347,41.67649],[-112.13501,41.67673],[-112.13531,41.67696],[-112.13568,41.67722],[-112.13586,41.67735],[-112.13606,41.67747],[-112.13643,41.67771]]}},{"type":"Feature","properties":{"highway":"motorway"},"geometry":{"type":"LineString","coordinates":[[-112.63503,41.92453],[-112.63537,41.92471]]}},{"type":"Feature","properties":{"highway":"motorway"},"geometry":{"type":"LineString","coordinates":[[-112.63884,41.92663],[-112.64211,41.92841],[-112.64418,41.92955],[-112.64654,41.93086],[-112.64973,41.93262],[-112.65138,41.93361],[-112.65269,41.93446],[-112.6543,41.9356],[-112.65562,41.93664],[-112.65661,41.9375],[-112.65933,41.93996],[-112.6614,41.94188],[-112.66392,41.94426],[-112.66652,41.94663],[-112.66908,41.949],[-112.67135,41.95112],[-112.67273,41.95237],[-112.67372,41.95326],[-112.67417,41.95362],[-112.67482,41.95403],[-112.67552,41.95441],[-112.6763,41.95477],[-112.68161,41.95679],[-112.68691,41.95881],[-112.69156,41.9606],[-112.69248,41.96096],[-112.69325,41.96117],[-112.69397,41.96135],[-112.69473,41.96151],[-112.69546,41.96159],[-112.69634,41.96165],[-112.69718,41.96166],[-112.70264,41.96167],[-112.70367,41.96168],[-112.70788,41.96169]]}},{"type":"Feature","properties":{"highway":"motorway"},"geometry":{"type":"LineString","coordinates":[[-112.63518,41.92438],[-112.63297,41.92318],[-112.63213,41.92271],[-112.62585,41.91928],[-112.62389,41.91817],[-112.62173,41.91699],[-112.61927,41.91565],[-112.61777,41.91491],[-112.61643,41.91432],[-112.61396,41.91337],[-112.61256,41.91284],[-112.61117,41.9124],[-112.60977,41.912],[-112.60855,41.91168],[-112.60759,41.91146],[-112.60322,41.91041],[-112.59922,41.90945],[-112.5937,41.90812]]}},{"type":"Feature","properties":{"highway":"motorway"},"geometry":{"type":"LineString","coordinates":[[-112.6355,41.92455],[-112.63518,41.92438]]}},{"type":"Feature","properties":{"highway":"motorway_link"},"geometry":{"type":"LineString","coordinates":[[-112.63213,41.92294],[-112.63247,41.92319],[-112.63295,41.92359],[-112.6333,41.92387],[-112.63354,41.92405],[-112.63383,41.92424],[-112.63421,41.92446],[-112.6347,41.92473],[-112.63478,41.92477],[-112.63496,41.92487]]}},{"type":"Feature","properties":{"highway":"motorway_link"},"geometry":{"type":"LineString","coordinates":[[-112.63804,41.92596],[-112.6378,41.92579],[-112.63749,41.92554],[-112.63722,41.92532],[-112.63688,41.92503],[-112.63661,41.92481],[-112.63637,41.92466],[-112.63611,41.92452],[-112.63576,41.92432],[-112.63557,41.92422]]}},{"type":"Feature","properties":{"highway":"motorway"},"geometry":{"type":"LineString","coordinates":[[-112.72374,41.96176],[-112.72446,41.96176]]}},{"type":"Feature","properties":{"highway":"motorway"},"geometry":{"type":"LineString","coordinates":[[-112.72446,41.96176],[-112.73637,41.96179],[-112.74238,41.96183],[-112.74533,41.96186]]}},{"type":"Feature","properties":{"highway":"motorway"},"geometry":{"type":"LineString","coordinates":[[-112.70806,41.96133],[-112.7037,41.96132],[-112.7001,41.96132],[-112.69829,41.96131],[-112.69762,41.96129],[-112.69636,41.96129],[-112.69544,41.96125],[-112.69472,41.96117],[-112.69384,41.96103],[-112.69317,41.96088],[-112.69214,41.96056],[-112.68736,41.95871],[-112.68381,41.95734],[-112.67652,41.95456],[-112.67553,41.95413],[-112.67504,41.95386],[-112.67456,41.95354],[-112.67374,41.95288],[-112.665,41.94484],[-112.65905,41.93933],[-112.65723,41.93767],[-112.656,41.9366],[-112.65476,41.93561],[-112.65362,41.93478],[-112.65238,41.93395],[-112.65105,41.93313],[-112.63899,41.92651]]}},{"type":"Feature","properties":{"highway":"motorway"},"geometry":{"type":"LineString","coordinates":[[-112.72463,41.96142],[-112.72384,41.96141]]}},{"type":"Feature","properties":{"highway":"motorway_link"},"geometry":{"type":"LineString","coordinates":[[-112.70264,41.96167],[-112.70348,41.96172],[-112.70402,41.96175],[-112.70456,41.96177],[-112.70522,41.96181],[-112.70537,41.96182],[-112.70553,41.96183],[-112.70569,41.96185],[-112.70599,41.96189],[-112.70657,41.96199],[-112.7075,41.96215],[-112.70867,41.96235],[-112.70978,41.96254],[-112.71027,41.96263],[-112.71036,41.96267],[-112.71043,41.96272],[-112.71054,41.96288]]}},{"type":"Feature","properties":{"highway":"motorway_link"},"geometry":{"type":"LineString","coordinates":[[-112.7106,41.95981],[-112.71045,41.95984],[-112.71026,41.95986],[-112.71007,41.95991],[-112.70844,41.96033],[-112.70724,41.96065],[-112.70602,41.96096],[-112.70551,41.96109],[-112.70504,41.96117],[-112.70464,41.96122],[-112.70436,41.96123],[-112.70408,41.96124],[-112.70263,41.96125],[-112.70094,41.96127],[-112.70055,41.96127],[-112.7001,41.96132]]}},{"type":"Feature","properties":{"highway":"primary"},"geometry":{"type":"LineString","coordinates":[[-112.75658,41.96479],[-112.75769,41.96432]]}},{"type":"Feature","properties":{"highway":"primary"},"geometry":{"type":"LineString","coordinates":[[-112.75471,41.96547],[-112.75514,41.96535],[-112.75562,41.96519]]}},{"type":"Feature","properties":{"highway":"motorway_link"},"geometry":{"type":"LineString","coordinates":[[-112.74533,41.96186],[-112.74565,41.96193],[-112.747,41.96207],[-112.74904,41.96243],[-112.75018,41.96273],[-112.7509,41.96298],[-112.75177,41.96338],[-112.7524,41.96371],[-112.753,41.96406],[-112.7536,41.96451],[-112.75413,41.96495],[-112.75458,41.96536],[-112.75471,41.96547]]}},{"type":"Feature","properties":{"highway":"motorway_link"},"geometry":{"type":"LineString","coordinates":[[-112.75413,41.96495],[-112.75419,41.96509],[-112.7542,41.96521],[-112.75414,41.96533],[-112.75404,41.96545],[-112.75388,41.96554],[-112.75358,41.96561]]}},{"type":"Feature","properties":{"highway":"motorway_link"},"geometry":{"type":"LineString","coordinates":[[-112.76524,41.96774],[-112.765,41.96757],[-112.76355,41.9669],[-112.76273,41.9665],[-112.76185,41.96597],[-112.76117,41.96545],[-112.76068,41.96501],[-112.76023,41.96453],[-112.75986,41.96407],[-112.75954,41.96379],[-112.75938,41.96369]]}},{"type":"Feature","properties":{"highway":"motorway_link"},"geometry":{"type":"LineString","coordinates":[[-112.75833,41.96407],[-112.7584,41.964],[-112.75843,41.96391],[-112.75842,41.96381],[-112.7584,41.96374],[-112.75834,41.96365],[-112.75825,41.96358],[-112.75813,41.96353]]}},{"type":"Feature","properties":{"highway":"motorway_link"},"geometry":{"type":"LineString","coordinates":[[-112.75562,41.96519],[-112.75553,41.96529],[-112.75549,41.96534],[-112.75547,41.96539],[-112.75546,41.96544],[-112.75547,41.96549],[-112.75551,41.96555],[-112.75555,41.96561],[-112.75565,41.96568],[-112.75577,41.96573]]}},{"type":"Feature","properties":{"highway":"motorway_link"},"geometry":{"type":"LineString","coordinates":[[-112.75415,41.96556],[-112.75445,41.96559],[-112.75454,41.96559],[-112.75476,41.9656],[-112.75499,41.96561],[-112.75522,41.96564],[-112.7555,41.96566]]}},{"type":"Feature","properties":{"highway":"motorway_link"},"geometry":{"type":"LineString","coordinates":[[-112.75986,41.96407],[-112.75982,41.96392],[-112.75982,41.96385],[-112.75985,41.96379],[-112.75988,41.96374],[-112.75992,41.96369],[-112.75999,41.96364],[-112.76014,41.96356]]}},{"type":"Feature","properties":{"highway":"motorway_link"},"geometry":{"type":"LineString","coordinates":[[-112.75898,41.96361],[-112.75813,41.96353],[-112.75625,41.96326],[-112.755,41.96303],[-112.75396,41.96274],[-112.75304,41.96251],[-112.75208,41.96227],[-112.75076,41.96198],[-112.74939,41.96177],[-112.74887,41.96177]]}},{"type":"Feature","properties":{"highway":"motorway_link"},"geometry":{"type":"LineString","coordinates":[[-112.19285,41.7312],[-112.19291,41.73096],[-112.19299,41.73028],[-112.19307,41.72922],[-112.19309,41.72906],[-112.19311,41.72893],[-112.19317,41.72866],[-112.19322,41.72849],[-112.19329,41.72828],[-112.19336,41.72813],[-112.19346,41.72792],[-112.19365,41.72758],[-112.19394,41.72708],[-112.194,41.72696],[-112.19407,41.72682],[-112.19409,41.72674],[-112.19412,41.72666],[-112.19415,41.72657],[-112.19418,41.72645],[-112.19421,41.7263],[-112.19422,41.72614],[-112.19423,41.72603],[-112.19422,41.72582],[-112.19422,41.72564]]}},{"type":"Feature","properties":{"highway":"motorway"},"geometry":{"type":"LineString","coordinates":[[-112.18207,41.75578],[-112.18226,41.75533]]}},{"type":"Feature","properties":{"highway":"motorway"},"geometry":{"type":"LineString","coordinates":[[-112.18226,41.75533],[-112.18281,41.75412],[-112.18328,41.75324],[-112.18408,41.75197],[-112.18489,41.7507],[-112.18528,41.75007],[-112.18573,41.74927],[-112.18601,41.74875],[-112.18628,41.74823],[-112.18667,41.74742],[-112.18695,41.74674],[-112.18729,41.7459],[-112.18757,41.74512],[-112.18783,41.7443],[-112.18819,41.7431],[-112.18853,41.74204],[-112.18878,41.74136],[-112.18913,41.7405],[-112.18934,41.74001],[-112.1896,41.73947],[-112.19,41.73865],[-112.1904,41.7379],[-112.19091,41.73693],[-112.19144,41.73594],[-112.19171,41.73537],[-112.19192,41.73493],[-112.19199,41.73475],[-112.19211,41.73443],[-112.19222,41.73412],[-112.19232,41.73382],[-112.1924,41.73355],[-112.19248,41.73326],[-112.19257,41.7329],[-112.19264,41.73259],[-112.19272,41.73219],[-112.19277,41.7318],[-112.19285,41.7312],[-112.19286,41.73091],[-112.19288,41.73039],[-112.19288,41.72943],[-112.19286,41.72777],[-112.19284,41.72615]]}},{"type":"Feature","properties":{"highway":"motorway"},"geometry":{"type":"LineString","coordinates":[[-112.18169,41.75577],[-112.18144,41.75653],[-112.18119,41.75742],[-112.18095,41.75853],[-112.1808,41.75926],[-112.18061,41.76019],[-112.18041,41.76095],[-112.18008,41.76198],[-112.17972,41.76287],[-112.17942,41.76353],[-112.17916,41.76407],[-112.1789,41.76456],[-112.17832,41.76552],[-112.17775,41.76643],[-112.17733,41.76718],[-112.17688,41.76806],[-112.17642,41.7691],[-112.17616,41.76979],[-112.17593,41.77052],[-112.17563,41.77155],[-112.17545,41.7722],[-112.17524,41.77293],[-112.1748,41.77448],[-112.1744,41.77592],[-112.17413,41.77685]]}},{"type":"Feature","properties":{"highway":"motorway"},"geometry":{"type":"LineString","coordinates":[[-112.18188,41.7553],[-112.18169,41.75577]]}},{"type":"Feature","properties":{"highway":"motorway"},"geometry":{"type":"LineString","coordinates":[[-112.17234,41.7848],[-112.17233,41.7856],[-112.17232,41.78637],[-112.17235,41.78773],[-112.17246,41.78906],[-112.17253,41.7897],[-112.17261,41.7903],[-112.17279,41.79128],[-112.17288,41.79166],[-112.17298,41.79209],[-112.17307,41.79252],[-112.1732,41.79296],[-112.17331,41.79332]]}},{"type":"Feature","properties":{"highway":"motorway"},"geometry":{"type":"LineString","coordinates":[[-112.17239,41.78434],[-112.17234,41.7848]]}},{"type":"Feature","properties":{"highway":"motorway"},"geometry":{"type":"LineString","coordinates":[[-112.17277,41.78433],[-112.17289,41.78345],[-112.17302,41.78263],[-112.17318,41.78174],[-112.17333,41.78108],[-112.1735,41.78041],[-112.17372,41.77966],[-112.17388,41.77907],[-112.17414,41.77816],[-112.17431,41.77755],[-112.17452,41.77678]]}},{"type":"Feature","properties":{"highway":"motorway"},"geometry":{"type":"LineString","coordinates":[[-112.17274,41.78478],[-112.17277,41.78433]]}},{"type":"Feature","properties":{"highway":"motorway_link"},"geometry":{"type":"LineString","coordinates":[[-112.17413,41.77685],[-112.17394,41.77724],[-112.17374,41.7778],[-112.17353,41.77837],[-112.17344,41.77859],[-112.17335,41.77882],[-112.17327,41.77899],[-112.17318,41.77914],[-112.17305,41.77935],[-112.17294,41.77951],[-112.17262,41.77995],[-112.17234,41.78032],[-112.17214,41.78062],[-112.172,41.78084],[-112.17191,41.78103],[-112.17183,41.78125],[-112.17178,41.78139],[-112.17172,41.78158],[-112.17167,41.78187],[-112.17163,41.78213],[-112.17144,41.78338],[-112.1713,41.78428],[-112.17125,41.78459]]}},{"type":"Feature","properties":{"highway":"motorway_link"},"geometry":{"type":"LineString","coordinates":[[-112.17306,41.79076],[-112.17306,41.79035],[-112.17302,41.78958],[-112.17299,41.789],[-112.17298,41.78852],[-112.17299,41.78831],[-112.17302,41.78813],[-112.17307,41.78787],[-112.17315,41.78761],[-112.17324,41.78738],[-112.17336,41.78707],[-112.17363,41.78643],[-112.17374,41.78618],[-112.17378,41.78608],[-112.17382,41.78594],[-112.17388,41.78573],[-112.17391,41.78558],[-112.17394,41.78534],[-112.17394,41.78509],[-112.17395,41.78477],[-112.17393,41.78454]]}},{"type":"Feature","properties":{"highway":"motorway"},"geometry":{"type":"LineString","coordinates":[[-112.17014,41.85992],[-112.17025,41.85927]]}},{"type":"Feature","properties":{"highway":"motorway"},"geometry":{"type":"LineString","coordinates":[[-112.17025,41.85927],[-112.17044,41.85775],[-112.17088,41.85503],[-112.17157,41.85242],[-112.17246,41.8496],[-112.17363,41.84657],[-112.17469,41.84374],[-112.1756,41.84136],[-112.17619,41.83982],[-112.17668,41.83854],[-112.17702,41.83763],[-112.17738,41.83658],[-112.17777,41.83546],[-112.17806,41.8345],[-112.17834,41.83346],[-112.17866,41.83206],[-112.17898,41.83068],[-112.17928,41.82911],[-112.17949,41.82767],[-112.17979,41.82486],[-112.17991,41.82234],[-112.17989,41.82036],[-112.17987,41.81919],[-112.17979,41.81802],[-112.1797,41.817],[-112.1796,41.81592],[-112.17938,41.81418],[-112.17915,41.8127],[-112.17895,41.81168],[-112.17835,41.80914],[-112.17766,41.80669],[-112.17691,41.8043],[-112.17627,41.80216],[-112.17543,41.79933],[-112.17491,41.79761],[-112.1744,41.79575],[-112.17392,41.79406],[-112.17335,41.79209],[-112.17306,41.79076]]}},{"type":"Feature","properties":{"highway":"motorway"},"geometry":{"type":"LineString","coordinates":[[-112.16989,41.85903],[-112.16978,41.85971]]}},{"type":"Feature","properties":{"highway":"motorway"},"geometry":{"type":"LineString","coordinates":[[-112.16978,41.85971],[-112.16958,41.86138],[-112.16944,41.86309],[-112.16937,41.86427]]}},{"type":"Feature","properties":{"highway":"motorway"},"geometry":{"type":"LineString","coordinates":[[-112.16936,41.86582],[-112.16998,41.88076],[-112.17018,41.8862]]}},{"type":"Feature","properties":{"highway":"motorway"},"geometry":{"type":"LineString","coordinates":[[-112.16937,41.86427],[-112.16936,41.86582]]}},{"type":"Feature","properties":{"highway":"motorway"},"geometry":{"type":"LineString","coordinates":[[-112.16975,41.86435],[-112.16983,41.86342],[-112.16992,41.86166],[-112.17014,41.85992]]}},{"type":"Feature","properties":{"highway":"motorway"},"geometry":{"type":"LineString","coordinates":[[-112.16973,41.86589],[-112.16975,41.86435]]}},{"type":"Feature","properties":{"highway":"motorway"},"geometry":{"type":"LineString","coordinates":[[-112.17052,41.8862],[-112.17035,41.88045],[-112.16973,41.86589]]}},{"type":"Feature","properties":{"highway":"motorway"},"geometry":{"type":"LineString","coordinates":[[-112.17054,41.88673],[-112.17052,41.8862]]}},{"type":"Feature","properties":{"highway":"motorway"},"geometry":{"type":"LineString","coordinates":[[-112.17018,41.8862],[-112.1702,41.88672]]}},{"type":"Feature","properties":{"highway":"motorway"},"geometry":{"type":"LineString","coordinates":[[-112.1702,41.88672],[-112.17031,41.88989],[-112.17039,41.89178],[-112.17045,41.89338],[-112.17045,41.89395],[-112.17124,41.91519]]}},{"type":"Feature","properties":{"highway":"motorway_link"},"geometry":{"type":"LineString","coordinates":[[-112.16998,41.88076],[-112.16992,41.88129],[-112.16987,41.88226],[-112.16985,41.88279],[-112.16982,41.88302],[-112.16978,41.88323],[-112.16967,41.88362],[-112.16962,41.88377],[-112.16942,41.88423],[-112.16918,41.88482],[-112.16911,41.88503],[-112.16906,41.88525],[-112.16903,41.88543],[-112.16901,41.88562],[-112.16902,41.88618],[-112.16902,41.88647]]}},{"type":"Feature","properties":{"highway":"motorway_link"},"geometry":{"type":"LineString","coordinates":[[-112.17073,41.89235],[-112.17083,41.89049],[-112.17088,41.88987],[-112.17106,41.88922],[-112.17146,41.8882],[-112.17162,41.88771],[-112.17169,41.88726],[-112.17171,41.88676],[-112.17171,41.88642]]}},{"type":"Feature","properties":{"highway":"motorway"},"geometry":{"type":"LineString","coordinates":[[-112.17125,41.9155],[-112.1713,41.91783],[-112.17138,41.91973],[-112.17142,41.92077],[-112.17153,41.92354],[-112.1716,41.92534],[-112.17166,41.92685],[-112.17172,41.92845],[-112.17178,41.93051],[-112.1719,41.93256],[-112.17205,41.93445],[-112.17226,41.93597],[-112.17255,41.93773],[-112.17296,41.93983],[-112.1734,41.94159],[-112.17417,41.9441]]}},{"type":"Feature","properties":{"highway":"motorway"},"geometry":{"type":"LineString","coordinates":[[-112.17124,41.91519],[-112.17125,41.9155]]}},{"type":"Feature","properties":{"highway":"motorway"},"geometry":{"type":"LineString","coordinates":[[-112.17162,41.91517],[-112.17073,41.89235],[-112.17069,41.89067],[-112.17064,41.88844],[-112.17054,41.88673]]}},{"type":"Feature","properties":{"highway":"motorway"},"geometry":{"type":"LineString","coordinates":[[-112.17163,41.91551],[-112.17162,41.91517]]}},{"type":"Feature","properties":{"highway":"motorway"},"geometry":{"type":"LineString","coordinates":[[-112.17456,41.94409],[-112.1736,41.94078],[-112.1733,41.93953],[-112.17302,41.93808],[-112.17281,41.93698],[-112.17262,41.93575],[-112.17251,41.93499],[-112.17239,41.93402],[-112.17228,41.93234],[-112.17214,41.92941],[-112.17209,41.92787],[-112.17201,41.92575],[-112.17191,41.9238],[-112.17184,41.92089],[-112.17172,41.91829],[-112.17163,41.91551]]}},{"type":"Feature","properties":{"highway":"motorway"},"geometry":{"type":"LineString","coordinates":[[-112.17468,41.94445],[-112.17456,41.94409]]}},{"type":"Feature","properties":{"highway":"motorway"},"geometry":{"type":"LineString","coordinates":[[-112.17429,41.94446],[-112.1752,41.94705],[-112.17577,41.94859],[-112.17677,41.9512],[-112.17755,41.95334],[-112.1784,41.95568],[-112.1787,41.9565],[-112.17897,41.95744],[-112.17924,41.95845],[-112.17942,41.95938],[-112.17963,41.96051],[-112.17971,41.96127],[-112.17991,41.96345],[-112.17996,41.96418],[-112.18007,41.96494],[-112.18029,41.96581],[-112.18064,41.9667],[-112.18101,41.96746],[-112.1815,41.96822],[-112.18207,41.96895],[-112.18257,41.96953],[-112.18324,41.97018],[-112.18415,41.97101],[-112.18516,41.97189],[-112.18626,41.97293],[-112.18698,41.97368],[-112.18784,41.97463],[-112.18842,41.97532],[-112.18947,41.97666]]}},{"type":"Feature","properties":{"highway":"motorway"},"geometry":{"type":"LineString","coordinates":[[-112.17417,41.9441],[-112.17429,41.94446]]}},{"type":"Feature","properties":{"highway":"motorway"},"geometry":{"type":"LineString","coordinates":[[-112.18947,41.97666],[-112.18973,41.97705]]}},{"type":"Feature","properties":{"highway":"motorway"},"geometry":{"type":"LineString","coordinates":[[-112.18973,41.97705],[-112.19061,41.97834],[-112.19142,41.97971],[-112.19203,41.98087],[-112.19215,41.98112],[-112.19265,41.9822],[-112.1928,41.98257],[-112.19318,41.98356],[-112.19328,41.98392],[-112.19335,41.98414],[-112.19368,41.98534],[-112.19399,41.98664],[-112.19423,41.98786],[-112.19448,41.98944],[-112.1947,41.99085],[-112.19496,41.992],[-112.19555,41.99408],[-112.19611,41.99561],[-112.19665,41.99686],[-112.19745,41.99837],[-112.19801,41.99971],[-112.19824,42.00037],[-112.19857,42.00133]]}},{"type":"Feature","properties":{"highway":"motorway"},"geometry":{"type":"LineString","coordinates":[[-112.18993,41.9766],[-112.18938,41.97589],[-112.18883,41.97519],[-112.1884,41.97467],[-112.18702,41.97315],[-112.18677,41.97291],[-112.18609,41.97224],[-112.1847,41.97094],[-112.18452,41.97077],[-112.18323,41.96962],[-112.18233,41.96867],[-112.1816,41.96759],[-112.18105,41.96663],[-112.18076,41.96588],[-112.18052,41.96512],[-112.18038,41.96431],[-112.18029,41.96334],[-112.18016,41.96173],[-112.17993,41.95981],[-112.17966,41.95856],[-112.17935,41.95734],[-112.17884,41.95567],[-112.1782,41.95386],[-112.17761,41.95236],[-112.17665,41.94989],[-112.1759,41.94778],[-112.17528,41.94611],[-112.17468,41.94445]]}},{"type":"Feature","properties":{"highway":"motorway"},"geometry":{"type":"LineString","coordinates":[[-112.19019,41.97698],[-112.18993,41.9766]]}},{"type":"Feature","properties":{"highway":"motorway_link"},"geometry":{"type":"LineString","coordinates":[[-112.18516,41.97189],[-112.18546,41.97226],[-112.18591,41.97275],[-112.18635,41.97325],[-112.18677,41.97375],[-112.18718,41.97426],[-112.18757,41.97476],[-112.18793,41.97527],[-112.18837,41.97588],[-112.18897,41.97673],[-112.18906,41.97684]]}},{"type":"Feature","properties":{"highway":"motorway_link"},"geometry":{"type":"LineString","coordinates":[[-112.19273,41.98133],[-112.19246,41.98064],[-112.19222,41.98007],[-112.19192,41.9794],[-112.19164,41.97873],[-112.19125,41.97778],[-112.19094,41.97705],[-112.19088,41.97691],[-112.1908,41.97681]]}},{"type":"Feature","properties":{"highway":"motorway_link"},"geometry":{"type":"LineString","coordinates":[[-112.0626,41.51576],[-112.06244,41.51496],[-112.06218,41.51412],[-112.06209,41.51374],[-112.06206,41.51332],[-112.06207,41.51304],[-112.06211,41.51272],[-112.06222,41.51239],[-112.06231,41.51216],[-112.06268,41.5115],[-112.06286,41.5112],[-112.06306,41.51087],[-112.0632,41.51059],[-112.06324,41.51047],[-112.06326,41.51035],[-112.06328,41.50998],[-112.06328,41.50997],[-112.06329,41.50986]]}},{"type":"Feature","properties":{"highway":"motorway_link"},"geometry":{"type":"LineString","coordinates":[[-112.05778,41.50383],[-112.05824,41.50554],[-112.05837,41.50606],[-112.05838,41.50631],[-112.05841,41.50675],[-112.05837,41.5071],[-112.05826,41.50756],[-112.05808,41.50803],[-112.05788,41.50838],[-112.05753,41.50886],[-112.05735,41.5091],[-112.05728,41.50925],[-112.05725,41.50937],[-112.05722,41.50953],[-112.0572,41.50975],[-112.05719,41.50988]]}},{"type":"Feature","properties":{"highway":"motorway_link"},"geometry":{"type":"LineString","coordinates":[[-112.05735,41.5091],[-112.05718,41.50925],[-112.05712,41.50931],[-112.05705,41.50937],[-112.05699,41.50941],[-112.05693,41.50945],[-112.05687,41.50949],[-112.05681,41.50952],[-112.05674,41.50956],[-112.05666,41.50959],[-112.05657,41.50963],[-112.05649,41.50966],[-112.05641,41.50969],[-112.05633,41.50971],[-112.05622,41.50974],[-112.05613,41.50975],[-112.05605,41.50977],[-112.05597,41.50978],[-112.05528,41.50987]]}},{"type":"Feature","properties":{"highway":"motorway"},"geometry":{"type":"LineString","coordinates":[[-112.05299,41.42206],[-112.05279,41.42173]]}},{"type":"Feature","properties":{"highway":"motorway"},"geometry":{"type":"LineString","coordinates":[[-112.05279,41.42173],[-112.05262,41.42145],[-112.05236,41.42095],[-112.05215,41.42053],[-112.05192,41.41999],[-112.05175,41.41956],[-112.05154,41.41892],[-112.0514,41.41846],[-112.05111,41.41727],[-112.05103,41.41672],[-112.05098,41.41627],[-112.05084,41.41507],[-112.0506,41.41312],[-112.05042,41.41158],[-112.0504,41.41142],[-112.05022,41.40993],[-112.05015,41.40939],[-112.05011,41.40918],[-112.05007,41.40895],[-112.05004,41.40878],[-112.05,41.4086],[-112.04995,41.40839],[-112.04989,41.40818],[-112.04983,41.40794],[-112.04976,41.40771],[-112.04971,41.40754],[-112.04963,41.4073],[-112.04956,41.40712],[-112.04948,41.4069],[-112.04932,41.40649],[-112.0485,41.4046],[-112.04732,41.40188],[-112.04618,41.39926],[-112.04492,41.39635],[-112.04362,41.39343],[-112.0423,41.39017],[-112.04212,41.38959],[-112.04203,41.38916],[-112.04196,41.38863],[-112.04195,41.38814],[-112.04196,41.38743],[-112.04214,41.38417],[-112.04248,41.3784],[-112.04303,41.369]]}},{"type":"Feature","properties":{"highway":"motorway"},"geometry":{"type":"LineString","coordinates":[[-112.05272,41.42217],[-112.05298,41.42264],[-112.05339,41.42321],[-112.05444,41.42444],[-112.05468,41.42474],[-112.05511,41.42535],[-112.05591,41.42652],[-112.05621,41.42712],[-112.0565,41.42773],[-112.05676,41.42838],[-112.05699,41.42908],[-112.05712,41.42968],[-112.05718,41.43012],[-112.05725,41.43067],[-112.05728,41.43105],[-112.0573,41.43156],[-112.0573,41.432],[-112.05708,41.43455],[-112.05684,41.43735],[-112.05626,41.4451],[-112.05603,41.44784],[-112.05599,41.4485],[-112.05569,41.45252],[-112.05547,41.4554],[-112.05535,41.45686]]}},{"type":"Feature","properties":{"highway":"motorway"},"geometry":{"type":"LineString","coordinates":[[-112.05251,41.42182],[-112.05272,41.42217]]}},{"type":"Feature","properties":{"highway":"motorway_link"},"geometry":{"type":"LineString","coordinates":[[-112.05271,41.48414],[-112.05267,41.48428],[-112.05258,41.48443],[-112.05251,41.48455],[-112.05247,41.48463],[-112.05241,41.48474],[-112.05234,41.48488],[-112.05228,41.48502],[-112.0522,41.48521],[-112.05216,41.48532],[-112.05214,41.48537],[-112.05211,41.48543],[-112.05211,41.48545],[-112.0521,41.48547],[-112.0521,41.48549],[-112.05209,41.4855],[-112.05209,41.48551],[-112.05209,41.48553],[-112.05209,41.48554],[-112.05209,41.48556],[-112.05209,41.48557],[-112.05209,41.48559],[-112.0521,41.48561],[-112.0521,41.48562],[-112.0521,41.48563],[-112.05211,41.48564],[-112.05212,41.48565],[-112.05212,41.48567],[-112.05213,41.48568],[-112.05214,41.48569],[-112.05216,41.48569],[-112.05218,41.48571],[-112.0522,41.48572]]}},{"type":"Feature","properties":{"highway":"motorway_link"},"geometry":{"type":"LineString","coordinates":[[-112.05245,41.48583],[-112.05235,41.48587],[-112.0523,41.48589],[-112.05226,41.48591],[-112.05224,41.48592],[-112.05221,41.48594],[-112.05218,41.48596],[-112.05216,41.48598],[-112.05214,41.486],[-112.05213,41.48602],[-112.05212,41.48604],[-112.05211,41.48607],[-112.0521,41.48609],[-112.05209,41.48612],[-112.05209,41.48615],[-112.05209,41.48617],[-112.05209,41.48621],[-112.05213,41.4864],[-112.05227,41.48723],[-112.05237,41.48792]]}},{"type":"Feature","properties":{"highway":"motorway"},"geometry":{"type":"LineString","coordinates":[[-112.05562,41.45688],[-112.05588,41.45318],[-112.05628,41.44847],[-112.05651,41.44569],[-112.05657,41.44481],[-112.05678,41.44244],[-112.0572,41.43744],[-112.05735,41.43521],[-112.05762,41.43199],[-112.05764,41.43164],[-112.05763,41.43098],[-112.05759,41.43046],[-112.05747,41.42968],[-112.05734,41.4291],[-112.05711,41.42836],[-112.05685,41.42765],[-112.05658,41.4271],[-112.0563,41.42654],[-112.05553,41.42535],[-112.0547,41.4243],[-112.05424,41.42373],[-112.05369,41.42307],[-112.05329,41.42251],[-112.05299,41.42206]]}},{"type":"Feature","properties":{"highway":"motorway"},"geometry":{"type":"LineString","coordinates":[[-112.0556,41.45725],[-112.05562,41.45688]]}},{"type":"Feature","properties":{"highway":"motorway"},"geometry":{"type":"LineString","coordinates":[[-112.05415,41.47143],[-112.0539,41.47452],[-112.0536,41.47818],[-112.05348,41.47961],[-112.05339,41.48068],[-112.05328,41.48172]]}},{"type":"Feature","properties":{"highway":"motorway"},"geometry":{"type":"LineString","coordinates":[[-112.05535,41.45686],[-112.05532,41.45722]]}},{"type":"Feature","properties":{"highway":"trunk"},"geometry":{"type":"LineString","coordinates":[[-112.05267,41.48569],[-112.05285,41.48568],[-112.05315,41.48566],[-112.05329,41.48565],[-112.05353,41.48564]]}},{"type":"Feature","properties":{"highway":"trunk"},"geometry":{"type":"LineString","coordinates":[[-112.04321,41.48627],[-112.04387,41.48624]]}},{"type":"Feature","properties":{"highway":"trunk"},"geometry":{"type":"LineString","coordinates":[[-112.04228,41.48627],[-112.043,41.48629],[-112.04321,41.48627]]}},{"type":"Feature","properties":{"highway":"motorway"},"geometry":{"type":"LineString","coordinates":[[-112.11361,41.65122],[-112.11422,41.65196]]}},{"type":"Feature","properties":{"highway":"motorway"},"geometry":{"type":"LineString","coordinates":[[-112.09496,41.62803],[-112.09385,41.62672],[-112.09309,41.62566],[-112.09259,41.62494],[-112.08708,41.61679],[-112.08428,41.61263],[-112.08373,41.61171],[-112.08347,41.61126],[-112.08313,41.61056],[-112.08288,41.60999],[-112.08112,41.6055],[-112.07955,41.60154],[-112.07765,41.59677],[-112.07371,41.58674],[-112.07338,41.58591],[-112.07322,41.58544],[-112.07309,41.585],[-112.07299,41.58451],[-112.07201,41.577],[-112.07114,41.57091],[-112.07054,41.56609],[-112.07005,41.5628],[-112.06926,41.55682],[-112.06871,41.55271],[-112.06806,41.54785],[-112.06763,41.54465],[-112.06755,41.5441]]}},{"type":"Feature","properties":{"highway":"motorway"},"geometry":{"type":"LineString","coordinates":[[-112.11448,41.65183],[-112.11388,41.65111]]}},{"type":"Feature","properties":{"highway":"motorway"},"geometry":{"type":"LineString","coordinates":[[-112.16133,41.68971],[-112.16282,41.69043]]}},{"type":"Feature","properties":{"highway":"motorway"},"geometry":{"type":"LineString","coordinates":[[-112.16084,41.68948],[-112.16133,41.68971]]}},{"type":"Feature","properties":{"highway":"motorway"},"geometry":{"type":"LineString","coordinates":[[-112.16149,41.6895],[-112.16101,41.68927]]}},{"type":"Feature","properties":{"highway":"motorway"},"geometry":{"type":"LineString","coordinates":[[-112.16101,41.68927],[-112.14606,41.68214],[-112.13886,41.67869],[-112.13809,41.67832],[-112.13733,41.67793],[-112.1369,41.67768],[-112.13647,41.67742],[-112.136,41.67711],[-112.13583,41.67699],[-112.13572,41.67691],[-112.13551,41.67676],[-112.1352,41.67653],[-112.135,41.67636]]}},{"type":"Feature","properties":{"highway":"motorway"},"geometry":{"type":"LineString","coordinates":[[-112.18344,41.70032],[-112.18459,41.70087],[-112.18688,41.70196],[-112.19012,41.70351],[-112.19209,41.70445],[-112.19337,41.70506],[-112.19479,41.70574],[-112.19621,41.70642],[-112.19724,41.70691],[-112.19786,41.70722]]}},{"type":"Feature","properties":{"highway":"motorway"},"geometry":{"type":"LineString","coordinates":[[-112.17242,41.69477],[-112.17112,41.69412]]}},{"type":"Feature","properties":{"highway":"motorway"},"geometry":{"type":"LineString","coordinates":[[-112.19233,41.71084],[-112.19234,41.71135]]}},{"type":"Feature","properties":{"highway":"motorway"},"geometry":{"type":"LineString","coordinates":[[-112.19234,41.71135],[-112.19241,41.72044],[-112.19242,41.7254]]}},{"type":"Feature","properties":{"highway":"motorway"},"geometry":{"type":"LineString","coordinates":[[-112.19268,41.71083],[-112.19261,41.70502]]}},{"type":"Feature","properties":{"highway":"motorway"},"geometry":{"type":"LineString","coordinates":[[-112.19268,41.71133],[-112.19268,41.71083]]}},{"type":"Feature","properties":{"highway":"motorway"},"geometry":{"type":"LineString","coordinates":[[-112.19857,42.00133],[-112.19899,42.00254],[-112.20713,42.02576],[-112.20956,42.03269],[-112.21083,42.03652]]}},{"type":"Feature","properties":{"highway":"primary"},"geometry":{"type":"LineString","coordinates":[[-112.05259,40.69652],[-112.05153,40.69652],[-112.0507,40.69652],[-112.0506,40.69652],[-112.0505,40.69652],[-112.04927,40.69652],[-112.04917,40.69653],[-112.04906,40.69653],[-112.04864,40.69653],[-112.04807,40.69653],[-112.04767,40.69653],[-112.04664,40.69653],[-112.04515,40.69653],[-112.04498,40.69653],[-112.04458,40.69653]]}},{"type":"Feature","properties":{"highway":"motorway"},"geometry":{"type":"LineString","coordinates":[[-112.02187,41.16556],[-112.02304,41.16201]]}},{"type":"Feature","properties":{"highway":"primary"},"geometry":{"type":"LineString","coordinates":[[-112.01471,40.58792],[-112.01458,40.58792],[-112.00722,40.58792],[-112.00646,40.58792],[-112.00535,40.58792],[-112.00519,40.58792]]}},{"type":"Feature","properties":{"highway":"primary"},"geometry":{"type":"LineString","coordinates":[[-112.07534,40.65451],[-112.07522,40.65457],[-112.0751,40.65463],[-112.07497,40.65469],[-112.07484,40.65474],[-112.07468,40.65479],[-112.07452,40.65484],[-112.07435,40.65488],[-112.07416,40.65491],[-112.07396,40.65494],[-112.07375,40.65496],[-112.07353,40.65497],[-112.0733,40.65497],[-112.07307,40.65496],[-112.07286,40.65494],[-112.07263,40.6549],[-112.0724,40.65485],[-112.07215,40.65478],[-112.07188,40.65469],[-112.07165,40.65458],[-112.07143,40.65447],[-112.07106,40.65426],[-112.06989,40.65359],[-112.06967,40.65348],[-112.06944,40.65338],[-112.06921,40.65329],[-112.06896,40.65321],[-112.06872,40.65316],[-112.06848,40.65312],[-112.06823,40.6531],[-112.06798,40.65308],[-112.06771,40.65309],[-112.06526,40.65312]]}},{"type":"Feature","properties":{"highway":"motorway_link"},"geometry":{"type":"LineString","coordinates":[[-113.12164,40.72933],[-113.12094,40.72947],[-113.11933,40.72984],[-113.11879,40.72997],[-113.11852,40.73002],[-113.11823,40.73007],[-113.11794,40.73011],[-113.11766,40.73013],[-113.11736,40.73013],[-113.11707,40.73013],[-113.11564,40.73009],[-113.1146,40.73007],[-113.11433,40.73008],[-113.11405,40.73011],[-113.11374,40.73019],[-113.11351,40.73024]]}},{"type":"Feature","properties":{"highway":"motorway_link"},"geometry":{"type":"LineString","coordinates":[[-113.10707,40.73429],[-113.10752,40.73422],[-113.1099,40.73367],[-113.11036,40.7336],[-113.11082,40.73356],[-113.11119,40.73354],[-113.11156,40.73355],[-113.11359,40.73361],[-113.1141,40.73361],[-113.11435,40.73359],[-113.1146,40.73355],[-113.11491,40.73347],[-113.11503,40.73344]]}},{"type":"Feature","properties":{"highway":"primary"},"geometry":{"type":"LineString","coordinates":[[-112.00575,40.54516],[-112.00571,40.54523],[-112.0057,40.5453],[-112.00571,40.54537],[-112.00574,40.54544],[-112.00579,40.54551],[-112.00587,40.54555],[-112.00595,40.54559]]}},{"type":"Feature","properties":{"highway":"motorway_link"},"geometry":{"type":"LineString","coordinates":[[-112.64516,40.74531],[-112.64733,40.74562],[-112.64857,40.74582],[-112.64965,40.74603],[-112.65059,40.7462],[-112.65222,40.74636],[-112.65238,40.74638],[-112.65247,40.74639],[-112.65268,40.74642]]}},{"type":"Feature","properties":{"highway":"motorway_link"},"geometry":{"type":"LineString","coordinates":[[-114.00072,40.74696],[-114.00159,40.74709],[-114.00356,40.74728],[-114.00423,40.74734],[-114.00484,40.74743],[-114.00539,40.74752],[-114.0058,40.74762],[-114.00627,40.74773],[-114.00677,40.74788],[-114.00773,40.74817],[-114.00875,40.74849],[-114.00955,40.74873],[-114.01011,40.7489],[-114.01058,40.74904],[-114.01093,40.74914],[-114.0112,40.74922],[-114.01145,40.74927],[-114.01167,40.74931],[-114.01188,40.74934],[-114.01211,40.74936],[-114.01237,40.74938],[-114.01262,40.74939],[-114.01292,40.74938],[-114.01312,40.74937],[-114.01333,40.74934],[-114.01358,40.74931],[-114.01379,40.74927],[-114.01397,40.74923],[-114.01416,40.74919],[-114.01433,40.74913],[-114.01454,40.74906],[-114.01472,40.74899],[-114.01492,40.74891],[-114.01508,40.74884],[-114.01524,40.74875],[-114.01546,40.74864],[-114.01568,40.7485],[-114.01591,40.74834],[-114.01609,40.74818],[-114.01628,40.748],[-114.01644,40.74783],[-114.01659,40.74764],[-114.01672,40.74745],[-114.01681,40.74731],[-114.01689,40.74715],[-114.01699,40.74692],[-114.01708,40.74666],[-114.0172,40.7463]]}},{"type":"Feature","properties":{"highway":"motorway_link"},"geometry":{"type":"LineString","coordinates":[[-114.01964,40.74001],[-114.0193,40.74036],[-114.01918,40.74052],[-114.01909,40.74068],[-114.01893,40.74098],[-114.01882,40.74127],[-114.01833,40.74273],[-114.01824,40.74297],[-114.01808,40.7433],[-114.0179,40.74362],[-114.01773,40.74388],[-114.01758,40.74408],[-114.0174,40.74428],[-114.01724,40.74447],[-114.01708,40.74463],[-114.01689,40.74481],[-114.0167,40.74496],[-114.01649,40.74513],[-114.01628,40.74528],[-114.01605,40.74544],[-114.0158,40.74559],[-114.01556,40.74573],[-114.01529,40.74585],[-114.01498,40.74599],[-114.01472,40.74609],[-114.01443,40.7462],[-114.01418,40.74627],[-114.01384,40.74637],[-114.01351,40.74644],[-114.01316,40.74652],[-114.01284,40.74657],[-114.0125,40.74662],[-114.01208,40.74668],[-114.01167,40.74673],[-114.01107,40.7468],[-114.0106,40.74691]]}},{"type":"Feature","properties":{"highway":"motorway_link"},"geometry":{"type":"LineString","coordinates":[[-112.52552,40.70523],[-112.52685,40.7051],[-112.52891,40.70492],[-112.52969,40.70485],[-112.52978,40.70485],[-112.53005,40.70482]]}},{"type":"Feature","properties":{"highway":"motorway_link"},"geometry":{"type":"LineString","coordinates":[[-112.44489,40.68672],[-112.44469,40.68678],[-112.44443,40.68683],[-112.44415,40.68684],[-112.44392,40.68684],[-112.44372,40.68682],[-112.44349,40.68678],[-112.4433,40.68673],[-112.44316,40.68669],[-112.443,40.68662],[-112.44287,40.68656],[-112.44268,40.68646]]}},{"type":"Feature","properties":{"highway":"motorway_link"},"geometry":{"type":"LineString","coordinates":[[-112.45113,40.68624],[-112.45093,40.68612],[-112.4494,40.6856],[-112.449,40.68545],[-112.44868,40.68531],[-112.44831,40.68511],[-112.44802,40.68491],[-112.44774,40.68467],[-112.44676,40.68374],[-112.44647,40.68351]]}},{"type":"Feature","properties":{"highway":"motorway_link"},"geometry":{"type":"LineString","coordinates":[[-112.26404,40.69354],[-112.26382,40.6926]]}},{"type":"Feature","properties":{"highway":"motorway_link"},"geometry":{"type":"LineString","coordinates":[[-112.26266,40.69752],[-112.263,40.69728],[-112.26332,40.69698],[-112.26362,40.69665],[-112.26385,40.69628],[-112.26403,40.6959],[-112.26413,40.69555],[-112.2642,40.69521],[-112.26422,40.69485],[-112.26422,40.69458],[-112.2642,40.6942],[-112.26404,40.69354]]}},{"type":"Feature","properties":{"highway":"primary"},"geometry":{"type":"LineString","coordinates":[[-111.99967,40.56245],[-111.99979,40.56247],[-111.9999,40.56246],[-111.99999,40.56243],[-112.00007,40.56238],[-112.00014,40.56232]]}},{"type":"Feature","properties":{"highway":"primary"},"geometry":{"type":"LineString","coordinates":[[-112.00258,40.56224],[-112.00268,40.56224],[-112.00422,40.56224],[-112.00432,40.56224],[-112.00442,40.56224]]}},{"type":"Feature","properties":{"highway":"primary"},"geometry":{"type":"LineString","coordinates":[[-112.00258,40.56212],[-112.00181,40.56212],[-112.0008,40.56212],[-112.0006,40.56212],[-112.00048,40.56212],[-112.00041,40.56211],[-112.00034,40.56211]]}},{"type":"Feature","properties":{"highway":"primary"},"geometry":{"type":"LineString","coordinates":[[-112.01293,41.20283],[-112.01326,41.20272],[-112.01367,41.20259],[-112.01422,41.20242],[-112.01465,41.20228],[-112.01611,41.20182],[-112.01855,41.20106],[-112.01947,41.20076],[-112.02004,41.20057],[-112.02032,41.20046],[-112.02064,41.20032],[-112.02141,41.19994],[-112.02379,41.19879],[-112.02412,41.19863]]}},{"type":"Feature","properties":{"highway":"motorway"},"geometry":{"type":"LineString","coordinates":[[-114.04369,40.73797],[-114.04331,40.738]]}},{"type":"Feature","properties":{"highway":"motorway"},"geometry":{"type":"LineString","coordinates":[[-114.04276,40.73825],[-114.04335,40.73818]]}},{"type":"Feature","properties":{"highway":"motorway"},"geometry":{"type":"LineString","coordinates":[[-112.24157,40.71415],[-112.24509,40.7121],[-112.2506,40.70884],[-112.25287,40.7075],[-112.25358,40.707],[-112.25411,40.70659],[-112.25476,40.70604],[-112.25527,40.70546],[-112.2557,40.70487],[-112.25658,40.70343],[-112.25806,40.70129]]}},{"type":"Feature","properties":{"highway":"motorway"},"geometry":{"type":"LineString","coordinates":[[-112.5263,40.70781],[-112.5226,40.70665],[-112.52016,40.70606],[-112.51762,40.70556],[-112.51623,40.70533],[-112.50611,40.7036],[-112.50092,40.70271],[-112.49302,40.70134],[-112.49095,40.70092],[-112.48911,40.70045],[-112.4868,40.69979],[-112.48491,40.69914],[-112.47355,40.69479],[-112.46799,40.69267],[-112.4665,40.69209],[-112.45704,40.68844],[-112.45589,40.68801]]}},{"type":"Feature","properties":{"highway":"motorway"},"geometry":{"type":"LineString","coordinates":[[-112.52905,40.70966],[-112.52963,40.70989]]}},{"type":"Feature","properties":{"highway":"motorway"},"geometry":{"type":"LineString","coordinates":[[-114.04274,40.73808],[-114.04211,40.73817],[-114.04149,40.73828],[-114.04083,40.7384],[-114.03966,40.73865],[-114.0386,40.73892],[-114.03775,40.73915]]}},{"type":"Feature","properties":{"highway":"motorway"},"geometry":{"type":"LineString","coordinates":[[-112.1884,40.74085],[-112.18807,40.7411],[-112.18715,40.74174],[-112.18305,40.74508],[-112.18248,40.74555],[-112.17896,40.74851],[-112.17814,40.74922],[-112.1682,40.75746],[-112.16607,40.75925],[-112.16521,40.75987],[-112.164,40.76073],[-112.16267,40.76175],[-112.15966,40.76421],[-112.15717,40.76628],[-112.15579,40.76744],[-112.15466,40.76834],[-112.15426,40.76864],[-112.15363,40.76903],[-112.15297,40.76938],[-112.15226,40.76968],[-112.1515,40.76996],[-112.15065,40.77021],[-112.14982,40.77039],[-112.14905,40.7705],[-112.14826,40.77058],[-112.14738,40.77063],[-112.13906,40.77068],[-112.12896,40.77067],[-112.07495,40.77083]]}},{"type":"Feature","properties":{"highway":"motorway"},"geometry":{"type":"LineString","coordinates":[[-112.22017,40.72552],[-112.2213,40.72503]]}},{"type":"Feature","properties":{"highway":"motorway"},"geometry":{"type":"LineString","coordinates":[[-112.22065,40.72512],[-112.21955,40.72555]]}},{"type":"Feature","properties":{"highway":"motorway"},"geometry":{"type":"LineString","coordinates":[[-112.07497,40.77109],[-112.07543,40.77108],[-112.08168,40.77107],[-112.12897,40.77094],[-112.13906,40.77092],[-112.14737,40.77088],[-112.14831,40.77083],[-112.1491,40.77076],[-112.14993,40.77063],[-112.15074,40.77045],[-112.15159,40.77022],[-112.15233,40.76994],[-112.15318,40.76956],[-112.15389,40.76917],[-112.15447,40.7688],[-112.1549,40.76849],[-112.15601,40.76758],[-112.15734,40.76646],[-112.15985,40.76436],[-112.16285,40.76193],[-112.16443,40.76076],[-112.16542,40.76004],[-112.16617,40.75945],[-112.16775,40.75815],[-112.16835,40.75766],[-112.17666,40.75075]]}},{"type":"Feature","properties":{"highway":"primary_link"},"geometry":{"type":"LineString","coordinates":[[-112.00694,41.20466],[-112.00674,41.20466],[-112.00663,41.20464],[-112.00658,41.2046],[-112.00657,41.20455],[-112.00649,41.20443]]}},{"type":"Feature","properties":{"highway":"primary_link"},"geometry":{"type":"LineString","coordinates":[[-112.00582,41.20493],[-112.00593,41.20495],[-112.00623,41.20497],[-112.00635,41.20502],[-112.00642,41.20511],[-112.00646,41.20523]]}},{"type":"Feature","properties":{"highway":"motorway_link"},"geometry":{"type":"LineString","coordinates":[[-114.01739,40.74573],[-114.01865,40.74212],[-114.01872,40.74193]]}},{"type":"Feature","properties":{"highway":"motorway_link"},"geometry":{"type":"LineString","coordinates":[[-114.0172,40.7463],[-114.01739,40.74573]]}},{"type":"Feature","properties":{"highway":"motorway"},"geometry":{"type":"LineString","coordinates":[[-112.52963,40.70989],[-112.53121,40.71051],[-112.53612,40.7126],[-112.5414,40.71485],[-112.54684,40.71717],[-112.55151,40.71919],[-112.55368,40.72009],[-112.55559,40.72076],[-112.55902,40.72181],[-112.5847,40.72929],[-112.61655,40.73856],[-112.62589,40.74129],[-112.63309,40.74347],[-112.63562,40.74423],[-112.63674,40.74445],[-112.63804,40.74458],[-112.64268,40.74507],[-112.64404,40.74521],[-112.64516,40.74531],[-112.65251,40.74606]]}},{"type":"Feature","properties":{"highway":"motorway"},"geometry":{"type":"LineString","coordinates":[[-112.53013,40.70941],[-112.5295,40.70914]]}},{"type":"Feature","properties":{"highway":"motorway"},"geometry":{"type":"LineString","coordinates":[[-112.89637,40.8227],[-112.89592,40.8227],[-112.89473,40.82261],[-112.89316,40.82244],[-112.89206,40.82223],[-112.89077,40.82191],[-112.88905,40.82132],[-112.88784,40.82079],[-112.88031,40.81672],[-112.87589,40.81428],[-112.86972,40.811],[-112.85288,40.80174],[-112.83085,40.78972],[-112.82763,40.78796],[-112.81552,40.78128],[-112.79112,40.76801],[-112.78418,40.76416],[-112.78162,40.76276]]}},{"type":"Feature","properties":{"highway":"motorway"},"geometry":{"type":"LineString","coordinates":[[-112.89697,40.82311],[-112.89773,40.82309],[-112.89847,40.82305],[-112.89889,40.82296],[-112.89963,40.82286],[-112.90035,40.82274],[-112.9009,40.82263],[-112.90153,40.8225],[-112.90213,40.82234],[-112.90272,40.82217],[-112.90331,40.82198],[-112.90407,40.82171],[-112.90454,40.82153],[-112.90516,40.82127],[-112.9066,40.82065],[-112.90813,40.81999],[-112.92478,40.81285],[-112.9266,40.81203],[-112.92834,40.81115],[-112.92999,40.81023],[-112.93171,40.80917],[-112.93341,40.80799],[-112.93802,40.80437],[-112.94302,40.80046],[-112.95256,40.79296],[-112.95874,40.78811],[-112.96426,40.78377],[-112.97749,40.77339],[-112.97816,40.77286],[-112.97885,40.77235],[-112.97995,40.77157],[-112.98077,40.77104],[-112.98163,40.7705],[-112.98265,40.7699],[-112.98378,40.76927],[-112.98476,40.76878],[-112.98564,40.76835],[-112.98712,40.76768],[-112.98864,40.76706],[-112.98975,40.76665],[-112.99093,40.76625],[-112.99247,40.76578],[-112.99318,40.76558],[-112.99492,40.76505],[-113.00059,40.76353],[-113.00224,40.76308],[-113.00428,40.76253],[-113.0131,40.76011],[-113.01319,40.76009],[-113.01645,40.7592],[-113.02396,40.75712],[-113.033,40.75473],[-113.03522,40.75403],[-113.03747,40.75342],[-113.04198,40.7522],[-113.0465,40.75095],[-113.04875,40.75031],[-113.05099,40.7497],[-113.0557,40.7484],[-113.06566,40.74568],[-113.06896,40.74484],[-113.07218,40.74389],[-113.07444,40.74327],[-113.07675,40.74272],[-113.08129,40.74147],[-113.09035,40.73897],[-113.10707,40.73429],[-113.11375,40.73249],[-113.11543,40.73198],[-113.11817,40.73125],[-113.12026,40.73066],[-113.12597,40.72901],[-113.13352,40.72709],[-113.13692,40.72651],[-113.13839,40.72632],[-113.13981,40.72617],[-113.14132,40.72608],[-113.14276,40.726],[-113.14423,40.72597],[-113.14566,40.72597],[-113.14846,40.72602],[-113.1541,40.72616],[-113.1654,40.72626],[-113.18765,40.72656],[-113.18804,40.72657],[-113.19748,40.72668],[-113.20689,40.72669],[-113.21287,40.72681],[-113.21896,40.72689],[-113.23105,40.72708],[-113.25084,40.7273],[-113.25153,40.72731],[-113.2524,40.72731],[-113.25803,40.72737],[-113.2601,40.7274],[-113.26143,40.7274],[-113.26224,40.72741],[-113.26431,40.72744],[-113.26642,40.72748],[-113.26816,40.72749],[-113.27741,40.72757],[-113.29295,40.7279],[-113.3127,40.72826],[-113.376,40.72888],[-113.3887,40.72918],[-113.40398,40.72956]]}},{"type":"Feature","properties":{"highway":"motorway"},"geometry":{"type":"LineString","coordinates":[[-112.89575,40.82307],[-112.89697,40.82311]]}},{"type":"Feature","properties":{"highway":"motorway"},"geometry":{"type":"LineString","coordinates":[[-112.89755,40.8227],[-112.89637,40.8227]]}},{"type":"Feature","properties":{"highway":"primary"},"geometry":{"type":"LineString","coordinates":[[-112.04463,41.13988],[-112.04446,41.13988],[-112.04396,41.13988],[-112.04385,41.13988],[-112.04374,41.13988],[-112.04173,41.13989],[-112.0416,41.13989],[-112.04148,41.13989],[-112.04004,41.13989],[-112.03991,41.13989],[-112.0398,41.13989],[-112.03869,41.1399],[-112.03758,41.1399],[-112.0366,41.13989],[-112.03656,41.13989],[-112.03648,41.1399],[-112.03639,41.1399],[-112.03637,41.1399],[-112.03612,41.1399],[-112.03578,41.13988],[-112.03572,41.13988],[-112.03558,41.13987],[-112.03521,41.13987],[-112.03516,41.13987],[-112.03401,41.13986],[-112.03314,41.13987],[-112.03298,41.13987],[-112.03218,41.13987],[-112.03204,41.13987],[-112.03196,41.13987],[-112.03189,41.13987],[-112.03154,41.13987]]}},{"type":"Feature","properties":{"highway":"motorway_link"},"geometry":{"type":"LineString","coordinates":[[-112.05632,41.44141],[-112.05634,41.44174],[-112.05635,41.44198],[-112.05631,41.44253],[-112.05624,41.44449],[-112.05619,41.4451],[-112.05613,41.44568],[-112.05607,41.4465],[-112.05601,41.44744],[-112.05603,41.44784]]}},{"type":"Feature","properties":{"highway":"motorway_link"},"geometry":{"type":"LineString","coordinates":[[-112.05736,41.43821],[-112.05735,41.43809],[-112.05733,41.43791],[-112.05732,41.43771],[-112.05732,41.43758],[-112.05732,41.43736],[-112.05735,41.43624],[-112.05735,41.43521]]}},{"type":"Feature","properties":{"highway":"primary"},"geometry":{"type":"LineString","coordinates":[[-112.02671,41.30668],[-112.02767,41.30667]]}},{"type":"Feature","properties":{"highway":"primary"},"geometry":{"type":"LineString","coordinates":[[-112.06463,41.07423],[-112.06459,41.0743],[-112.06455,41.07437],[-112.06452,41.0744],[-112.06449,41.07443],[-112.06445,41.07445],[-112.06442,41.07447]]}},{"type":"Feature","properties":{"highway":"motorway_link"},"geometry":{"type":"LineString","coordinates":[[-112.05735,41.44077],[-112.05739,41.44024],[-112.05742,41.43985],[-112.05743,41.43977],[-112.05745,41.43948],[-112.05746,41.43932],[-112.05746,41.43913]]}},{"type":"Feature","properties":{"highway":"motorway"},"geometry":{"type":"LineString","coordinates":[[-112.0395,40.7709],[-112.03888,40.7709]]}},{"type":"Feature","properties":{"highway":"motorway"},"geometry":{"type":"LineString","coordinates":[[-112.03888,40.7709],[-112.03582,40.77092],[-112.03499,40.77092],[-112.03448,40.77092]]}},{"type":"Feature","properties":{"highway":"motorway"},"geometry":{"type":"LineString","coordinates":[[-112.03878,40.77115],[-112.03957,40.77115]]}},{"type":"Feature","properties":{"highway":"motorway"},"geometry":{"type":"LineString","coordinates":[[-112.05404,40.77114],[-112.05428,40.77114],[-112.06263,40.77114],[-112.07236,40.77113],[-112.07475,40.77109],[-112.07497,40.77109]]}},{"type":"Feature","properties":{"highway":"motorway_link"},"geometry":{"type":"LineString","coordinates":[[-112.00567,40.77035],[-112.00558,40.77016],[-112.00547,40.76998],[-112.00531,40.76979],[-112.00513,40.7696],[-112.00489,40.7694],[-112.00474,40.76929],[-112.00428,40.76904]]}},{"type":"Feature","properties":{"highway":"motorway_link"},"geometry":{"type":"LineString","coordinates":[[-112.00428,40.76904],[-112.00398,40.76893],[-112.00372,40.76886],[-112.00341,40.7688],[-112.00225,40.76855],[-112.0016,40.76838],[-112.0007,40.76812]]}},{"type":"Feature","properties":{"highway":"motorway_link"},"geometry":{"type":"LineString","coordinates":[[-112.03719,41.34054],[-112.03729,41.34045],[-112.03736,41.34037],[-112.03741,41.34033],[-112.03746,41.34029],[-112.03751,41.34024],[-112.03757,41.3402],[-112.03765,41.34015],[-112.03771,41.34012],[-112.0378,41.34008],[-112.03792,41.34005],[-112.03803,41.34003],[-112.03811,41.34002],[-112.03821,41.34001],[-112.03828,41.34001],[-112.03844,41.34]]}},{"type":"Feature","properties":{"highway":"primary"},"geometry":{"type":"LineString","coordinates":[[-112.14121,41.67947],[-112.14116,41.67819]]}},{"type":"Feature","properties":{"highway":"primary"},"geometry":{"type":"LineString","coordinates":[[-112.14123,41.68053],[-112.14121,41.67947]]}},{"type":"Feature","properties":{"highway":"motorway"},"geometry":{"type":"LineString","coordinates":[[-112.5743,41.89587],[-112.57471,41.89608],[-112.57511,41.8963],[-112.5755,41.89654],[-112.57588,41.89678],[-112.57634,41.89712],[-112.57679,41.89749],[-112.57727,41.89793],[-112.57755,41.89821],[-112.57782,41.8985],[-112.57831,41.89907],[-112.57932,41.90026],[-112.57943,41.90038],[-112.58027,41.90138],[-112.58092,41.90219],[-112.58174,41.9031],[-112.58227,41.90371],[-112.58288,41.90436],[-112.58354,41.90493],[-112.58412,41.90536],[-112.58466,41.9057],[-112.58517,41.90595],[-112.58597,41.90632],[-112.58685,41.90662],[-112.58772,41.90689],[-112.58878,41.90715],[-112.59015,41.90747],[-112.59144,41.90781],[-112.59305,41.90819]]}},{"type":"Feature","properties":{"highway":"motorway"},"geometry":{"type":"LineString","coordinates":[[-112.57408,41.89548],[-112.57349,41.89523],[-112.57288,41.895],[-112.57231,41.89482],[-112.57172,41.89465],[-112.57125,41.89454],[-112.57075,41.89444],[-112.57013,41.89434],[-112.56982,41.89429],[-112.56939,41.89424],[-112.56887,41.8942],[-112.56821,41.89417],[-112.5678,41.89416],[-112.5674,41.89417],[-112.56699,41.89419],[-112.56622,41.89425],[-112.56611,41.89426],[-112.56095,41.89489],[-112.55586,41.8955],[-112.55041,41.89623],[-112.54896,41.89642],[-112.54749,41.8966],[-112.54613,41.89677],[-112.54478,41.89695]]}},{"type":"Feature","properties":{"highway":"motorway"},"geometry":{"type":"LineString","coordinates":[[-112.5745,41.89568],[-112.57408,41.89548]]}},{"type":"Feature","properties":{"highway":"motorway"},"geometry":{"type":"LineString","coordinates":[[-112.57388,41.89568],[-112.5743,41.89587]]}},{"type":"Feature","properties":{"highway":"motorway"},"geometry":{"type":"LineString","coordinates":[[-112.5936,41.90832],[-112.596,41.9089],[-112.59905,41.90966],[-112.60254,41.91047],[-112.60533,41.91113],[-112.60791,41.91175],[-112.60923,41.91209],[-112.61044,41.91242],[-112.6118,41.91282],[-112.61395,41.91355],[-112.61609,41.91439],[-112.61722,41.91491],[-112.61853,41.91552],[-112.61995,41.91625],[-112.6217,41.91719],[-112.62342,41.91815],[-112.62536,41.91923],[-112.62667,41.91994],[-112.62804,41.92069],[-112.63098,41.9223],[-112.63213,41.92294],[-112.63256,41.92317],[-112.63503,41.92453]]}},{"type":"Feature","properties":{"highway":"motorway"},"geometry":{"type":"LineString","coordinates":[[-112.5937,41.90812],[-112.59313,41.90799]]}},{"type":"Feature","properties":{"highway":"motorway"},"geometry":{"type":"LineString","coordinates":[[-112.59313,41.90799],[-112.58918,41.90706],[-112.58782,41.90673],[-112.58697,41.90647],[-112.58605,41.90613],[-112.5852,41.90576],[-112.58457,41.90541],[-112.58408,41.90508],[-112.58352,41.90462],[-112.58256,41.90368],[-112.57929,41.89988],[-112.57896,41.8995],[-112.57858,41.89905],[-112.57809,41.89848],[-112.57747,41.8978],[-112.57713,41.89748],[-112.57677,41.89716],[-112.57611,41.89665],[-112.57569,41.89637],[-112.57526,41.8961],[-112.57488,41.89588],[-112.5745,41.89568]]}},{"type":"Feature","properties":{"highway":"motorway"},"geometry":{"type":"LineString","coordinates":[[-112.59305,41.90819],[-112.5936,41.90832]]}},{"type":"Feature","properties":{"highway":"motorway"},"geometry":{"type":"LineString","coordinates":[[-112.54429,41.89725],[-112.54475,41.8972]]}},{"type":"Feature","properties":{"highway":"motorway"},"geometry":{"type":"LineString","coordinates":[[-112.54475,41.8972],[-112.55175,41.89631],[-112.55586,41.89578],[-112.55971,41.89529],[-112.56312,41.89486],[-112.565,41.89462],[-112.56624,41.89446],[-112.56729,41.89441],[-112.56792,41.89442],[-112.56853,41.89444],[-112.56903,41.89447],[-112.56952,41.89452],[-112.57039,41.89464],[-112.57088,41.89473],[-112.57138,41.89483],[-112.57179,41.89494],[-112.57219,41.89505],[-112.57259,41.89518],[-112.57299,41.89531],[-112.57344,41.89549],[-112.57388,41.89568]]}},{"type":"Feature","properties":{"highway":"motorway"},"geometry":{"type":"LineString","coordinates":[[-112.54478,41.89695],[-112.54429,41.89701]]}},{"type":"Feature","properties":{"highway":"motorway"},"geometry":{"type":"LineString","coordinates":[[-112.54429,41.89701],[-112.54348,41.8971],[-112.54265,41.8972],[-112.54204,41.89725],[-112.54139,41.89729],[-112.54069,41.89731],[-112.53999,41.89732],[-112.53932,41.89731],[-112.53863,41.89728],[-112.53775,41.89722],[-112.53689,41.89713],[-112.53609,41.89703],[-112.5351,41.89685],[-112.53383,41.89659],[-112.5325,41.89624],[-112.52708,41.89476],[-112.52182,41.89335],[-112.51524,41.89155],[-112.50638,41.88915],[-112.50346,41.88838]]}},{"type":"Feature","properties":{"highway":"motorway"},"geometry":{"type":"LineString","coordinates":[[-112.48961,41.88491],[-112.49015,41.88507]]}},{"type":"Feature","properties":{"highway":"motorway"},"geometry":{"type":"LineString","coordinates":[[-112.50336,41.88861],[-112.50377,41.88872],[-112.50651,41.88948],[-112.50982,41.89038],[-112.51257,41.89112],[-112.51439,41.8916],[-112.51782,41.89255],[-112.52126,41.89346],[-112.52572,41.89466],[-112.53006,41.89586],[-112.53263,41.89655],[-112.5341,41.89692],[-112.53537,41.89718],[-112.53657,41.89736],[-112.53775,41.89748],[-112.53836,41.89752],[-112.53931,41.89756],[-112.54027,41.89757],[-112.54094,41.89755],[-112.5416,41.89752],[-112.54229,41.89747],[-112.54297,41.89741],[-112.54429,41.89725]]}},{"type":"Feature","properties":{"highway":"motorway"},"geometry":{"type":"LineString","coordinates":[[-112.49036,41.88483],[-112.48975,41.88466]]}},{"type":"Feature","properties":{"highway":"motorway"},"geometry":{"type":"LineString","coordinates":[[-112.48975,41.88466],[-112.48582,41.8836],[-112.48447,41.88321],[-112.48383,41.88301],[-112.48321,41.88281],[-112.48276,41.88265],[-112.48141,41.88212],[-112.48012,41.88151],[-112.47841,41.88051],[-112.47388,41.87763],[-112.46966,41.87494],[-112.46711,41.87327],[-112.46653,41.87284],[-112.46611,41.87251],[-112.46519,41.8717],[-112.46412,41.87057],[-112.45011,41.85489],[-112.44913,41.85379],[-112.44123,41.84499],[-112.43989,41.8435],[-112.43772,41.84115],[-112.43544,41.83867],[-112.4342,41.8372],[-112.42498,41.82695],[-112.42294,41.82469],[-112.4219,41.82354],[-112.42108,41.82279],[-112.42028,41.8221],[-112.41978,41.82172],[-112.4189,41.82107],[-112.41776,41.82037],[-112.41508,41.81873],[-112.41255,41.81718]]}},{"type":"Feature","properties":{"highway":"motorway"},"geometry":{"type":"LineString","coordinates":[[-112.41255,41.81718],[-112.41194,41.81686]]}},{"type":"Feature","properties":{"highway":"motorway"},"geometry":{"type":"LineString","coordinates":[[-112.41233,41.8173],[-112.41487,41.81884],[-112.41603,41.81957],[-112.41799,41.82079],[-112.41887,41.82136],[-112.4196,41.8219],[-112.42024,41.8224],[-112.42086,41.82298],[-112.42182,41.82392],[-112.42279,41.825],[-112.42488,41.82734],[-112.42856,41.83145],[-112.43389,41.83743],[-112.4352,41.83884],[-112.43744,41.84133],[-112.43889,41.8429],[-112.44038,41.84459],[-112.44106,41.84535],[-112.44168,41.84606],[-112.44348,41.84805],[-112.44459,41.8493],[-112.44643,41.85131],[-112.44833,41.85344],[-112.44991,41.85522],[-112.45137,41.85682],[-112.45332,41.85904],[-112.45523,41.86113],[-112.45695,41.86308],[-112.45862,41.86489],[-112.46058,41.86712],[-112.46245,41.86918],[-112.46386,41.87073],[-112.46464,41.87156],[-112.46524,41.87211],[-112.46582,41.87265],[-112.46628,41.87299],[-112.46681,41.87339],[-112.46813,41.8743],[-112.46888,41.8748],[-112.47062,41.87589],[-112.4721,41.87681],[-112.47316,41.87752],[-112.47474,41.8785],[-112.47598,41.87931],[-112.47818,41.8807],[-112.47923,41.88131],[-112.48045,41.88195],[-112.48155,41.88246],[-112.48286,41.88298],[-112.48434,41.88345],[-112.48961,41.88491]]}},{"type":"Feature","properties":{"highway":"motorway"},"geometry":{"type":"LineString","coordinates":[[-112.41184,41.81704],[-112.41233,41.8173]]}},{"type":"Feature","properties":{"highway":"primary"},"geometry":{"type":"LineString","coordinates":[[-112.2068,41.71077],[-112.20479,41.71082]]}},{"type":"Feature","properties":{"highway":"primary"},"geometry":{"type":"LineString","coordinates":[[-112.02583,41.19816],[-112.02611,41.19808],[-112.02671,41.19798],[-112.02733,41.19792],[-112.0277,41.19789]]}},{"type":"Feature","properties":{"highway":"primary"},"geometry":{"type":"LineString","coordinates":[[-112.0165,41.48585],[-112.01647,41.48597],[-112.01635,41.48639]]}},{"type":"Feature","properties":{"highway":"primary"},"geometry":{"type":"LineString","coordinates":[[-112.03413,41.34819],[-112.03451,41.34907],[-112.03464,41.34937],[-112.03475,41.34963],[-112.03487,41.34991],[-112.035,41.35021],[-112.03507,41.35038],[-112.03512,41.3505],[-112.03516,41.35059],[-112.03528,41.35089],[-112.03537,41.35112],[-112.03541,41.35125],[-112.03549,41.35151],[-112.03554,41.35167],[-112.03556,41.35174],[-112.03557,41.35179],[-112.03563,41.35204],[-112.03565,41.35214],[-112.03568,41.35228],[-112.03571,41.35248],[-112.03571,41.35254],[-112.03573,41.35269],[-112.03575,41.35299],[-112.03576,41.35328],[-112.03576,41.35363],[-112.03576,41.35403],[-112.03575,41.35475]]}},{"type":"Feature","properties":{"highway":"motorway"},"geometry":{"type":"LineString","coordinates":[[-114.05304,40.73836],[-114.05252,40.73827],[-114.05202,40.73819],[-114.05144,40.73811],[-114.0508,40.73802],[-114.05015,40.73795],[-114.04969,40.73791],[-114.04928,40.73788],[-114.04866,40.73784],[-114.04806,40.73781],[-114.04767,40.7378],[-114.04694,40.73779],[-114.04629,40.7378],[-114.04563,40.73783],[-114.04494,40.73787],[-114.04447,40.7379],[-114.04406,40.73794],[-114.04369,40.73797]]}},{"type":"Feature","properties":{"highway":"primary_link"},"geometry":{"type":"LineString","coordinates":[[-112.01604,41.1042],[-112.01588,41.10384],[-112.01587,41.10383],[-112.01587,41.10381],[-112.01586,41.10379],[-112.01586,41.10377],[-112.01587,41.10376],[-112.01588,41.10375],[-112.0159,41.10373],[-112.01592,41.10372],[-112.01636,41.10359]]}},{"type":"Feature","properties":{"highway":"primary_link"},"geometry":{"type":"LineString","coordinates":[[-112.01489,41.10308],[-112.0149,41.10318],[-112.01494,41.10333],[-112.01494,41.10335],[-112.01494,41.10337],[-112.01494,41.10338],[-112.01494,41.1034],[-112.01493,41.10341],[-112.01491,41.10342],[-112.01467,41.10356]]}},{"type":"Feature","properties":{"highway":"motorway_link"},"geometry":{"type":"LineString","coordinates":[[-112.01071,41.22821],[-112.01057,41.22847],[-112.01051,41.22859],[-112.01046,41.22865],[-112.01038,41.22873],[-112.01029,41.2288],[-112.01017,41.22886],[-112.01005,41.2289],[-112.00957,41.229],[-112.00926,41.22914]]}},{"type":"Feature","properties":{"highway":"motorway_link"},"geometry":{"type":"LineString","coordinates":[[-112.00926,41.22914],[-112.00964,41.2292],[-112.0101,41.22912],[-112.01024,41.22911],[-112.01041,41.22913],[-112.01059,41.22918],[-112.01074,41.22928],[-112.01088,41.22942]]}},{"type":"Feature","properties":{"highway":"primary_link"},"geometry":{"type":"LineString","coordinates":[[-112.00479,41.30594],[-112.00491,41.30622],[-112.00496,41.30632],[-112.00502,41.30639],[-112.00504,41.30644],[-112.00506,41.30646],[-112.00507,41.3065],[-112.00507,41.30653],[-112.00507,41.30656],[-112.00506,41.30659],[-112.00504,41.30663],[-112.00504,41.30664],[-112.00501,41.30667],[-112.00497,41.30669],[-112.00493,41.30671],[-112.00483,41.30675],[-112.00467,41.30685]]}},{"type":"Feature","properties":{"highway":"primary_link"},"geometry":{"type":"LineString","coordinates":[[-112.00629,41.30763],[-112.00621,41.30743],[-112.0061,41.30723],[-112.00609,41.3072],[-112.00609,41.30718],[-112.00608,41.30716],[-112.00608,41.30713],[-112.00609,41.3071],[-112.0061,41.30707],[-112.00612,41.30704],[-112.00616,41.307],[-112.00619,41.30698],[-112.00623,41.30695],[-112.0064,41.30685]]}},{"type":"Feature","properties":{"highway":"primary"},"geometry":{"type":"LineString","coordinates":[[-112.02961,41.19779],[-112.03273,41.19761],[-112.0353,41.19748],[-112.03539,41.19747],[-112.03547,41.19747],[-112.03797,41.19731]]}},{"type":"Feature","properties":{"highway":"primary"},"geometry":{"type":"LineString","coordinates":[[-112.02832,41.19787],[-112.02961,41.19779]]}},{"type":"Feature","properties":{"highway":"primary"},"geometry":{"type":"LineString","coordinates":[[-112.0632,40.71369],[-112.06319,40.71347],[-112.06318,40.7131]]}},{"type":"Feature","properties":{"highway":"primary"},"geometry":{"type":"LineString","coordinates":[[-112.07574,40.69648],[-112.07565,40.69648],[-112.07322,40.69649],[-112.07309,40.69649],[-112.07299,40.69649],[-112.07223,40.69649],[-112.07125,40.69649],[-112.0702,40.69649],[-112.06987,40.69649],[-112.06812,40.69649],[-112.06801,40.69649],[-112.06709,40.69649],[-112.06624,40.69649],[-112.06556,40.6965],[-112.06472,40.6965],[-112.06416,40.6965],[-112.0638,40.6965],[-112.06374,40.6965],[-112.06355,40.6965]]}},{"type":"Feature","properties":{"highway":"primary"},"geometry":{"type":"LineString","coordinates":[[-112.04008,40.33361],[-112.04003,40.33941],[-112.0398,40.35697],[-112.03981,40.35728],[-112.03981,40.35754],[-112.03982,40.35781],[-112.03984,40.35837]]}},{"type":"Feature","properties":{"highway":"trunk"},"geometry":{"type":"LineString","coordinates":[[-112.38675,40.38093],[-112.3866,40.38088],[-112.38618,40.38073],[-112.38355,40.37982],[-112.37577,40.37713],[-112.36939,40.37491],[-112.36938,40.37491],[-112.36375,40.37295],[-112.36221,40.37242],[-112.33824,40.3641],[-112.33774,40.36392],[-112.32783,40.36046],[-112.31919,40.35746],[-112.31878,40.35731],[-112.31839,40.35715],[-112.31803,40.35699],[-112.31678,40.35638],[-112.31625,40.35609],[-112.31571,40.35579],[-112.31519,40.35546],[-112.31467,40.35512],[-112.3138,40.3545],[-112.31307,40.35391],[-112.31236,40.35327],[-112.31146,40.35237],[-112.31076,40.35154],[-112.31011,40.35067],[-112.30825,40.34811],[-112.30719,40.34669],[-112.3057,40.34464],[-112.30568,40.34462],[-112.30379,40.34203],[-112.30032,40.33733],[-112.29972,40.33647],[-112.2981,40.3343],[-112.2977,40.33383],[-112.29723,40.33333],[-112.29652,40.33262],[-112.29545,40.33166],[-112.2943,40.33079],[-112.29317,40.32999],[-112.29175,40.32887],[-112.29107,40.32822],[-112.29047,40.32762],[-112.29015,40.32724],[-112.28975,40.32673],[-112.28937,40.32625],[-112.28905,40.32579],[-112.28847,40.32486],[-112.28834,40.32463],[-112.28694,40.3218],[-112.286,40.31993],[-112.28553,40.31897],[-112.28454,40.31697],[-112.28369,40.31525],[-112.27876,40.3053],[-112.27522,40.29816],[-112.27422,40.29611],[-112.27344,40.29452],[-112.27312,40.2939],[-112.27246,40.29286],[-112.27172,40.29189],[-112.27129,40.2914],[-112.27097,40.29102],[-112.27021,40.29027],[-112.26895,40.2892],[-112.26282,40.28456],[-112.26037,40.28269],[-112.25689,40.28007],[-112.25211,40.27644],[-112.25124,40.27577],[-112.25089,40.27551],[-112.24838,40.2736],[-112.24678,40.2724],[-112.24656,40.27222],[-112.24292,40.26946],[-112.23117,40.26054],[-112.23019,40.2598],[-112.23014,40.25976],[-112.21941,40.2516],[-112.21848,40.25091],[-112.217,40.24979],[-112.21622,40.24922],[-112.21415,40.24762],[-112.2046,40.24035],[-112.20386,40.23979],[-112.20295,40.2391],[-112.20279,40.23898],[-112.2011,40.23769],[-112.19938,40.23637],[-112.1977,40.23509],[-112.19661,40.23437],[-112.19574,40.23387],[-112.19435,40.23317],[-112.19297,40.23262],[-112.19236,40.23239],[-112.19175,40.23218],[-112.1911,40.23199],[-112.19046,40.23181],[-112.18982,40.23164],[-112.18912,40.23149],[-112.1884,40.23135],[-112.18772,40.23123],[-112.18679,40.23111],[-112.18578,40.23101],[-112.1848,40.23096],[-112.18405,40.23094],[-112.18365,40.23094],[-112.18238,40.23097],[-112.18156,40.23103],[-112.18145,40.23104],[-112.18057,40.23113],[-112.17915,40.23134],[-112.17865,40.23143]]}},{"type":"Feature","properties":{"highway":"motorway"},"geometry":{"type":"LineString","coordinates":[[-112.44053,40.68382],[-112.43999,40.68371]]}},{"type":"Feature","properties":{"highway":"motorway"},"geometry":{"type":"LineString","coordinates":[[-112.26174,40.69568],[-112.2609,40.6967],[-112.25955,40.69861],[-112.25868,40.69987],[-112.25781,40.70119],[-112.25638,40.70337],[-112.25546,40.70476],[-112.25501,40.70538],[-112.25444,40.706],[-112.25397,40.70644],[-112.25344,40.70688],[-112.25273,40.70736],[-112.25046,40.70868],[-112.24491,40.71193],[-112.24115,40.7142],[-112.23703,40.71657],[-112.23698,40.71659]]}},{"type":"Feature","properties":{"highway":"motorway"},"geometry":{"type":"LineString","coordinates":[[-112.44046,40.68444],[-112.44094,40.68453]]}},{"type":"Feature","properties":{"highway":"motorway"},"geometry":{"type":"LineString","coordinates":[[-112.44218,40.68477],[-112.44527,40.68536],[-112.44625,40.68556],[-112.44806,40.686],[-112.44983,40.6865],[-112.45145,40.68703],[-112.45237,40.68734],[-112.45683,40.68906],[-112.46612,40.69264],[-112.46758,40.6932],[-112.48445,40.69969],[-112.48643,40.70037],[-112.48885,40.70107],[-112.4907,40.70152],[-112.49288,40.70196],[-112.50067,40.70329],[-112.51288,40.70538]]}},{"type":"Feature","properties":{"highway":"primary"},"geometry":{"type":"LineString","coordinates":[[-112.01464,40.30684],[-112.01483,40.30689],[-112.01515,40.30696],[-112.01545,40.30703],[-112.0155,40.30705],[-112.01563,40.30708],[-112.0163,40.30727]]}},{"type":"Feature","properties":{"highway":"primary"},"geometry":{"type":"LineString","coordinates":[[-112.01637,40.30716],[-112.0161,40.30708],[-112.01568,40.30696],[-112.01562,40.30694],[-112.01554,40.30692],[-112.01522,40.30682],[-112.0149,40.30672],[-112.01472,40.30668]]}},{"type":"Feature","properties":{"highway":"primary"},"geometry":{"type":"LineString","coordinates":[[-112.01803,40.30776],[-112.0178,40.30763],[-112.01736,40.30747],[-112.01696,40.30734],[-112.01637,40.30716]]}},{"type":"Feature","properties":{"highway":"primary"},"geometry":{"type":"LineString","coordinates":[[-112.0163,40.30727],[-112.01692,40.30746],[-112.01731,40.30759],[-112.01776,40.30775],[-112.0178,40.30775],[-112.01803,40.30776]]}},{"type":"Feature","properties":{"highway":"primary"},"geometry":{"type":"LineString","coordinates":[[-112.04126,41.16168],[-112.04053,41.16168]]}},{"type":"Feature","properties":{"highway":"motorway"},"geometry":{"type":"LineString","coordinates":[[-112.17452,41.77678],[-112.17473,41.77607],[-112.17502,41.77505],[-112.17529,41.77409],[-112.17558,41.77307],[-112.1759,41.77199],[-112.17615,41.77111],[-112.1764,41.77025],[-112.17662,41.7696],[-112.17691,41.76886],[-112.17736,41.76788],[-112.17776,41.76714],[-112.17841,41.76606],[-112.17904,41.76501],[-112.17935,41.76447],[-112.17968,41.76383],[-112.17997,41.76321],[-112.18024,41.76257],[-112.18046,41.76199],[-112.18069,41.76128],[-112.18083,41.7608],[-112.18096,41.76028],[-112.18134,41.75844],[-112.18153,41.75757],[-112.18179,41.75664],[-112.18207,41.75578]]}},{"type":"Feature","properties":{"highway":"motorway"},"geometry":{"type":"LineString","coordinates":[[-112.74533,41.96186],[-112.7465,41.96191],[-112.74749,41.962],[-112.74886,41.96217],[-112.74985,41.96232],[-112.75121,41.96264],[-112.75281,41.9631],[-112.75379,41.96341],[-112.7551,41.96393],[-112.75613,41.96437],[-112.75756,41.96498],[-112.75914,41.96572],[-112.76057,41.96636],[-112.76166,41.96682],[-112.76281,41.96729],[-112.76399,41.96776],[-112.76511,41.96817],[-112.76638,41.96866],[-112.76766,41.9691],[-112.76868,41.96944],[-112.77078,41.97011],[-112.77225,41.97054],[-112.77471,41.97124],[-112.77765,41.97204],[-112.78036,41.9728],[-112.78296,41.97355],[-112.78521,41.97425],[-112.78745,41.97501],[-112.78929,41.97565],[-112.79165,41.97659],[-112.79362,41.97738],[-112.79585,41.97839],[-112.79854,41.9796],[-112.80116,41.98081],[-112.80405,41.98205],[-112.80663,41.9831],[-112.80889,41.984],[-112.81269,41.98547],[-112.81483,41.98636],[-112.81659,41.98715],[-112.81807,41.98786],[-112.81995,41.98888],[-112.82139,41.98976],[-112.82258,41.99049],[-112.82406,41.99155],[-112.82542,41.99259],[-112.82647,41.9935],[-112.82754,41.99448],[-112.82876,41.99569],[-112.82999,41.99691],[-112.8312,41.9981],[-112.83194,41.99884],[-112.83247,41.99935],[-112.83247,41.99935]]}},{"type":"Feature","properties":{"highway":"motorway_link"},"geometry":{"type":"LineString","coordinates":[[-112.17125,41.78459],[-112.17126,41.78483],[-112.17128,41.7856],[-112.1713,41.78625],[-112.17132,41.78645],[-112.17135,41.78665],[-112.1714,41.78687],[-112.17144,41.787],[-112.17149,41.78715],[-112.17175,41.78778],[-112.1719,41.78815],[-112.17206,41.78853],[-112.17215,41.78875],[-112.17221,41.78894],[-112.17226,41.78913],[-112.17237,41.7897],[-112.1725,41.79044],[-112.17262,41.7911],[-112.17284,41.79196],[-112.17297,41.79247],[-112.17311,41.79292],[-112.17331,41.79332]]}},{"type":"Feature","properties":{"highway":"motorway_link"},"geometry":{"type":"LineString","coordinates":[[-112.7555,41.96566],[-112.75577,41.96573],[-112.75645,41.96591],[-112.76005,41.96678],[-112.76116,41.96706],[-112.76235,41.9674],[-112.76371,41.96784],[-112.76496,41.96828],[-112.7682,41.96936],[-112.76868,41.96944]]}},{"type":"Feature","properties":{"highway":"trunk"},"geometry":{"type":"LineString","coordinates":[[-112.14814,41.78495],[-112.14748,41.78496],[-112.14567,41.78503],[-112.14327,41.78513],[-112.1432,41.78513],[-112.1425,41.78514],[-112.13779,41.78525]]}},{"type":"Feature","properties":{"highway":"motorway"},"geometry":{"type":"LineString","coordinates":[[-112.20191,41.70916],[-112.20349,41.7099],[-112.20522,41.71069],[-112.20758,41.7117],[-112.21292,41.71399]]}},{"type":"Feature","properties":{"highway":"motorway"},"geometry":{"type":"LineString","coordinates":[[-112.19137,41.70381],[-112.1888,41.70259],[-112.18531,41.70092],[-112.18305,41.69984],[-112.18083,41.69878]]}},{"type":"Feature","properties":{"highway":"motorway"},"geometry":{"type":"LineString","coordinates":[[-112.74887,41.96177],[-112.74793,41.96166],[-112.74685,41.96157],[-112.74573,41.96153],[-112.74458,41.9615],[-112.72984,41.96146],[-112.72463,41.96142]]}},{"type":"Feature","properties":{"highway":"trunk"},"geometry":{"type":"LineString","coordinates":[[-112.17125,41.78459],[-112.17393,41.78454]]}},{"type":"Feature","properties":{"highway":"primary"},"geometry":{"type":"LineString","coordinates":[[-112.75938,41.96369],[-112.75966,41.96363],[-112.76014,41.96356]]}},{"type":"Feature","properties":{"highway":"motorway_link"},"geometry":{"type":"LineString","coordinates":[[-112.17393,41.78454],[-112.17392,41.78431],[-112.17392,41.78421],[-112.1739,41.78402],[-112.17386,41.78379],[-112.17377,41.78342],[-112.17364,41.78292],[-112.17353,41.78249],[-112.17349,41.78232],[-112.17345,41.78213],[-112.17343,41.78198],[-112.17342,41.78179],[-112.17342,41.78157],[-112.17344,41.78132],[-112.17348,41.78107],[-112.17358,41.78063],[-112.17367,41.78028],[-112.17382,41.77975],[-112.17413,41.77857],[-112.17425,41.77808],[-112.17439,41.77759],[-112.17448,41.77718],[-112.17452,41.77678]]}},{"type":"Feature","properties":{"highway":"motorway"},"geometry":{"type":"LineString","coordinates":[[-112.17413,41.77685],[-112.17394,41.77751],[-112.17356,41.77887],[-112.17324,41.77998],[-112.17308,41.78058],[-112.17291,41.78125],[-112.17269,41.78232],[-112.17253,41.78335],[-112.17239,41.78434]]}},{"type":"Feature","properties":{"highway":"primary"},"geometry":{"type":"LineString","coordinates":[[-112.01571,41.51285],[-112.01571,41.51293],[-112.01571,41.51304],[-112.01571,41.51312],[-112.01571,41.51324],[-112.01568,41.51477],[-112.01568,41.51479],[-112.01568,41.51486],[-112.01568,41.51492],[-112.01567,41.5154],[-112.01566,41.51575],[-112.01565,41.51627],[-112.01564,41.51678],[-112.01564,41.51685],[-112.01564,41.51692],[-112.01564,41.51693],[-112.01564,41.51704],[-112.01563,41.51788],[-112.01561,41.51878],[-112.01561,41.51884],[-112.01561,41.51891],[-112.0156,41.51956],[-112.01559,41.51996],[-112.01558,41.52078],[-112.01558,41.5208],[-112.01557,41.52086],[-112.01557,41.52093],[-112.01555,41.52229],[-112.01554,41.52279],[-112.01554,41.52286],[-112.01553,41.52293],[-112.01552,41.52376],[-112.01552,41.52416],[-112.01551,41.5248],[-112.01551,41.52485]]}},{"type":"Feature","properties":{"highway":"primary"},"geometry":{"type":"LineString","coordinates":[[-112.01547,41.52827],[-112.01566,41.52828],[-112.0158,41.52828],[-112.01591,41.52829],[-112.01599,41.5283],[-112.01605,41.52831],[-112.01611,41.52833],[-112.01616,41.52835],[-112.01621,41.52838],[-112.0163,41.52844],[-112.01638,41.52851]]}},{"type":"Feature","properties":{"highway":"primary"},"geometry":{"type":"LineString","coordinates":[[-112.01547,41.52665],[-112.01544,41.52675],[-112.01543,41.52715],[-112.01543,41.52807],[-112.01547,41.52827]]}},{"type":"Feature","properties":{"highway":"primary"},"geometry":{"type":"LineString","coordinates":[[-114.04184,40.73615],[-114.04167,40.73618],[-114.04143,40.73623],[-114.04099,40.73632],[-114.04066,40.7364],[-114.04,40.73654],[-114.03965,40.73662],[-114.03908,40.73675],[-114.03877,40.73682],[-114.03857,40.73686],[-114.03826,40.73693],[-114.03819,40.73694],[-114.03789,40.73701],[-114.03755,40.73708],[-114.03716,40.73717],[-114.03676,40.73725],[-114.03663,40.73728],[-114.03625,40.73736],[-114.03606,40.73741],[-114.03584,40.73746],[-114.0356,40.73752],[-114.03553,40.73753],[-114.03527,40.73758],[-114.03498,40.73763],[-114.03478,40.73766],[-114.03415,40.73775],[-114.03364,40.73781],[-114.03261,40.73784],[-114.03087,40.73778]]}},{"type":"Feature","properties":{"highway":"primary"},"geometry":{"type":"LineString","coordinates":[[-114.04348,40.73585],[-114.04354,40.73584],[-114.04366,40.73583],[-114.04413,40.73577],[-114.04481,40.73571],[-114.04533,40.7357],[-114.04547,40.7357],[-114.04586,40.7357],[-114.04649,40.73571],[-114.04702,40.73574],[-114.04776,40.73582],[-114.04856,40.73594],[-114.04889,40.73599],[-114.04905,40.73602],[-114.04977,40.73614],[-114.05017,40.73622],[-114.05117,40.73639],[-114.0517,40.73648],[-114.05239,40.73661],[-114.05389,40.73686],[-114.05477,40.73701]]}},{"type":"Feature","properties":{"highway":"primary"},"geometry":{"type":"LineString","coordinates":[[-112.03745,41.33974],[-112.03743,41.33983],[-112.03731,41.34019],[-112.03719,41.34054]]}},{"type":"Feature","properties":{"highway":"primary"},"geometry":{"type":"LineString","coordinates":[[-112.02604,41.1674],[-112.02604,41.16751],[-112.02604,41.16762],[-112.02604,41.16775]]}},{"type":"Feature","properties":{"highway":"primary"},"geometry":{"type":"LineString","coordinates":[[-112.55045,40.67649],[-112.55044,40.67633],[-112.55041,40.67617],[-112.55038,40.67601],[-112.55034,40.67584],[-112.5503,40.6757],[-112.55025,40.67554],[-112.55018,40.67537],[-112.55016,40.67532],[-112.5501,40.67518],[-112.55002,40.67501],[-112.54993,40.67486],[-112.54984,40.67471],[-112.54973,40.67454],[-112.54963,40.67438],[-112.54953,40.67424],[-112.54756,40.67163],[-112.54376,40.66659],[-112.54202,40.66428],[-112.53653,40.65698],[-112.53449,40.65427],[-112.53173,40.6506],[-112.52825,40.64597],[-112.52809,40.64576],[-112.5248,40.64141],[-112.52419,40.64069],[-112.5241,40.64059],[-112.52391,40.6404],[-112.52374,40.64022],[-112.52354,40.64002],[-112.52297,40.63949],[-112.52276,40.6393],[-112.52259,40.63913],[-112.52221,40.6388],[-112.52153,40.63816],[-112.52091,40.63759],[-112.52032,40.63706],[-112.51972,40.63651],[-112.51895,40.6358],[-112.51855,40.63544],[-112.51796,40.6349],[-112.51723,40.63422],[-112.51681,40.63383],[-112.51663,40.63367],[-112.51591,40.63301],[-112.51531,40.63247],[-112.51473,40.63193],[-112.51415,40.63139],[-112.51372,40.631],[-112.51343,40.63072],[-112.51312,40.63043],[-112.51303,40.63034],[-112.51289,40.6302],[-112.51255,40.62987],[-112.51205,40.62937],[-112.5117,40.62905]]}},{"type":"Feature","properties":{"highway":"primary"},"geometry":{"type":"LineString","coordinates":[[-112.03371,41.34721],[-112.03381,41.34745],[-112.03398,41.34783]]}},{"type":"Feature","properties":{"highway":"primary"},"geometry":{"type":"LineString","coordinates":[[-112.03594,41.35387],[-112.036,41.35329],[-112.03608,41.3527],[-112.03616,41.35223],[-112.03625,41.35175],[-112.03632,41.35133],[-112.03634,41.35123],[-112.03648,41.3504],[-112.03653,41.35],[-112.03656,41.3493],[-112.03645,41.34836],[-112.03633,41.34781],[-112.03605,41.34701],[-112.03574,41.34642],[-112.03453,41.34452],[-112.0344,41.34433],[-112.03356,41.34306],[-112.03337,41.34278],[-112.03303,41.34229],[-112.03281,41.34201],[-112.03265,41.34182],[-112.03249,41.34165],[-112.03167,41.34076],[-112.03083,41.33987],[-112.03059,41.3396],[-112.03016,41.33907],[-112.02975,41.33859]]}},{"type":"Feature","properties":{"highway":"primary"},"geometry":{"type":"LineString","coordinates":[[-112.03178,41.34262],[-112.03193,41.34299],[-112.03197,41.3431],[-112.03255,41.34462],[-112.03259,41.34472],[-112.03261,41.34478],[-112.03286,41.34538],[-112.03311,41.346],[-112.03337,41.34659],[-112.03355,41.34699],[-112.03371,41.34721]]}},{"type":"Feature","properties":{"highway":"motorway"},"geometry":{"type":"LineString","coordinates":[[-112.17844,41.697],[-112.17813,41.69695],[-112.17797,41.69692],[-112.17773,41.69687],[-112.17749,41.69682],[-112.17729,41.69676],[-112.17714,41.69672],[-112.17696,41.69667],[-112.17664,41.69656],[-112.17625,41.6964],[-112.17599,41.6963],[-112.17511,41.69589]]}},{"type":"Feature","properties":{"highway":"primary"},"geometry":{"type":"LineString","coordinates":[[-113.06057,41.96551],[-113.05791,41.96531],[-113.05719,41.96528],[-113.05648,41.96528],[-113.05501,41.96529],[-113.04704,41.96537],[-113.04307,41.96541],[-113.04108,41.96542],[-113.0392,41.96544],[-113.03545,41.96548],[-113.03147,41.96551],[-113.02865,41.96554],[-113.02639,41.96555],[-113.01944,41.96563],[-113.01452,41.96566],[-113.01176,41.96569],[-113.00889,41.96571],[-113.006,41.96574],[-113.0034,41.96576],[-113.00083,41.96579],[-112.99997,41.96579],[-112.9981,41.96581],[-112.99298,41.96586],[-112.98972,41.96589],[-112.98499,41.96593],[-112.98046,41.96597],[-112.97042,41.96606],[-112.9604,41.96614],[-112.96028,41.96614],[-112.96002,41.96614],[-112.95312,41.9662],[-112.9499,41.96623],[-112.94467,41.96628],[-112.94441,41.96628],[-112.92178,41.96646],[-112.90222,41.96663],[-112.8959,41.96667],[-112.89249,41.9667],[-112.89229,41.9667],[-112.88262,41.9668],[-112.87581,41.96697],[-112.87358,41.96699],[-112.87254,41.967],[-112.86932,41.96702],[-112.86608,41.96705],[-112.86284,41.96707],[-112.86269,41.96707],[-112.85472,41.96713],[-112.85302,41.96715],[-112.85056,41.96716],[-112.847,41.96719],[-112.84335,41.96723],[-112.83826,41.96726],[-112.83511,41.96729],[-112.83196,41.96731],[-112.8221,41.96739],[-112.81717,41.96742],[-112.81471,41.96744],[-112.81225,41.96746],[-112.81007,41.96747],[-112.80868,41.96745],[-112.80728,41.96741],[-112.80585,41.96736],[-112.80445,41.96731],[-112.8012,41.9672],[-112.79783,41.96709],[-112.79443,41.96698],[-112.78957,41.96682],[-112.78469,41.96666],[-112.78396,41.96664],[-112.77706,41.96641],[-112.77325,41.96629],[-112.77135,41.96622],[-112.77034,41.96619],[-112.76946,41.96614],[-112.76909,41.96609],[-112.76873,41.96604],[-112.76838,41.96595],[-112.76791,41.96583],[-112.76745,41.96566],[-112.76717,41.96554],[-112.76689,41.96541],[-112.76656,41.96523],[-112.76624,41.96506],[-112.76562,41.96468],[-112.76514,41.9644],[-112.76493,41.96428],[-112.76456,41.9641],[-112.76419,41.96395],[-112.76384,41.96383],[-112.76352,41.96373],[-112.76309,41.96363],[-112.76275,41.96357],[-112.76242,41.96352],[-112.76206,41.96349],[-112.76161,41.96346],[-112.76125,41.96346],[-112.76091,41.96348],[-112.76014,41.96356]]}},{"type":"Feature","properties":{"highway":"motorway"},"geometry":{"type":"LineString","coordinates":[[-112.01877,40.77095],[-112.0175,40.77094]]}},{"type":"Feature","properties":{"highway":"motorway"},"geometry":{"type":"LineString","coordinates":[[-112.02672,40.77119],[-112.02915,40.77117],[-112.03098,40.77117],[-112.03469,40.77116]]}},{"type":"Feature","properties":{"highway":"motorway"},"geometry":{"type":"LineString","coordinates":[[-112.01496,41.23957],[-112.0145,41.23748]]}},{"type":"Feature","properties":{"highway":"motorway"},"geometry":{"type":"LineString","coordinates":[[-112.0144,41.23815],[-112.01534,41.24229]]}},{"type":"Feature","properties":{"highway":"motorway"},"geometry":{"type":"LineString","coordinates":[[-112.03793,41.3418],[-112.03772,41.34153],[-112.03757,41.34135],[-112.03725,41.34098],[-112.03688,41.34054],[-112.03639,41.33996],[-112.03615,41.33968],[-112.03592,41.33939],[-112.03563,41.33899],[-112.03548,41.33874],[-112.03513,41.3381],[-112.03447,41.33661],[-112.03404,41.33564],[-112.03237,41.33188],[-112.03144,41.32978],[-112.03033,41.32725],[-112.02736,41.32056],[-112.02681,41.31924],[-112.02642,41.31796],[-112.02631,41.31737],[-112.02616,41.3163],[-112.02613,41.31535],[-112.02611,41.31146],[-112.02613,41.3079],[-112.02608,41.30693]]}},{"type":"Feature","properties":{"highway":"motorway_link"},"geometry":{"type":"LineString","coordinates":[[-112.01498,41.24225],[-112.015,41.24274]]}},{"type":"Feature","properties":{"highway":"motorway_link"},"geometry":{"type":"LineString","coordinates":[[-112.0144,41.23815],[-112.01436,41.2384],[-112.01451,41.23908],[-112.01455,41.2393],[-112.01457,41.23943],[-112.01462,41.23978],[-112.01487,41.24139],[-112.01493,41.24182],[-112.01498,41.24225]]}},{"type":"Feature","properties":{"highway":"trunk"},"geometry":{"type":"LineString","coordinates":[[-112.29931,40.51987],[-112.29911,40.52021],[-112.299,40.52044]]}},{"type":"Feature","properties":{"highway":"trunk"},"geometry":{"type":"LineString","coordinates":[[-112.29871,40.52311],[-112.29871,40.5232],[-112.29867,40.52485]]}},{"type":"Feature","properties":{"highway":"motorway"},"geometry":{"type":"LineString","coordinates":[[-112.17331,41.79332],[-112.17402,41.79581],[-112.17464,41.79794],[-112.17516,41.79969],[-112.17556,41.80106],[-112.17578,41.80178],[-112.17648,41.80415],[-112.17724,41.8066],[-112.17796,41.80923],[-112.17828,41.81035],[-112.17858,41.81182],[-112.17889,41.81351],[-112.17913,41.81503],[-112.17928,41.81619],[-112.17935,41.8173],[-112.17941,41.81818],[-112.1795,41.82011],[-112.17953,41.82143],[-112.1795,41.82276],[-112.17943,41.82448],[-112.17932,41.82578],[-112.17912,41.82761],[-112.17884,41.82936],[-112.17862,41.83057],[-112.17828,41.83198],[-112.17807,41.83305],[-112.17766,41.83441],[-112.17735,41.83542],[-112.17698,41.83661],[-112.17658,41.8378],[-112.17614,41.8389],[-112.17565,41.84025],[-112.17503,41.84186],[-112.17457,41.84308],[-112.17375,41.84516],[-112.17307,41.84696],[-112.1723,41.84902],[-112.17184,41.85031],[-112.1715,41.85133],[-112.17114,41.85258],[-112.17075,41.85413],[-112.17049,41.85516],[-112.17018,41.857],[-112.16989,41.85903]]}},{"type":"Feature","properties":{"highway":"motorway"},"geometry":{"type":"LineString","coordinates":[[-112.17306,41.79076],[-112.17291,41.78973],[-112.17285,41.78928],[-112.1728,41.78878],[-112.17273,41.78808],[-112.1727,41.78728],[-112.17269,41.78657],[-112.17269,41.78579],[-112.17274,41.78478]]}},{"type":"Feature","properties":{"highway":"motorway"},"geometry":{"type":"LineString","coordinates":[[-112.05329,41.48505],[-112.05344,41.48303],[-112.05354,41.48178],[-112.05369,41.48077],[-112.05379,41.47971],[-112.05386,41.47805],[-112.05446,41.4707],[-112.05503,41.46381],[-112.0556,41.45725]]}},{"type":"Feature","properties":{"highway":"motorway"},"geometry":{"type":"LineString","coordinates":[[-112.135,41.67636],[-112.13482,41.67621],[-112.13453,41.67597],[-112.13424,41.67571],[-112.13398,41.67546],[-112.13379,41.67528],[-112.13354,41.67502],[-112.13337,41.67484],[-112.13299,41.67439],[-112.13231,41.67356],[-112.13154,41.67262],[-112.12949,41.67014],[-112.1288,41.6693],[-112.12711,41.66724],[-112.12603,41.66592],[-112.12402,41.66348],[-112.12202,41.66106],[-112.11956,41.65804],[-112.11662,41.65444]]}},{"type":"Feature","properties":{"highway":"motorway"},"geometry":{"type":"LineString","coordinates":[[-112.05313,41.49128],[-112.05349,41.49233],[-112.05421,41.49424],[-112.05619,41.49958],[-112.05749,41.50306],[-112.05778,41.50383],[-112.05822,41.50497],[-112.05863,41.50602],[-112.05908,41.50726],[-112.05951,41.50837],[-112.05989,41.50943],[-112.06039,41.51076],[-112.06101,41.51247],[-112.06163,41.51418],[-112.0625,41.51649],[-112.06342,41.51893],[-112.06378,41.52002],[-112.06399,41.52069],[-112.06415,41.52148],[-112.06458,41.52455],[-112.06522,41.52931],[-112.06603,41.53511]]}},{"type":"Feature","properties":{"highway":"motorway"},"geometry":{"type":"LineString","coordinates":[[-112.13643,41.67771],[-112.13696,41.67803],[-112.13717,41.67815],[-112.13739,41.67826],[-112.13769,41.67842],[-112.13902,41.67906],[-112.13983,41.67945],[-112.14061,41.67982],[-112.14379,41.68134],[-112.14538,41.6821],[-112.14734,41.68304],[-112.16084,41.68948]]}},{"type":"Feature","properties":{"highway":"motorway"},"geometry":{"type":"LineString","coordinates":[[-112.03469,40.77116],[-112.03502,40.77116],[-112.03878,40.77115]]}},{"type":"Feature","properties":{"highway":"motorway"},"geometry":{"type":"LineString","coordinates":[[-112.03448,40.77092],[-112.02927,40.77093],[-112.02021,40.77095]]}},{"type":"Feature","properties":{"highway":"motorway"},"geometry":{"type":"LineString","coordinates":[[-112.22908,41.72091],[-112.23003,41.72132],[-112.23181,41.72208],[-112.2344,41.7232],[-112.23522,41.72359],[-112.23607,41.72398],[-112.23636,41.72413],[-112.23713,41.7245],[-112.23783,41.72486],[-112.23848,41.72522],[-112.23898,41.7255],[-112.23939,41.72574],[-112.23985,41.72602],[-112.24063,41.72653],[-112.24218,41.7275],[-112.24323,41.7282],[-112.24497,41.72928],[-112.2462,41.73019],[-112.24719,41.73105],[-112.24841,41.7323],[-112.24929,41.73332],[-112.25042,41.73458],[-112.25267,41.7371],[-112.25386,41.73848],[-112.25454,41.73938],[-112.25517,41.74052],[-112.25551,41.74118],[-112.25583,41.7419],[-112.25609,41.74265],[-112.25638,41.74356],[-112.25688,41.74513],[-112.25732,41.74657],[-112.25765,41.74765],[-112.25783,41.7483],[-112.25823,41.74956],[-112.25862,41.7508],[-112.2591,41.75227],[-112.25957,41.75357],[-112.26025,41.75522],[-112.26089,41.75672],[-112.26155,41.75825],[-112.26201,41.7594],[-112.26255,41.7607],[-112.26301,41.76176],[-112.26382,41.76375],[-112.2648,41.76612],[-112.26589,41.76866],[-112.26637,41.76982],[-112.26712,41.77158],[-112.26791,41.77343],[-112.26868,41.77524],[-112.26934,41.77674],[-112.27051,41.77915],[-112.27125,41.78033],[-112.27208,41.78158],[-112.27261,41.78232],[-112.2731,41.78292],[-112.27369,41.78363],[-112.27463,41.78465],[-112.27556,41.78564],[-112.27664,41.78664],[-112.27734,41.78726],[-112.27825,41.78802],[-112.27936,41.78901],[-112.28036,41.78983],[-112.28186,41.79106],[-112.28321,41.79217],[-112.28446,41.79306],[-112.28527,41.79358],[-112.2864,41.79421],[-112.28781,41.79486],[-112.28949,41.79551],[-112.29163,41.79618],[-112.29374,41.79682],[-112.29554,41.79733],[-112.29651,41.7976],[-112.29975,41.79862],[-112.30332,41.7997],[-112.30572,41.80036],[-112.30708,41.80076],[-112.31201,41.80224],[-112.31557,41.80331],[-112.31799,41.80403],[-112.31987,41.80459],[-112.32126,41.80496],[-112.3227,41.80526],[-112.32433,41.80553],[-112.32632,41.80573],[-112.32807,41.8059],[-112.32959,41.80609],[-112.33079,41.80632],[-112.33202,41.80666],[-112.33314,41.80705],[-112.33417,41.8075],[-112.33482,41.80778],[-112.33675,41.80872],[-112.33872,41.80964],[-112.33968,41.81009],[-112.34213,41.81122],[-112.34357,41.8119],[-112.345,41.81248],[-112.34588,41.8128],[-112.34682,41.81309],[-112.34819,41.81347],[-112.34959,41.81375],[-112.35272,41.81433],[-112.35451,41.81468],[-112.35747,41.81522],[-112.3592,41.81553],[-112.36077,41.8157],[-112.36218,41.81579],[-112.36371,41.81582],[-112.36569,41.81589],[-112.36758,41.81593],[-112.37035,41.81603],[-112.37363,41.8161],[-112.37672,41.81619],[-112.37968,41.81627],[-112.38249,41.81631],[-112.38559,41.81642],[-112.38724,41.81642],[-112.38858,41.81634],[-112.38989,41.81623],[-112.39097,41.81607],[-112.39378,41.81565],[-112.39644,41.81527]]}},{"type":"Feature","properties":{"highway":"motorway"},"geometry":{"type":"LineString","coordinates":[[-112.21116,41.71295],[-112.2102,41.71255],[-112.20915,41.71209],[-112.20838,41.71176],[-112.2072,41.71125],[-112.20699,41.71116],[-112.20579,41.71065],[-112.20477,41.71019],[-112.20321,41.70946],[-112.20186,41.70881]]}},{"type":"Feature","properties":{"highway":"motorway_link"},"geometry":{"type":"LineString","coordinates":[[-112.20777,41.71075],[-112.20765,41.7106],[-112.20758,41.71048],[-112.20749,41.7104],[-112.20742,41.71035],[-112.20731,41.7103],[-112.20718,41.71026],[-112.20705,41.71023],[-112.2068,41.71018],[-112.20663,41.71017],[-112.20574,41.71007],[-112.20515,41.71002],[-112.20484,41.70997],[-112.20462,41.70993],[-112.20445,41.70988],[-112.20428,41.70982],[-112.2041,41.70975],[-112.20346,41.70947],[-112.20232,41.70897],[-112.20186,41.70881]]}},{"type":"Feature","properties":{"highway":"motorway_link"},"geometry":{"type":"LineString","coordinates":[[-112.02513,40.77477],[-112.02515,40.77469],[-112.02517,40.7746],[-112.02518,40.77451],[-112.02519,40.77442],[-112.02518,40.7724],[-112.02518,40.77237],[-112.02519,40.77233],[-112.02521,40.7723],[-112.02523,40.77227],[-112.02526,40.77224],[-112.02529,40.77222],[-112.02533,40.7722],[-112.02538,40.77218],[-112.02545,40.77216],[-112.02551,40.77215],[-112.02566,40.77215],[-112.02582,40.77215],[-112.02602,40.77214],[-112.02622,40.77213],[-112.0264,40.77211],[-112.02657,40.77208],[-112.02676,40.77205],[-112.02695,40.77201],[-112.02711,40.77197],[-112.02726,40.77193],[-112.02837,40.77157],[-112.02859,40.7715],[-112.02881,40.77145],[-112.02901,40.7714],[-112.02922,40.77137],[-112.02942,40.77134],[-112.02966,40.77131],[-112.02978,40.7713],[-112.0299,40.77129],[-112.03005,40.77128],[-112.03392,40.77122],[-112.0341,40.77121],[-112.03427,40.77121],[-112.03448,40.77119],[-112.03469,40.77116]]}},{"type":"Feature","properties":{"highway":"motorway_link"},"geometry":{"type":"LineString","coordinates":[[-112.20388,41.71085],[-112.20404,41.71102],[-112.20418,41.71115],[-112.20423,41.71119],[-112.20433,41.71126],[-112.20441,41.71131],[-112.20449,41.71135],[-112.20454,41.71137],[-112.20459,41.71139],[-112.20464,41.71141],[-112.20469,41.71142],[-112.20475,41.71143],[-112.2048,41.71144],[-112.20487,41.71145],[-112.20492,41.71146],[-112.20499,41.71147],[-112.20506,41.71147],[-112.20543,41.71149],[-112.20565,41.7115],[-112.20595,41.71152],[-112.20609,41.71153],[-112.20619,41.71154],[-112.20627,41.71154],[-112.20636,41.71155],[-112.20646,41.71157],[-112.20657,41.71159],[-112.20666,41.7116],[-112.20673,41.71162],[-112.20687,41.71165],[-112.20696,41.71167],[-112.20703,41.71169],[-112.20715,41.71173],[-112.20727,41.71177],[-112.20739,41.71181],[-112.2075,41.71185],[-112.20769,41.71193],[-112.20884,41.71239],[-112.20973,41.71274],[-112.21045,41.71304],[-112.21178,41.71357],[-112.21226,41.71377],[-112.21292,41.71399]]}},{"type":"Feature","properties":{"highway":"motorway_link"},"geometry":{"type":"LineString","coordinates":[[-112.05353,41.48564],[-112.0536,41.48563],[-112.05364,41.48562],[-112.05367,41.48562],[-112.05369,41.48561],[-112.05372,41.4856],[-112.05374,41.48559],[-112.05376,41.48558],[-112.05378,41.48557],[-112.0538,41.48556],[-112.05382,41.48555],[-112.05384,41.48554],[-112.05387,41.48553],[-112.05389,41.48551],[-112.05391,41.4855],[-112.05392,41.48548],[-112.05394,41.48547],[-112.05396,41.48545],[-112.05398,41.48542],[-112.05399,41.48541],[-112.054,41.4854],[-112.05401,41.48538],[-112.05402,41.48537],[-112.05404,41.48533],[-112.05406,41.48525],[-112.05406,41.48522],[-112.05406,41.48519],[-112.05406,41.48514],[-112.05404,41.48501],[-112.05396,41.48424],[-112.05375,41.48273]]}},{"type":"Feature","properties":{"highway":"motorway"},"geometry":{"type":"LineString","coordinates":[[-113.40411,40.72867],[-113.3885,40.72828],[-113.37582,40.72797],[-113.31272,40.72739],[-113.30388,40.72729],[-113.28665,40.72679],[-113.27501,40.72663],[-113.26918,40.72657],[-113.26627,40.72653],[-113.26523,40.72652],[-113.26352,40.72647],[-113.25977,40.72646],[-113.25785,40.72644],[-113.25385,40.72641],[-113.25143,40.72637],[-113.25055,40.72638],[-113.22584,40.72607],[-113.20113,40.72579],[-113.19453,40.72569],[-113.18792,40.72562],[-113.18767,40.72562],[-113.17214,40.72542],[-113.16422,40.72533],[-113.1563,40.72523],[-113.14955,40.72514],[-113.14277,40.7251],[-113.14073,40.7252],[-113.13866,40.72538],[-113.13742,40.72552],[-113.13616,40.72569],[-113.13441,40.726],[-113.13268,40.72635],[-113.13095,40.72677],[-113.12924,40.72724],[-113.12582,40.72821],[-113.12217,40.72919],[-113.12164,40.72933],[-113.11767,40.73043],[-113.1155,40.73103],[-113.11383,40.73148],[-113.11221,40.73193],[-113.1102,40.73249],[-113.10768,40.73318],[-113.09907,40.73555],[-113.09178,40.73755],[-113.08446,40.73948],[-113.07798,40.74134],[-113.07471,40.74225],[-113.07147,40.74313],[-113.06331,40.74538],[-113.05529,40.74757],[-113.05156,40.74862],[-113.04733,40.74971],[-113.0253,40.75581],[-113.02445,40.75605],[-113.02076,40.75705],[-113.01711,40.75809],[-113.01283,40.75922],[-113.01271,40.75925],[-113.00978,40.76005],[-113.00244,40.76208],[-113.00081,40.7625],[-112.99897,40.76302],[-112.99685,40.76361],[-112.99392,40.76441],[-112.99152,40.76517],[-112.99014,40.76567],[-112.98925,40.76602],[-112.98744,40.76676],[-112.98566,40.76762],[-112.98359,40.76873],[-112.98265,40.76927],[-112.98175,40.76984],[-112.98082,40.77046],[-112.97991,40.77111],[-112.9786,40.7721],[-112.97719,40.77321],[-112.97512,40.77482],[-112.96399,40.78357],[-112.96131,40.78565],[-112.9607,40.78612],[-112.95645,40.78949],[-112.9522,40.79282],[-112.9426,40.80038],[-112.93779,40.80416],[-112.93298,40.8079],[-112.93115,40.80916],[-112.92966,40.81006],[-112.92812,40.8109],[-112.92461,40.8126],[-112.90954,40.81905],[-112.90752,40.81992],[-112.90591,40.82061],[-112.90443,40.82123],[-112.90353,40.82158],[-112.90261,40.82187],[-112.90129,40.8222],[-112.89941,40.82255],[-112.89913,40.82258],[-112.89862,40.82263],[-112.89837,40.82265],[-112.89795,40.82269],[-112.89755,40.8227]]}},{"type":"Feature","properties":{"highway":"motorway"},"geometry":{"type":"LineString","coordinates":[[-114.00072,40.74696],[-114.0016,40.74703],[-114.0023,40.74709],[-114.00298,40.74714],[-114.00362,40.74718],[-114.00425,40.74721],[-114.00494,40.74723],[-114.0056,40.74724],[-114.00634,40.74724],[-114.00708,40.74723],[-114.00773,40.74722],[-114.00851,40.7472],[-114.0093,40.74717],[-114.01008,40.74712],[-114.01073,40.74707],[-114.01159,40.747],[-114.01234,40.74691],[-114.01332,40.7468],[-114.01414,40.74669],[-114.01535,40.74649],[-114.0166,40.74626],[-114.01738,40.74612],[-114.01797,40.74599],[-114.01871,40.74581],[-114.01956,40.7456],[-114.02033,40.7454],[-114.02098,40.74522],[-114.02154,40.74507],[-114.02234,40.74483],[-114.02292,40.74464],[-114.02367,40.74438],[-114.02437,40.74413],[-114.02507,40.74387],[-114.02567,40.74365],[-114.02628,40.74343],[-114.02791,40.74283],[-114.02883,40.74249],[-114.02941,40.74227],[-114.02997,40.74207],[-114.0304,40.74191],[-114.0309,40.74173],[-114.0314,40.74156],[-114.03249,40.74119],[-114.03337,40.74087],[-114.03561,40.74007],[-114.03637,40.73979],[-114.03701,40.73957],[-114.0376,40.73937],[-114.03812,40.73922],[-114.03878,40.73904],[-114.03963,40.73883]]}},{"type":"Feature","properties":{"highway":"motorway"},"geometry":{"type":"LineString","coordinates":[[-114.03963,40.73883],[-114.04084,40.73856],[-114.04151,40.73843],[-114.04212,40.73833],[-114.04276,40.73825]]}},{"type":"Feature","properties":{"highway":"motorway"},"geometry":{"type":"LineString","coordinates":[[-114.03775,40.73915],[-114.03707,40.73937],[-114.0358,40.73982],[-114.03454,40.74027],[-114.03291,40.74086],[-114.03201,40.74118],[-114.03134,40.74141],[-114.03019,40.7418],[-114.02902,40.74222],[-114.02737,40.74285],[-114.02403,40.74407]]}},{"type":"Feature","properties":{"highway":"motorway_link"},"geometry":{"type":"LineString","coordinates":[[-114.03963,40.73883],[-114.04054,40.7387],[-114.04091,40.73866],[-114.04133,40.73863],[-114.04216,40.73859],[-114.04291,40.73854],[-114.0431,40.73852]]}},{"type":"Feature","properties":{"highway":"motorway_link"},"geometry":{"type":"LineString","coordinates":[[-114.04287,40.73775],[-114.04153,40.73795],[-114.04133,40.73799],[-114.04103,40.73806],[-114.04067,40.73818],[-114.03964,40.73854],[-114.039,40.73874],[-114.03842,40.73891],[-114.03775,40.73915]]}},{"type":"Feature","properties":{"highway":"motorway"},"geometry":{"type":"LineString","coordinates":[[-112.653,40.74611],[-112.66004,40.74683],[-112.66516,40.74732],[-112.68617,40.74943],[-112.75562,40.75638]]}},{"type":"Feature","properties":{"highway":"motorway"},"geometry":{"type":"LineString","coordinates":[[-112.65251,40.74606],[-112.653,40.74611]]}},{"type":"Feature","properties":{"highway":"motorway"},"geometry":{"type":"LineString","coordinates":[[-112.65259,40.7456],[-112.64686,40.74509],[-112.64469,40.74492],[-112.64267,40.74479],[-112.63809,40.74437],[-112.63674,40.74424],[-112.63568,40.74401],[-112.63319,40.74328],[-112.62614,40.74083],[-112.61669,40.73796],[-112.58485,40.72868],[-112.55926,40.72125],[-112.55599,40.72023],[-112.55408,40.71957],[-112.55199,40.71872],[-112.54727,40.71669],[-112.54179,40.71437],[-112.53644,40.7121],[-112.5316,40.71002],[-112.53013,40.70941]]}},{"type":"Feature","properties":{"highway":"motorway"},"geometry":{"type":"LineString","coordinates":[[-112.65317,40.74566],[-112.65259,40.7456]]}},{"type":"Feature","properties":{"highway":"primary"},"geometry":{"type":"LineString","coordinates":[[-112.09625,41.54585],[-112.09516,41.54533]]}},{"type":"Feature","properties":{"highway":"primary"},"geometry":{"type":"LineString","coordinates":[[-112.09516,41.54533],[-112.09272,41.54428],[-112.0904,41.54318],[-112.08879,41.54246],[-112.08363,41.54021],[-112.08225,41.53961],[-112.08214,41.53956],[-112.08076,41.53897],[-112.0803,41.53878],[-112.07936,41.53843],[-112.07874,41.53823],[-112.0782,41.53808],[-112.07773,41.53796],[-112.07761,41.53792],[-112.07642,41.53764],[-112.07392,41.5371],[-112.07268,41.53685],[-112.07214,41.53675]]}},{"type":"Feature","properties":{"highway":"trunk_link"},"geometry":{"type":"LineString","coordinates":[[-112.01538,41.48652],[-112.01573,41.48663],[-112.01595,41.48663],[-112.01599,41.48665],[-112.01603,41.48666],[-112.01605,41.48667],[-112.01607,41.48668],[-112.01609,41.48669],[-112.0161,41.4867],[-112.01612,41.48671],[-112.01613,41.48673],[-112.01614,41.48674],[-112.01614,41.48676],[-112.01615,41.48677],[-112.01616,41.48679],[-112.01616,41.48683],[-112.01615,41.48691],[-112.0162,41.48708]]}},{"type":"Feature","properties":{"highway":"trunk_link"},"geometry":{"type":"LineString","coordinates":[[-112.01718,41.48653],[-112.01682,41.48641],[-112.01676,41.48641],[-112.01673,41.4864],[-112.01671,41.48639],[-112.01669,41.48638],[-112.01667,41.48637],[-112.01665,41.48635],[-112.01664,41.48634],[-112.01662,41.48632],[-112.01661,41.48631],[-112.0166,41.48629],[-112.01659,41.48628],[-112.01662,41.48613],[-112.01662,41.4859]]}},{"type":"Feature","properties":{"highway":"trunk_link"},"geometry":{"type":"LineString","coordinates":[[-112.0165,41.48585],[-112.01635,41.48606],[-112.01628,41.48622],[-112.01626,41.48627],[-112.01625,41.48628],[-112.01625,41.48629],[-112.01624,41.4863],[-112.01623,41.48631],[-112.01622,41.48632],[-112.01621,41.48633],[-112.01619,41.48634],[-112.01618,41.48635],[-112.01616,41.48636],[-112.01615,41.48637],[-112.01614,41.48637],[-112.01612,41.48638],[-112.01611,41.48638],[-112.01608,41.48639],[-112.01603,41.4864],[-112.01575,41.48641],[-112.01538,41.48652]]}},{"type":"Feature","properties":{"highway":"primary"},"geometry":{"type":"LineString","coordinates":[[-112.01806,40.53876],[-112.01818,40.53869],[-112.01887,40.53828],[-112.01936,40.53798]]}},{"type":"Feature","properties":{"highway":"primary"},"geometry":{"type":"LineString","coordinates":[[-112.00646,40.54535],[-112.00652,40.54526],[-112.00656,40.5452],[-112.0066,40.54515],[-112.00663,40.54512],[-112.00666,40.54509],[-112.0067,40.54506],[-112.00679,40.54501],[-112.0069,40.54494],[-112.00739,40.54467],[-112.00788,40.54439],[-112.00882,40.54386],[-112.00939,40.54353],[-112.00942,40.54352],[-112.00955,40.54345]]}},{"type":"Feature","properties":{"highway":"primary"},"geometry":{"type":"LineString","coordinates":[[-112.14227,41.71232],[-112.14174,41.71233]]}},{"type":"Feature","properties":{"highway":"motorway_link"},"geometry":{"type":"LineString","coordinates":[[-112.19109,41.72571],[-112.19111,41.72599],[-112.19115,41.72622],[-112.19118,41.72634],[-112.19123,41.72648],[-112.19131,41.72667],[-112.19142,41.72685],[-112.19159,41.72715],[-112.19184,41.72754],[-112.19201,41.72786],[-112.19213,41.72808],[-112.19221,41.7283],[-112.19228,41.72855],[-112.19232,41.72876],[-112.19235,41.72908],[-112.19237,41.72953],[-112.19238,41.73025],[-112.19239,41.73112],[-112.19236,41.73143],[-112.19235,41.73173],[-112.19233,41.73232]]}},{"type":"Feature","properties":{"highway":"primary"},"geometry":{"type":"LineString","coordinates":[[-112.14227,41.71232],[-112.14225,41.71187]]}},{"type":"Feature","properties":{"highway":"primary"},"geometry":{"type":"LineString","coordinates":[[-112.14125,41.68175],[-112.14123,41.68053]]}},{"type":"Feature","properties":{"highway":"primary"},"geometry":{"type":"LineString","coordinates":[[-112.06219,41.53476],[-112.06063,41.53444]]}},{"type":"Feature","properties":{"highway":"primary"},"geometry":{"type":"LineString","coordinates":[[-112.0681,41.53588],[-112.06531,41.5353],[-112.06474,41.53521]]}},{"type":"Feature","properties":{"highway":"primary"},"geometry":{"type":"LineString","coordinates":[[-112.181,41.71131],[-112.18085,41.71132],[-112.18024,41.71133],[-112.17971,41.71135],[-112.17874,41.71138],[-112.17787,41.7114],[-112.17765,41.71141],[-112.17724,41.71142],[-112.17609,41.71145],[-112.17526,41.71148],[-112.17438,41.71151],[-112.17387,41.71153],[-112.17302,41.71156],[-112.17197,41.7116],[-112.17138,41.71162],[-112.17051,41.71164],[-112.17019,41.71165],[-112.16978,41.71166],[-112.1696,41.71167],[-112.16896,41.71169],[-112.16884,41.7117],[-112.16848,41.71171],[-112.16808,41.71172],[-112.16765,41.71173],[-112.16751,41.71173],[-112.16739,41.71174],[-112.16678,41.71176],[-112.1662,41.71178],[-112.16607,41.71178]]}},{"type":"Feature","properties":{"highway":"primary"},"geometry":{"type":"LineString","coordinates":[[-112.19084,41.71115],[-112.19006,41.71117],[-112.18866,41.7112],[-112.18818,41.71121],[-112.18779,41.71122],[-112.18772,41.71122],[-112.18568,41.71127],[-112.18382,41.71131],[-112.18226,41.7113],[-112.18116,41.71131],[-112.181,41.71131]]}},{"type":"Feature","properties":{"highway":"motorway_link"},"geometry":{"type":"LineString","coordinates":[[-112.06892,41.53641],[-112.06897,41.53632],[-112.06901,41.53628],[-112.06906,41.53625],[-112.06916,41.53621],[-112.06937,41.53618]]}},{"type":"Feature","properties":{"highway":"motorway_link"},"geometry":{"type":"LineString","coordinates":[[-112.19422,41.72564],[-112.19421,41.72543],[-112.19421,41.72537],[-112.19419,41.72521],[-112.19411,41.72495],[-112.19405,41.72479],[-112.194,41.72465],[-112.19388,41.72447],[-112.19356,41.7239],[-112.19322,41.72331],[-112.19315,41.72314],[-112.19309,41.72298],[-112.19305,41.72281],[-112.193,41.72256],[-112.19295,41.72227],[-112.19296,41.72203],[-112.19282,41.72035]]}},{"type":"Feature","properties":{"highway":"motorway_link"},"geometry":{"type":"LineString","coordinates":[[-112.02095,41.17085],[-112.021,41.1709],[-112.02108,41.17101],[-112.02114,41.17114],[-112.02117,41.17125],[-112.02119,41.17137],[-112.02115,41.1716],[-112.02105,41.1721],[-112.02099,41.17238],[-112.0209,41.17254],[-112.0208,41.17262],[-112.02066,41.1727],[-112.02046,41.17274],[-112.02025,41.17275],[-112.02008,41.17269],[-112.01996,41.17261],[-112.01986,41.1725],[-112.01981,41.17241],[-112.01979,41.1722],[-112.01992,41.17099]]}},{"type":"Feature","properties":{"highway":"primary"},"geometry":{"type":"LineString","coordinates":[[-112.02005,40.53757],[-112.02027,40.53744],[-112.02042,40.53736],[-112.02057,40.53729],[-112.02069,40.53724],[-112.02083,40.53719],[-112.02098,40.53714],[-112.02111,40.5371],[-112.02131,40.53706],[-112.02142,40.53704],[-112.02156,40.53702],[-112.02169,40.53701],[-112.02184,40.537],[-112.02198,40.537],[-112.02249,40.537],[-112.02257,40.537],[-112.02274,40.53694]]}},{"type":"Feature","properties":{"highway":"primary"},"geometry":{"type":"LineString","coordinates":[[-112.02409,40.55422],[-112.02403,40.55425],[-112.02399,40.55427],[-112.0239,40.55432]]}},{"type":"Feature","properties":{"highway":"primary"},"geometry":{"type":"LineString","coordinates":[[-112.00526,40.5619],[-112.00521,40.56189],[-112.00515,40.56189],[-112.00509,40.56189],[-112.00504,40.5619],[-112.00495,40.56193],[-112.00488,40.56197],[-112.00482,40.56202]]}},{"type":"Feature","properties":{"highway":"motorway"},"geometry":{"type":"LineString","coordinates":[[-112.89181,42.05708],[-112.89165,42.05692],[-112.88809,42.05336],[-112.88531,42.05063],[-112.88283,42.04821],[-112.88034,42.04574],[-112.87498,42.04041],[-112.86922,42.03477],[-112.86568,42.03123],[-112.86091,42.02651],[-112.85774,42.02342],[-112.85351,42.01924],[-112.85185,42.01757],[-112.85016,42.01594],[-112.84623,42.01204],[-112.84284,42.00866],[-112.83757,42.00343],[-112.83343,41.99935],[-112.83343,41.99934]]}},{"type":"Feature","properties":{"highway":"motorway"},"geometry":{"type":"LineString","coordinates":[[-112.02021,40.77095],[-112.01877,40.77095]]}},{"type":"Feature","properties":{"highway":"trunk"},"geometry":{"type":"LineString","coordinates":[[-112.0038,40.50803],[-112.00376,40.50888],[-112.00375,40.50919],[-112.00371,40.50976],[-112.00369,40.51013],[-112.00368,40.51076],[-112.00369,40.51105],[-112.00372,40.51137],[-112.00373,40.51149]]}},{"type":"Feature","properties":{"highway":"trunk"},"geometry":{"type":"LineString","coordinates":[[-111.99944,40.48924],[-111.99986,40.48964],[-112.00075,40.49048],[-112.00117,40.49094],[-112.00147,40.49131],[-112.00176,40.49169],[-112.00216,40.49227],[-112.00241,40.49268],[-112.00264,40.49308],[-112.00295,40.49373],[-112.00314,40.49422],[-112.00331,40.49466],[-112.00342,40.495],[-112.00354,40.49545],[-112.00363,40.49588],[-112.00375,40.49656],[-112.0038,40.49741],[-112.00381,40.49838],[-112.00381,40.49853]]}},{"type":"Feature","properties":{"highway":"trunk"},"geometry":{"type":"LineString","coordinates":[[-112.00038,40.48858],[-112.00032,40.48853],[-112.00027,40.4885],[-111.99966,40.48802],[-111.99928,40.48775],[-111.99889,40.48749],[-111.9983,40.48712],[-111.99798,40.48692],[-111.99741,40.48659],[-111.99616,40.48584],[-111.99546,40.48541]]}},{"type":"Feature","properties":{"highway":"trunk"},"geometry":{"type":"LineString","coordinates":[[-112.00518,40.50781],[-112.00518,40.50771],[-112.00518,40.50711],[-112.00515,40.50635],[-112.00514,40.5053],[-112.00515,40.50451],[-112.00514,40.50428],[-112.00512,40.50323],[-112.0051,40.50152],[-112.0051,40.50131]]}},{"type":"Feature","properties":{"highway":"trunk"},"geometry":{"type":"LineString","coordinates":[[-112.00507,40.51147],[-112.00504,40.51034],[-112.00508,40.50998],[-112.00514,40.50944],[-112.00516,40.50907]]}},{"type":"Feature","properties":{"highway":"trunk"},"geometry":{"type":"LineString","coordinates":[[-112.00605,40.52261],[-112.00601,40.52244]]}},{"type":"Feature","properties":{"highway":"trunk"},"geometry":{"type":"LineString","coordinates":[[-112.00447,40.51428],[-112.00458,40.51459],[-112.00468,40.51486],[-112.00477,40.51517],[-112.00484,40.5155],[-112.00489,40.51587],[-112.00491,40.51612],[-112.0049,40.51778],[-112.0049,40.51827],[-112.00489,40.5192],[-112.00487,40.51955],[-112.00483,40.51994],[-112.0048,40.52025],[-112.00475,40.52079],[-112.00473,40.52115],[-112.00473,40.52137],[-112.00473,40.52169],[-112.00473,40.52198],[-112.00475,40.5223],[-112.00475,40.52232],[-112.00475,40.52242]]}},{"type":"Feature","properties":{"highway":"trunk"},"geometry":{"type":"LineString","coordinates":[[-112.00965,40.53197],[-112.00984,40.53217],[-112.01016,40.53251],[-112.01056,40.53291],[-112.01124,40.5336],[-112.01186,40.53422],[-112.01242,40.53478],[-112.01337,40.53577],[-112.01341,40.5358],[-112.0135,40.5359]]}},{"type":"Feature","properties":{"highway":"trunk"},"geometry":{"type":"LineString","coordinates":[[-112.02889,40.55184],[-112.02898,40.55197],[-112.02929,40.55244],[-112.02957,40.55291],[-112.02985,40.55346],[-112.0303,40.55451],[-112.03054,40.55514],[-112.03076,40.55588],[-112.0309,40.55655],[-112.03098,40.55719],[-112.03101,40.55767],[-112.03107,40.55941],[-112.03111,40.55993]]}},{"type":"Feature","properties":{"highway":"trunk"},"geometry":{"type":"LineString","coordinates":[[-112.01093,40.53157],[-112.01042,40.53106],[-112.00981,40.53042],[-112.00953,40.53009],[-112.00928,40.52981],[-112.00879,40.52917],[-112.00836,40.52856],[-112.00813,40.52818],[-112.00786,40.52775],[-112.00756,40.52717],[-112.00734,40.52674],[-112.00709,40.52618],[-112.00688,40.52562],[-112.00671,40.52514],[-112.00655,40.52459],[-112.00624,40.52336],[-112.00607,40.52271],[-112.00605,40.52261]]}},{"type":"Feature","properties":{"highway":"trunk"},"geometry":{"type":"LineString","coordinates":[[-112.00938,40.53166],[-112.00965,40.53197]]}},{"type":"Feature","properties":{"highway":"trunk"},"geometry":{"type":"LineString","coordinates":[[-112.02994,40.55109],[-112.02972,40.55075],[-112.02964,40.55064],[-112.02942,40.55034],[-112.02909,40.54993],[-112.02893,40.54975],[-112.02849,40.54927],[-112.0279,40.54874],[-112.02753,40.54843],[-112.02723,40.54816],[-112.02634,40.54731],[-112.02482,40.54581],[-112.02385,40.54482],[-112.02376,40.54473],[-112.02366,40.54463],[-112.0236,40.54456],[-112.02298,40.54393],[-112.02247,40.54335],[-112.0217,40.54249],[-112.02159,40.54234],[-112.02084,40.5415],[-112.02002,40.54068],[-112.01911,40.53976],[-112.01816,40.53885],[-112.01814,40.53883],[-112.01806,40.53876]]}},{"type":"Feature","properties":{"highway":"trunk"},"geometry":{"type":"LineString","coordinates":[[-112.01125,40.5319],[-112.01093,40.53157]]}},{"type":"Feature","properties":{"highway":"trunk"},"geometry":{"type":"LineString","coordinates":[[-112.00476,40.52259],[-112.00481,40.52314],[-112.00489,40.52352],[-112.005,40.52392],[-112.00531,40.52491],[-112.00551,40.52555],[-112.00578,40.52626],[-112.00601,40.52677],[-112.00626,40.52731],[-112.00651,40.52778],[-112.00698,40.52859],[-112.00719,40.52892],[-112.00744,40.5293],[-112.00794,40.52998],[-112.0083,40.53042],[-112.00855,40.53072],[-112.00938,40.53166]]}},{"type":"Feature","properties":{"highway":"trunk"},"geometry":{"type":"LineString","coordinates":[[-112.01806,40.53876],[-112.01789,40.53859],[-112.0178,40.5385],[-112.0175,40.5382],[-112.01656,40.53724],[-112.01526,40.53594],[-112.01476,40.53544],[-112.01473,40.53541],[-112.0146,40.53528]]}},{"type":"Feature","properties":{"highway":"primary"},"geometry":{"type":"LineString","coordinates":[[-112.04241,40.53692],[-112.04338,40.53693]]}},{"type":"Feature","properties":{"highway":"motorway"},"geometry":{"type":"LineString","coordinates":[[-114.04335,40.73818],[-114.0437,40.73814]]}},{"type":"Feature","properties":{"highway":"motorway"},"geometry":{"type":"LineString","coordinates":[[-114.04331,40.738],[-114.04274,40.73808]]}},{"type":"Feature","properties":{"highway":"motorway"},"geometry":{"type":"LineString","coordinates":[[-114.0437,40.73814],[-114.0441,40.73811],[-114.04449,40.73807],[-114.04494,40.73803],[-114.04543,40.738],[-114.04602,40.73798],[-114.04681,40.73797],[-114.04775,40.73798],[-114.04793,40.73799],[-114.04865,40.73802],[-114.04947,40.73807],[-114.04951,40.73807],[-114.04968,40.73808],[-114.0501,40.73812],[-114.05082,40.7382],[-114.05166,40.73831],[-114.05204,40.73836],[-114.05324,40.73856]]}},{"type":"Feature","properties":{"highway":"motorway"},"geometry":{"type":"LineString","coordinates":[[-112.199,42.00125],[-112.19896,42.00116],[-112.19867,42.0003],[-112.19814,41.99893],[-112.19754,41.99758],[-112.19685,41.99616],[-112.1965,41.99533],[-112.19612,41.9943],[-112.19577,41.99319],[-112.1954,41.99189],[-112.19513,41.9906],[-112.19487,41.98914],[-112.19471,41.98781],[-112.1945,41.98671],[-112.19423,41.98562],[-112.19391,41.98439],[-112.19344,41.98304],[-112.1931,41.98218],[-112.19273,41.98133],[-112.19247,41.98082],[-112.19215,41.98021],[-112.19185,41.97964],[-112.19114,41.97843],[-112.19039,41.97728],[-112.19019,41.97698]]}},{"type":"Feature","properties":{"highway":"primary_link"},"geometry":{"type":"LineString","coordinates":[[-112.14225,41.71187],[-112.14218,41.71211],[-112.14215,41.71217],[-112.14211,41.71222],[-112.14205,41.71225],[-112.14199,41.71228],[-112.14174,41.71233]]}},{"type":"Feature","properties":{"highway":"primary_link"},"geometry":{"type":"LineString","coordinates":[[-112.14174,41.71233],[-112.14193,41.71235],[-112.14202,41.71237],[-112.14212,41.71243],[-112.14219,41.71252],[-112.14228,41.71267]]}},{"type":"Feature","properties":{"highway":"primary_link"},"geometry":{"type":"LineString","coordinates":[[-112.14228,41.71267],[-112.14235,41.71249],[-112.14237,41.71245],[-112.14242,41.71241],[-112.14248,41.71238],[-112.14253,41.71236],[-112.14273,41.7123]]}},{"type":"Feature","properties":{"highway":"primary"},"geometry":{"type":"LineString","coordinates":[[-112.1611,41.71191],[-112.16078,41.71192]]}},{"type":"Feature","properties":{"highway":"primary_link"},"geometry":{"type":"LineString","coordinates":[[-112.14273,41.7123],[-112.1425,41.71224],[-112.14245,41.71221],[-112.14241,41.71219],[-112.14236,41.71213],[-112.14232,41.71205],[-112.14225,41.71187]]}},{"type":"Feature","properties":{"highway":"primary"},"geometry":{"type":"LineString","coordinates":[[-112.15378,41.71207],[-112.15201,41.71211],[-112.1493,41.71216],[-112.14768,41.7122],[-112.14644,41.71223],[-112.1447,41.71226],[-112.1429,41.71229]]}},{"type":"Feature","properties":{"highway":"primary"},"geometry":{"type":"LineString","coordinates":[[-112.11725,41.71324],[-112.11852,41.71305],[-112.11963,41.71289],[-112.12014,41.71282],[-112.12066,41.71276],[-112.12115,41.71272],[-112.12158,41.71269],[-112.1221,41.71267],[-112.12266,41.71265],[-112.12358,41.71263],[-112.12599,41.71259]]}},{"type":"Feature","properties":{"highway":"primary"},"geometry":{"type":"LineString","coordinates":[[-112.1165,41.71336],[-112.11725,41.71324]]}},{"type":"Feature","properties":{"highway":"trunk"},"geometry":{"type":"LineString","coordinates":[[-112.29639,40.56198],[-112.29629,40.56262]]}},{"type":"Feature","properties":{"highway":"trunk"},"geometry":{"type":"LineString","coordinates":[[-112.29629,40.56262],[-112.2962,40.5634],[-112.29613,40.56429]]}},{"type":"Feature","properties":{"highway":"motorway_link"},"geometry":{"type":"LineString","coordinates":[[-112.01031,41.17397],[-112.0103,41.17394],[-112.01028,41.1739],[-112.01026,41.17385],[-112.01023,41.17381],[-112.01019,41.17376],[-112.01015,41.17372],[-112.01011,41.17368],[-112.01006,41.17364],[-112.01001,41.1736],[-112.00994,41.17356],[-112.00989,41.17354],[-112.00982,41.17351],[-112.00952,41.17339],[-112.00922,41.17327],[-112.00911,41.17322],[-112.00903,41.17318],[-112.00896,41.17315],[-112.00888,41.17311],[-112.00882,41.17307],[-112.00874,41.17303],[-112.00867,41.17298],[-112.0086,41.17294],[-112.00853,41.17289],[-112.00847,41.17284],[-112.0084,41.17277],[-112.00825,41.17263],[-112.0078,41.17218],[-112.00754,41.17192],[-112.00714,41.17152],[-112.0069,41.17128],[-112.00654,41.17093],[-112.00626,41.17071]]}},{"type":"Feature","properties":{"highway":"motorway_link"},"geometry":{"type":"LineString","coordinates":[[-112.01043,41.17658],[-112.01054,41.17669],[-112.01072,41.17702],[-112.01086,41.17742],[-112.01098,41.17791],[-112.01105,41.17854],[-112.01106,41.17956],[-112.01111,41.17985]]}},{"type":"Feature","properties":{"highway":"motorway"},"geometry":{"type":"LineString","coordinates":[[-112.7814,40.76298],[-112.78484,40.7649],[-112.79096,40.76818],[-112.8152,40.7815],[-112.82739,40.78816],[-112.83066,40.78994],[-112.85266,40.80196],[-112.86955,40.81117],[-112.87558,40.81454],[-112.88009,40.81695],[-112.88763,40.82104],[-112.88888,40.82163],[-112.89059,40.82223],[-112.89194,40.82258],[-112.89308,40.82281],[-112.89454,40.82295],[-112.89575,40.82307]]}},{"type":"Feature","properties":{"highway":"motorway"},"geometry":{"type":"LineString","coordinates":[[-112.75594,40.75593],[-112.68622,40.74896],[-112.66521,40.74686],[-112.65881,40.74622],[-112.65317,40.74566]]}},{"type":"Feature","properties":{"highway":"motorway"},"geometry":{"type":"LineString","coordinates":[[-112.78162,40.76276],[-112.78131,40.76258]]}},{"type":"Feature","properties":{"highway":"motorway"},"geometry":{"type":"LineString","coordinates":[[-112.78107,40.7628],[-112.7814,40.76298]]}},{"type":"Feature","properties":{"highway":"primary"},"geometry":{"type":"LineString","coordinates":[[-112.52696,40.71106],[-112.52718,40.71096],[-112.5272,40.71095],[-112.52723,40.71094],[-112.52759,40.71078],[-112.52803,40.7106],[-112.52823,40.71051],[-112.52839,40.71044],[-112.52855,40.71037],[-112.52869,40.71028],[-112.52883,40.7102],[-112.52896,40.7101],[-112.5291,40.70998],[-112.52922,40.70986],[-112.52984,40.70916],[-112.5299,40.70908],[-112.52997,40.70899],[-112.53003,40.70888],[-112.53009,40.70877],[-112.53013,40.70867],[-112.53017,40.70855],[-112.5302,40.70842],[-112.53021,40.70829],[-112.53022,40.70816],[-112.53005,40.70482],[-112.52977,40.69924],[-112.52977,40.69908],[-112.52977,40.69891],[-112.52977,40.69874],[-112.52979,40.69857],[-112.5298,40.69841],[-112.52983,40.69826],[-112.52986,40.69808],[-112.5299,40.69791],[-112.52996,40.69772],[-112.53002,40.69754],[-112.53011,40.69731],[-112.53021,40.69713],[-112.53031,40.69692],[-112.53042,40.69674],[-112.53052,40.69658],[-112.53067,40.69637],[-112.53082,40.69618],[-112.53098,40.696],[-112.53114,40.69583],[-112.53132,40.69566],[-112.5315,40.6955],[-112.53173,40.69529],[-112.53931,40.68866],[-112.54375,40.68477],[-112.5471,40.68184],[-112.5485,40.68062],[-112.54866,40.68048],[-112.54882,40.68033],[-112.54897,40.68019],[-112.54912,40.68004],[-112.54926,40.67989],[-112.54939,40.67974],[-112.54952,40.67958],[-112.54965,40.67941],[-112.54977,40.67923],[-112.54986,40.67909],[-112.5499,40.67901],[-112.54995,40.67894],[-112.55004,40.67877],[-112.55011,40.67862],[-112.55018,40.67844],[-112.55026,40.67823],[-112.55031,40.67807],[-112.55035,40.67791],[-112.5504,40.67773],[-112.55043,40.67756],[-112.55045,40.6774],[-112.55047,40.67722],[-112.55048,40.67705],[-112.55048,40.67687],[-112.55048,40.67668],[-112.55045,40.67649]]}},{"type":"Feature","properties":{"highway":"motorway_link"},"geometry":{"type":"LineString","coordinates":[[-113.9633,40.74159],[-113.96485,40.74179],[-113.9655,40.74189],[-113.96617,40.74204],[-113.96682,40.7423],[-113.96732,40.74257],[-113.96781,40.74295],[-113.96849,40.74372],[-113.96887,40.74399],[-113.9692,40.74413],[-113.96968,40.74423],[-113.97008,40.74425],[-113.97025,40.74425]]}},{"type":"Feature","properties":{"highway":"motorway_link"},"geometry":{"type":"LineString","coordinates":[[-113.85602,40.73811],[-113.8558,40.73823],[-113.85551,40.73834],[-113.85525,40.73842],[-113.85492,40.73847],[-113.85442,40.73848],[-113.85317,40.73847],[-113.85066,40.7385]]}},{"type":"Feature","properties":{"highway":"motorway_link"},"geometry":{"type":"LineString","coordinates":[[-113.85316,40.73997],[-113.85336,40.73986],[-113.85358,40.73976],[-113.85384,40.73966],[-113.85411,40.73962],[-113.85463,40.73958],[-113.85549,40.73956],[-113.85745,40.73955]]}},{"type":"Feature","properties":{"highway":"trunk"},"geometry":{"type":"LineString","coordinates":[[-112.02782,40.58772],[-112.02782,40.58791],[-112.02781,40.58836],[-112.0278,40.58987],[-112.02782,40.59031],[-112.02787,40.5909],[-112.02797,40.59147],[-112.02805,40.59187],[-112.02818,40.59248],[-112.0283,40.59301],[-112.02838,40.59343],[-112.02852,40.59413],[-112.02867,40.59481],[-112.02882,40.59548],[-112.02892,40.59609],[-112.02899,40.59662],[-112.02903,40.59723],[-112.02904,40.59779],[-112.02905,40.59838],[-112.02905,40.59899],[-112.02904,40.59951],[-112.02907,40.60009],[-112.02911,40.60064],[-112.02916,40.60101],[-112.02924,40.6015],[-112.02939,40.60206]]}},{"type":"Feature","properties":{"highway":"trunk"},"geometry":{"type":"LineString","coordinates":[[-112.04501,40.65317],[-112.04516,40.65232],[-112.04523,40.65192],[-112.04525,40.65132],[-112.04519,40.65043],[-112.04511,40.64961],[-112.04504,40.64886],[-112.04502,40.64805],[-112.04507,40.6472],[-112.04516,40.64614],[-112.04531,40.64504],[-112.04541,40.64424],[-112.04554,40.64339],[-112.04582,40.64212],[-112.04602,40.64131],[-112.04622,40.6405],[-112.04632,40.63991],[-112.04635,40.63967]]}},{"type":"Feature","properties":{"highway":"trunk"},"geometry":{"type":"LineString","coordinates":[[-112.03241,40.56783],[-112.03257,40.56846],[-112.03276,40.56915],[-112.03298,40.56991],[-112.0332,40.57058],[-112.03363,40.57191],[-112.03376,40.57242],[-112.03389,40.57313],[-112.03394,40.57377],[-112.03396,40.57429],[-112.03393,40.57491],[-112.03387,40.57557],[-112.03377,40.5762],[-112.03365,40.57671],[-112.03357,40.57704],[-112.03341,40.57756],[-112.03317,40.5782],[-112.03292,40.57876],[-112.03256,40.57945],[-112.03224,40.57998],[-112.03189,40.58049],[-112.03149,40.581],[-112.03108,40.5815],[-112.03073,40.5819],[-112.03034,40.58235],[-112.03005,40.58268]]}},{"type":"Feature","properties":{"highway":"trunk"},"geometry":{"type":"LineString","coordinates":[[-112.03075,40.58267],[-112.03135,40.58199],[-112.032,40.58125],[-112.03257,40.5805],[-112.03306,40.57969],[-112.03351,40.57889],[-112.03389,40.57795],[-112.0342,40.57701],[-112.03442,40.57595],[-112.03452,40.57513],[-112.03451,40.574],[-112.03444,40.57298],[-112.03435,40.57171],[-112.03428,40.57074],[-112.03417,40.56986],[-112.03402,40.56903],[-112.0338,40.56799],[-112.0336,40.56724]]}},{"type":"Feature","properties":{"highway":"trunk"},"geometry":{"type":"LineString","coordinates":[[-112.04459,40.63867],[-112.04461,40.63968],[-112.04463,40.64026],[-112.04467,40.64083],[-112.04472,40.64139],[-112.04479,40.64208],[-112.0448,40.64272],[-112.04479,40.64334],[-112.04475,40.64412],[-112.04468,40.64475],[-112.04462,40.64536],[-112.04457,40.64592],[-112.04453,40.64644],[-112.04446,40.64702],[-112.04442,40.64758],[-112.04438,40.64809],[-112.04437,40.64864],[-112.04433,40.64921],[-112.04427,40.64984],[-112.04422,40.65021],[-112.04416,40.65101],[-112.04401,40.65176],[-112.04387,40.65229],[-112.04365,40.65322]]}},{"type":"Feature","properties":{"highway":"trunk"},"geometry":{"type":"LineString","coordinates":[[-112.0464,40.63866],[-112.0464,40.63851]]}},{"type":"Feature","properties":{"highway":"trunk"},"geometry":{"type":"LineString","coordinates":[[-112.03345,40.60944],[-112.03352,40.60958],[-112.03379,40.61013],[-112.03404,40.61051],[-112.03434,40.61085],[-112.03469,40.61115],[-112.0351,40.61142],[-112.03535,40.61158],[-112.03602,40.61203],[-112.03658,40.61246],[-112.03718,40.61301],[-112.038,40.61394],[-112.03887,40.61499],[-112.0393,40.61549],[-112.03988,40.61616],[-112.04061,40.61703],[-112.04115,40.61766],[-112.04158,40.61827],[-112.0419,40.61875],[-112.04221,40.61926],[-112.04256,40.61995],[-112.04283,40.62054],[-112.04306,40.62102],[-112.04332,40.62158],[-112.04363,40.62223],[-112.04392,40.62287],[-112.04417,40.62341],[-112.04434,40.62377],[-112.04456,40.62424],[-112.0448,40.62475],[-112.04507,40.62535],[-112.0453,40.6259],[-112.04554,40.62657],[-112.04569,40.62709],[-112.04578,40.62744],[-112.04589,40.62803],[-112.04596,40.62861],[-112.04599,40.62908],[-112.046,40.62956],[-112.04599,40.63014],[-112.04593,40.63071],[-112.04587,40.63118],[-112.04579,40.63167],[-112.04573,40.63201],[-112.04565,40.63244],[-112.04553,40.63301],[-112.0454,40.63355],[-112.04528,40.63402],[-112.04514,40.63456],[-112.045,40.63517],[-112.04485,40.63575],[-112.04472,40.63639],[-112.04467,40.63695]]}},{"type":"Feature","properties":{"highway":"primary"},"geometry":{"type":"LineString","coordinates":[[-112.00577,40.56224],[-112.00583,40.56224],[-112.0059,40.56224],[-112.00597,40.56223],[-112.00693,40.56224]]}},{"type":"Feature","properties":{"highway":"primary"},"geometry":{"type":"LineString","coordinates":[[-112.02889,40.55184],[-112.02994,40.55134],[-112.03008,40.55128]]}},{"type":"Feature","properties":{"highway":"trunk_link"},"geometry":{"type":"LineString","coordinates":[[-112.03236,40.56057],[-112.03212,40.56062],[-112.03146,40.56077],[-112.03121,40.56082]]}},{"type":"Feature","properties":{"highway":"primary"},"geometry":{"type":"LineString","coordinates":[[-112.00611,40.60946],[-112.00714,40.60946],[-112.00883,40.60946],[-112.0112,40.60946],[-112.01197,40.60946]]}},{"type":"Feature","properties":{"highway":"trunk"},"geometry":{"type":"LineString","coordinates":[[-112.02993,40.60199],[-112.02984,40.60144],[-112.02972,40.6008],[-112.02965,40.59987],[-112.02965,40.59884],[-112.02964,40.5976],[-112.02959,40.59665],[-112.02957,40.59625],[-112.02943,40.59547],[-112.02926,40.59468],[-112.02908,40.59385],[-112.02898,40.59302],[-112.02896,40.5922],[-112.02901,40.5913],[-112.0291,40.59062],[-112.02922,40.58973],[-112.0293,40.58885],[-112.02931,40.58806],[-112.02932,40.58792]]}},{"type":"Feature","properties":{"highway":"trunk"},"geometry":{"type":"LineString","coordinates":[[-112.0297,40.58308],[-112.02938,40.58348],[-112.02896,40.58403],[-112.02841,40.58475],[-112.02813,40.58527],[-112.02794,40.58576],[-112.02781,40.58652],[-112.02781,40.58722],[-112.02782,40.58758],[-112.02782,40.58772]]}},{"type":"Feature","properties":{"highway":"trunk"},"geometry":{"type":"LineString","coordinates":[[-112.03559,40.60944],[-112.03552,40.6093],[-112.03531,40.60892],[-112.03501,40.60846],[-112.03475,40.60818],[-112.03438,40.60789],[-112.03351,40.60725],[-112.03299,40.60684],[-112.03244,40.60636],[-112.03202,40.60593],[-112.03152,40.60536],[-112.03095,40.60449],[-112.03046,40.60347],[-112.03008,40.60245]]}},{"type":"Feature","properties":{"highway":"trunk"},"geometry":{"type":"LineString","coordinates":[[-112.0304,40.58308],[-112.03075,40.58267]]}},{"type":"Feature","properties":{"highway":"trunk"},"geometry":{"type":"LineString","coordinates":[[-112.03008,40.60245],[-112.02993,40.60199]]}},{"type":"Feature","properties":{"highway":"trunk"},"geometry":{"type":"LineString","coordinates":[[-112.02932,40.58772],[-112.02932,40.58758],[-112.02932,40.58631],[-112.02933,40.58542],[-112.02945,40.58478],[-112.02966,40.58417],[-112.02988,40.58378],[-112.0304,40.58308]]}},{"type":"Feature","properties":{"highway":"trunk"},"geometry":{"type":"LineString","coordinates":[[-112.03005,40.58268],[-112.0297,40.58308]]}},{"type":"Feature","properties":{"highway":"trunk"},"geometry":{"type":"LineString","coordinates":[[-112.02952,40.60252],[-112.02965,40.60295],[-112.02978,40.6033],[-112.03001,40.60382],[-112.03034,40.6045],[-112.03053,40.60485],[-112.03088,40.60545],[-112.03122,40.606],[-112.03154,40.60648],[-112.03204,40.6072],[-112.03246,40.60777],[-112.03282,40.60826],[-112.03311,40.60873],[-112.03337,40.60927],[-112.03338,40.6093],[-112.03345,40.60944]]}},{"type":"Feature","properties":{"highway":"trunk"},"geometry":{"type":"LineString","coordinates":[[-112.02939,40.60206],[-112.02952,40.60252]]}},{"type":"Feature","properties":{"highway":"trunk"},"geometry":{"type":"LineString","coordinates":[[-112.0313,40.56166],[-112.03134,40.56195]]}},{"type":"Feature","properties":{"highway":"trunk"},"geometry":{"type":"LineString","coordinates":[[-112.0336,40.56724],[-112.03354,40.56702],[-112.03329,40.56611],[-112.03312,40.56546],[-112.03291,40.56459],[-112.03272,40.56365],[-112.0326,40.56297],[-112.03251,40.56228],[-112.03247,40.56191],[-112.03242,40.56138]]}},{"type":"Feature","properties":{"highway":"trunk"},"geometry":{"type":"LineString","coordinates":[[-112.03242,40.56138],[-112.0324,40.56095]]}},{"type":"Feature","properties":{"highway":"trunk"},"geometry":{"type":"LineString","coordinates":[[-112.03134,40.56195],[-112.03154,40.56361],[-112.03164,40.56423],[-112.03193,40.56571],[-112.03229,40.56741],[-112.03236,40.56765],[-112.03241,40.56783]]}},{"type":"Feature","properties":{"highway":"trunk"},"geometry":{"type":"LineString","coordinates":[[-112.04365,40.65322],[-112.0436,40.65346],[-112.04342,40.65432],[-112.04306,40.65539],[-112.04226,40.65682],[-112.04151,40.65778]]}},{"type":"Feature","properties":{"highway":"trunk"},"geometry":{"type":"LineString","coordinates":[[-112.03271,40.66737],[-112.03247,40.66777]]}},{"type":"Feature","properties":{"highway":"trunk"},"geometry":{"type":"LineString","coordinates":[[-112.03144,40.68202],[-112.03144,40.68191],[-112.03142,40.68107],[-112.03134,40.68007]]}},{"type":"Feature","properties":{"highway":"trunk"},"geometry":{"type":"LineString","coordinates":[[-112.29842,40.53925],[-112.29841,40.5394],[-112.29841,40.53959],[-112.2984,40.53987],[-112.2984,40.54018],[-112.29839,40.54034],[-112.29839,40.54055],[-112.29838,40.54096],[-112.29838,40.54117],[-112.29838,40.54138],[-112.29837,40.54165],[-112.29837,40.54176],[-112.29837,40.54197]]}},{"type":"Feature","properties":{"highway":"primary"},"geometry":{"type":"LineString","coordinates":[[-112.0038,40.50803],[-112.00495,40.50803],[-112.00518,40.50803]]}},{"type":"Feature","properties":{"highway":"primary"},"geometry":{"type":"LineString","coordinates":[[-112.05782,40.59685],[-112.05809,40.59536],[-112.0581,40.59531],[-112.0583,40.59424],[-112.05864,40.59241],[-112.05902,40.59043]]}},{"type":"Feature","properties":{"highway":"primary"},"geometry":{"type":"LineString","coordinates":[[-112.09184,40.69881],[-112.09183,40.69924],[-112.09183,40.69974],[-112.09183,40.70045],[-112.09183,40.70052],[-112.09183,40.70064],[-112.09183,40.70132],[-112.09183,40.70211],[-112.09183,40.70359],[-112.09184,40.7037]]}},{"type":"Feature","properties":{"highway":"primary"},"geometry":{"type":"LineString","coordinates":[[-112.05425,40.6164],[-112.05488,40.61294],[-112.05557,40.6094]]}},{"type":"Feature","properties":{"highway":"primary"},"geometry":{"type":"LineString","coordinates":[[-112.00467,41.30685],[-112.0045,41.30685]]}},{"type":"Feature","properties":{"highway":"motorway_link"},"geometry":{"type":"LineString","coordinates":[[-112.78087,40.7633],[-112.78112,40.76342],[-112.78226,40.76393],[-112.78484,40.7649]]}},{"type":"Feature","properties":{"highway":"motorway_link"},"geometry":{"type":"LineString","coordinates":[[-112.7819,40.76224],[-112.78165,40.7621],[-112.78111,40.7618],[-112.77937,40.76125],[-112.77753,40.76044]]}},{"type":"Feature","properties":{"highway":"primary"},"geometry":{"type":"LineString","coordinates":[[-112.14369,41.74127],[-112.14365,41.74031],[-112.14361,41.73972],[-112.14347,41.73714],[-112.14339,41.73596],[-112.14333,41.73487],[-112.14323,41.73317],[-112.14291,41.72702],[-112.14289,41.72677],[-112.14274,41.72317],[-112.14274,41.7229],[-112.1427,41.72222]]}},{"type":"Feature","properties":{"highway":"primary"},"geometry":{"type":"LineString","coordinates":[[-112.14372,41.74181],[-112.14369,41.74127]]}},{"type":"Feature","properties":{"highway":"primary"},"geometry":{"type":"LineString","coordinates":[[-112.06063,41.53444],[-112.05668,41.53363],[-112.05261,41.53281],[-112.04509,41.5313],[-112.04276,41.53081],[-112.03765,41.52982],[-112.037,41.52973],[-112.03621,41.52965],[-112.03566,41.52961],[-112.03524,41.52959],[-112.03507,41.52958],[-112.03415,41.52955],[-112.03272,41.52956],[-112.02983,41.52959],[-112.02952,41.5296],[-112.02747,41.52964],[-112.02256,41.52968],[-112.02166,41.5297],[-112.02084,41.52972],[-112.02022,41.52973]]}},{"type":"Feature","properties":{"highway":"motorway_link"},"geometry":{"type":"LineString","coordinates":[[-112.0646,41.53559],[-112.06467,41.53548],[-112.06476,41.5354],[-112.06486,41.53534],[-112.06498,41.53532],[-112.0651,41.53531],[-112.06531,41.5353]]}},{"type":"Feature","properties":{"highway":"motorway_link"},"geometry":{"type":"LineString","coordinates":[[-112.0681,41.53588],[-112.06832,41.53602],[-112.06844,41.53612],[-112.06853,41.53621],[-112.06862,41.53636]]}},{"type":"Feature","properties":{"highway":"motorway_link"},"geometry":{"type":"LineString","coordinates":[[-112.00154,41.10263],[-112.0015,41.10284],[-112.0015,41.10297],[-112.0015,41.10316],[-112.0015,41.10319],[-112.0015,41.10322],[-112.0015,41.10324],[-112.00149,41.10326],[-112.00149,41.10328],[-112.00148,41.10331],[-112.00147,41.10333],[-112.00146,41.10335],[-112.00144,41.10337],[-112.00143,41.10338],[-112.00142,41.10339],[-112.00141,41.1034],[-112.00139,41.10341],[-112.00138,41.10342],[-112.00135,41.10343],[-112.00108,41.10353]]}},{"type":"Feature","properties":{"highway":"trunk_link"},"geometry":{"type":"LineString","coordinates":[[-112.11004,40.71776],[-112.10998,40.71785],[-112.10993,40.71791],[-112.10987,40.71797],[-112.10979,40.718],[-112.10961,40.71804],[-112.10922,40.71808]]}},{"type":"Feature","properties":{"highway":"trunk"},"geometry":{"type":"LineString","coordinates":[[-112.06382,40.71827],[-112.06336,40.71828],[-112.06319,40.71828]]}},{"type":"Feature","properties":{"highway":"motorway"},"geometry":{"type":"LineString","coordinates":[[-112.06755,41.5441],[-112.0672,41.54145],[-112.06703,41.54029],[-112.06659,41.537],[-112.06647,41.53577]]}},{"type":"Feature","properties":{"highway":"motorway"},"geometry":{"type":"LineString","coordinates":[[-112.06721,41.54415],[-112.06728,41.54467],[-112.06774,41.54786],[-112.06837,41.55276],[-112.06902,41.55729],[-112.06969,41.5625],[-112.07031,41.56671],[-112.07085,41.57094],[-112.07173,41.57716],[-112.07269,41.58436],[-112.07274,41.58479],[-112.07283,41.58522],[-112.07295,41.58562],[-112.07324,41.58634],[-112.07349,41.58696],[-112.07736,41.59681],[-112.07924,41.60161],[-112.08086,41.6056],[-112.08257,41.61004],[-112.0829,41.61077],[-112.08318,41.61133],[-112.08352,41.61193],[-112.08402,41.61274],[-112.08686,41.61696],[-112.08796,41.61859],[-112.09232,41.62502],[-112.09288,41.62582],[-112.09351,41.6267],[-112.09468,41.62815]]}},{"type":"Feature","properties":{"highway":"motorway"},"geometry":{"type":"LineString","coordinates":[[-112.01736,41.25027],[-112.01618,41.24492]]}},{"type":"Feature","properties":{"highway":"motorway"},"geometry":{"type":"LineString","coordinates":[[-112.01968,41.25477],[-112.02199,41.25728],[-112.02271,41.25808],[-112.02325,41.25882],[-112.02367,41.25956],[-112.02402,41.26032],[-112.02426,41.26098],[-112.02475,41.26268],[-112.02517,41.26413]]}},{"type":"Feature","properties":{"highway":"primary_link"},"geometry":{"type":"LineString","coordinates":[[-112.01545,40.55913],[-112.0153,40.55928],[-112.01493,40.55954],[-112.01489,40.55957],[-112.01483,40.55966]]}},{"type":"Feature","properties":{"highway":"primary_link"},"geometry":{"type":"LineString","coordinates":[[-112.01405,40.5601],[-112.01427,40.5599],[-112.01463,40.55965],[-112.01466,40.55963],[-112.01471,40.55954]]}},{"type":"Feature","properties":{"highway":"primary_link"},"geometry":{"type":"LineString","coordinates":[[-112.06057,40.57646],[-112.06088,40.5764],[-112.06109,40.5763],[-112.06114,40.57628],[-112.06119,40.57627],[-112.06122,40.57626],[-112.06126,40.57626],[-112.06131,40.57626],[-112.06135,40.57627],[-112.06139,40.57629],[-112.06142,40.57631],[-112.06144,40.57634],[-112.06145,40.57637],[-112.06146,40.57641],[-112.0614,40.57677],[-112.06142,40.5772]]}},{"type":"Feature","properties":{"highway":"primary"},"geometry":{"type":"LineString","coordinates":[[-112.04581,40.60944],[-112.05034,40.60943],[-112.05047,40.60943]]}},{"type":"Feature","properties":{"highway":"primary"},"geometry":{"type":"LineString","coordinates":[[-112.03345,40.60944],[-112.03536,40.60944],[-112.03559,40.60944]]}},{"type":"Feature","properties":{"highway":"primary"},"geometry":{"type":"LineString","coordinates":[[-113.88967,41.42146],[-113.86167,41.42442],[-113.83171,41.42757],[-113.83031,41.42772],[-113.80949,41.42991],[-113.79018,41.43194],[-113.78696,41.43227],[-113.77795,41.43321],[-113.76131,41.43494],[-113.73901,41.43728],[-113.70749,41.44057],[-113.6955,41.44181],[-113.69455,41.44194],[-113.69355,41.44218],[-113.69254,41.4425],[-113.65827,41.45547],[-113.65724,41.45597],[-113.65675,41.45626],[-113.65612,41.4567],[-113.65589,41.45687],[-113.64591,41.46594],[-113.62279,41.48697],[-113.61291,41.49596],[-113.61221,41.49661],[-113.60372,41.50436],[-113.60343,41.50471],[-113.60301,41.50528],[-113.60268,41.50582],[-113.60232,41.50659],[-113.60115,41.50991],[-113.60106,41.51017],[-113.58998,41.54153],[-113.58949,41.54291],[-113.58507,41.5554],[-113.58285,41.56171],[-113.58277,41.56194],[-113.58239,41.56297],[-113.57967,41.57067],[-113.57239,41.5913],[-113.56573,41.61009],[-113.56171,41.62142],[-113.56119,41.62292],[-113.55747,41.63345],[-113.54717,41.66251],[-113.54222,41.67647],[-113.5393,41.68471],[-113.53427,41.69885],[-113.52822,41.71589],[-113.52496,41.72508],[-113.52366,41.72874],[-113.52214,41.73301],[-113.52145,41.73495],[-113.52057,41.73742],[-113.51875,41.74256],[-113.5117,41.76238],[-113.51136,41.76325],[-113.51117,41.76361],[-113.51091,41.76397],[-113.51052,41.76437],[-113.51014,41.76469],[-113.50984,41.76489],[-113.50055,41.77121],[-113.49865,41.77253],[-113.47832,41.78641],[-113.47718,41.78718],[-113.47259,41.79032],[-113.45362,41.80325],[-113.45118,41.80491],[-113.4349,41.81601],[-113.42967,41.81956],[-113.42936,41.81974],[-113.42905,41.81989],[-113.42877,41.81999],[-113.42851,41.82007],[-113.42819,41.82015],[-113.42795,41.8202],[-113.42784,41.82022],[-113.42755,41.82024],[-113.42738,41.82024],[-113.42711,41.82025],[-113.42667,41.82024],[-113.42587,41.82019],[-113.42438,41.8201],[-113.42374,41.82004],[-113.4233,41.81998],[-113.42287,41.81991],[-113.42272,41.81988],[-113.42226,41.81978],[-113.42184,41.81968],[-113.42149,41.81958],[-113.42074,41.81932],[-113.42,41.81903],[-113.41926,41.81872],[-113.41891,41.8186],[-113.41854,41.81851],[-113.41828,41.81847],[-113.41802,41.81844],[-113.41747,41.81842],[-113.41707,41.81841],[-113.41669,41.8184],[-113.41593,41.81837],[-113.41521,41.81835],[-113.41447,41.81836],[-113.4139,41.8184],[-113.4135,41.81843],[-113.41312,41.81848],[-113.41241,41.81856],[-113.41142,41.81867],[-113.41048,41.8188],[-113.40992,41.81889],[-113.40941,41.81899],[-113.40836,41.8192],[-113.40795,41.81928],[-113.40759,41.81934],[-113.4069,41.81947],[-113.40659,41.81953],[-113.4063,41.81957],[-113.40599,41.8196],[-113.40575,41.81962],[-113.40537,41.81961],[-113.40493,41.81955],[-113.40451,41.81948],[-113.40344,41.8193],[-113.40236,41.81911],[-113.40146,41.81896],[-113.40085,41.81885],[-113.40026,41.81875],[-113.39971,41.81865],[-113.39918,41.81856],[-113.39853,41.81845],[-113.39791,41.81834],[-113.39735,41.81824],[-113.39681,41.81814],[-113.39628,41.81802],[-113.39529,41.81776],[-113.39426,41.81749],[-113.3934,41.81727],[-113.39242,41.81702],[-113.39177,41.81686],[-113.39091,41.81663],[-113.39035,41.81651],[-113.38998,41.81644],[-113.3896,41.81639]]}},{"type":"Feature","properties":{"highway":"primary"},"geometry":{"type":"LineString","coordinates":[[-112.02537,41.10373],[-112.0257,41.10375],[-112.02592,41.10378],[-112.02616,41.10382],[-112.0264,41.10388],[-112.02668,41.10398],[-112.02694,41.10409],[-112.02718,41.10421],[-112.02739,41.10434],[-112.02759,41.10449],[-112.02778,41.10467],[-112.02793,41.10484],[-112.02839,41.10548],[-112.02871,41.10587]]}},{"type":"Feature","properties":{"highway":"primary"},"geometry":{"type":"LineString","coordinates":[[-112.02125,41.10365],[-112.02042,41.10365]]}},{"type":"Feature","properties":{"highway":"primary"},"geometry":{"type":"LineString","coordinates":[[-112.02369,41.1037],[-112.02467,41.10371],[-112.02537,41.10373]]}},{"type":"Feature","properties":{"highway":"primary"},"geometry":{"type":"LineString","coordinates":[[-112.04383,41.08917],[-112.04322,41.08916],[-112.04239,41.08912],[-112.04204,41.08913],[-112.04196,41.08913],[-112.04109,41.08913],[-112.04011,41.08914],[-112.0393,41.08914],[-112.03839,41.08914],[-112.03774,41.08915],[-112.03688,41.08916],[-112.03642,41.08916],[-112.03575,41.08917],[-112.03557,41.08917],[-112.03546,41.08917],[-112.03481,41.08917],[-112.03433,41.08918],[-112.03378,41.08918],[-112.03205,41.08919],[-112.03142,41.0892],[-112.03109,41.0892],[-112.03078,41.0892],[-112.03046,41.0892],[-112.03029,41.0892],[-112.0293,41.0892],[-112.02752,41.08921],[-112.02711,41.08921],[-112.02695,41.08921],[-112.02652,41.08921],[-112.02632,41.08921],[-112.02615,41.08922]]}},{"type":"Feature","properties":{"highway":"primary"},"geometry":{"type":"LineString","coordinates":[[-112.44925,40.59977],[-112.44917,40.59977],[-112.44818,40.59976],[-112.44732,40.59975],[-112.44695,40.59975]]}},{"type":"Feature","properties":{"highway":"motorway_link"},"geometry":{"type":"LineString","coordinates":[[-112.22801,41.72107],[-112.2282,41.72115],[-112.22855,41.72129],[-112.22881,41.72138],[-112.22903,41.72145],[-112.22917,41.72148],[-112.22948,41.72154],[-112.23056,41.72178],[-112.23083,41.72185],[-112.23105,41.72192],[-112.23131,41.72201],[-112.23249,41.7225],[-112.23371,41.72299],[-112.2344,41.7232]]}},{"type":"Feature","properties":{"highway":"motorway_link"},"geometry":{"type":"LineString","coordinates":[[-112.22886,41.71997],[-112.22866,41.71988],[-112.22827,41.71972],[-112.2282,41.71969],[-112.22811,41.71967],[-112.22802,41.71964],[-112.22632,41.71921],[-112.22594,41.71911],[-112.22575,41.71906],[-112.22558,41.719],[-112.22546,41.71896],[-112.22534,41.71892],[-112.22465,41.71863],[-112.22399,41.71837],[-112.22345,41.71815],[-112.22303,41.71798],[-112.22261,41.71778],[-112.22231,41.71769],[-112.22202,41.71762]]}},{"type":"Feature","properties":{"highway":"primary"},"geometry":{"type":"LineString","coordinates":[[-114.03087,40.73778],[-114.02904,40.73777],[-114.02779,40.73785]]}},{"type":"Feature","properties":{"highway":"primary"},"geometry":{"type":"LineString","coordinates":[[-112.01824,41.48319],[-112.01769,41.48382],[-112.01743,41.48419],[-112.0174,41.48422],[-112.01716,41.48459],[-112.01705,41.48478],[-112.01694,41.48497],[-112.01681,41.48525]]}},{"type":"Feature","properties":{"highway":"motorway_link"},"geometry":{"type":"LineString","coordinates":[[-112.05496,41.48552],[-112.05439,41.48553],[-112.05429,41.48549],[-112.05419,41.48543],[-112.05414,41.48536],[-112.05406,41.48519]]}},{"type":"Feature","properties":{"highway":"trunk"},"geometry":{"type":"LineString","coordinates":[[-112.04228,41.48627],[-112.03979,41.4864],[-112.03891,41.48645],[-112.03848,41.48647],[-112.03804,41.48649],[-112.03759,41.48651],[-112.03702,41.48652],[-112.03658,41.48653],[-112.03555,41.48653],[-112.03526,41.48653]]}},{"type":"Feature","properties":{"highway":"trunk"},"geometry":{"type":"LineString","coordinates":[[-112.0433,41.48615],[-112.04299,41.48617],[-112.04228,41.48627]]}},{"type":"Feature","properties":{"highway":"trunk"},"geometry":{"type":"LineString","coordinates":[[-112.04393,41.48612],[-112.0433,41.48615]]}},{"type":"Feature","properties":{"highway":"trunk"},"geometry":{"type":"LineString","coordinates":[[-112.05265,41.48582],[-112.05245,41.48583],[-112.05205,41.48585],[-112.05192,41.48586],[-112.05184,41.48586],[-112.05178,41.48586],[-112.05173,41.48586],[-112.05167,41.48585],[-112.05161,41.48584],[-112.05156,41.48584],[-112.05151,41.48583],[-112.05147,41.48582],[-112.05143,41.48582],[-112.05139,41.48581],[-112.05135,41.4858],[-112.05131,41.48579]]}},{"type":"Feature","properties":{"highway":"trunk"},"geometry":{"type":"LineString","coordinates":[[-112.05352,41.48577],[-112.05265,41.48582]]}},{"type":"Feature","properties":{"highway":"motorway_link"},"geometry":{"type":"LineString","coordinates":[[-112.05406,41.48613],[-112.05412,41.48598],[-112.05414,41.48591],[-112.05414,41.48588],[-112.05415,41.48586],[-112.05416,41.48584],[-112.05416,41.48582],[-112.05417,41.48581],[-112.05418,41.48579],[-112.05419,41.48578],[-112.05421,41.48576],[-112.05423,41.48574],[-112.05424,41.48573],[-112.05426,41.48572],[-112.05428,41.48571],[-112.05431,41.48569],[-112.05437,41.48567]]}},{"type":"Feature","properties":{"highway":"trunk"},"geometry":{"type":"LineString","coordinates":[[-112.04507,41.48612],[-112.0481,41.48594]]}},{"type":"Feature","properties":{"highway":"trunk"},"geometry":{"type":"LineString","coordinates":[[-112.05131,41.48579],[-112.05146,41.48577],[-112.05153,41.48576],[-112.05161,41.48575],[-112.05167,41.48574],[-112.05175,41.48574],[-112.0519,41.48573],[-112.05204,41.48572],[-112.0522,41.48572],[-112.05234,41.48571],[-112.05251,41.4857],[-112.05267,41.48569]]}},{"type":"Feature","properties":{"highway":"trunk"},"geometry":{"type":"LineString","coordinates":[[-112.05364,41.48576],[-112.05352,41.48577]]}},{"type":"Feature","properties":{"highway":"motorway_link"},"geometry":{"type":"LineString","coordinates":[[-112.05271,41.48414],[-112.05262,41.48426],[-112.05256,41.48435],[-112.0525,41.48442],[-112.05244,41.4845],[-112.05237,41.48458],[-112.05227,41.48468],[-112.05219,41.48476],[-112.05211,41.48483],[-112.05201,41.48491],[-112.05192,41.48498],[-112.05184,41.48504],[-112.05173,41.48511],[-112.05164,41.48517],[-112.05155,41.48522],[-112.05146,41.48527],[-112.05134,41.48533],[-112.05123,41.48538],[-112.05114,41.48542],[-112.05103,41.48546],[-112.05091,41.4855],[-112.0508,41.48554],[-112.05068,41.48557],[-112.05056,41.4856],[-112.05047,41.48562],[-112.05036,41.48565],[-112.05023,41.48567],[-112.05009,41.48569],[-112.04998,41.48571],[-112.04983,41.48572],[-112.0496,41.48574],[-112.0481,41.48594]]}},{"type":"Feature","properties":{"highway":"motorway_link"},"geometry":{"type":"LineString","coordinates":[[-112.0529,41.48367],[-112.05287,41.48377],[-112.05284,41.48385],[-112.05279,41.48397],[-112.05271,41.48414]]}},{"type":"Feature","properties":{"highway":"motorway_link"},"geometry":{"type":"LineString","coordinates":[[-112.0538,41.48719],[-112.054,41.48634],[-112.05406,41.48613]]}},{"type":"Feature","properties":{"highway":"motorway_link"},"geometry":{"type":"LineString","coordinates":[[-112.05375,41.48273],[-112.05372,41.48236],[-112.05377,41.48099],[-112.05379,41.47971]]}},{"type":"Feature","properties":{"highway":"primary"},"geometry":{"type":"LineString","coordinates":[[-112.01622,41.48799],[-112.01621,41.48821],[-112.0162,41.48849]]}},{"type":"Feature","properties":{"highway":"primary"},"geometry":{"type":"LineString","coordinates":[[-112.01576,41.51054],[-112.01575,41.5109],[-112.01575,41.51102],[-112.01575,41.51117],[-112.01575,41.51121],[-112.01574,41.51141],[-112.01574,41.51145],[-112.01574,41.51163],[-112.01574,41.51177],[-112.01573,41.51194],[-112.01573,41.51207],[-112.01572,41.51225],[-112.01572,41.51244]]}},{"type":"Feature","properties":{"highway":"motorway_link"},"geometry":{"type":"LineString","coordinates":[[-112.02063,41.17045],[-112.02072,41.17057],[-112.02095,41.17085]]}},{"type":"Feature","properties":{"highway":"motorway_link"},"geometry":{"type":"LineString","coordinates":[[-112.0191,41.17079],[-112.01907,41.17101],[-112.0191,41.1711],[-112.01911,41.17112]]}},{"type":"Feature","properties":{"highway":"primary"},"geometry":{"type":"LineString","coordinates":[[-111.99905,41.10354],[-112.00013,41.10353],[-112.00052,41.10353],[-112.00108,41.10353],[-112.0014,41.10353],[-112.00158,41.10353]]}},{"type":"Feature","properties":{"highway":"motorway_link"},"geometry":{"type":"LineString","coordinates":[[-112.03614,41.34232],[-112.0365,41.34248],[-112.03674,41.34259],[-112.0369,41.34266],[-112.03706,41.34274],[-112.03724,41.34284],[-112.03743,41.34296],[-112.03759,41.34307],[-112.03772,41.34318],[-112.03786,41.3433],[-112.03796,41.3434],[-112.03805,41.34348],[-112.0382,41.34365],[-112.03832,41.3438],[-112.0384,41.34392],[-112.03847,41.34402],[-112.03854,41.34415],[-112.03861,41.34429],[-112.03872,41.34455],[-112.03891,41.34509],[-112.03907,41.34556],[-112.03924,41.34605],[-112.03938,41.34647],[-112.03951,41.34686],[-112.03971,41.34729]]}},{"type":"Feature","properties":{"highway":"primary"},"geometry":{"type":"LineString","coordinates":[[-112.03614,41.34232],[-112.03605,41.34244],[-112.03593,41.34257],[-112.03575,41.34273],[-112.03551,41.34296],[-112.03478,41.34364]]}},{"type":"Feature","properties":{"highway":"primary"},"geometry":{"type":"LineString","coordinates":[[-112.01662,41.4859],[-112.01673,41.48559],[-112.01683,41.48538],[-112.01681,41.48525]]}},{"type":"Feature","properties":{"highway":"primary"},"geometry":{"type":"LineString","coordinates":[[-112.0387,41.45394],[-112.03865,41.45359],[-112.03853,41.45267],[-112.03842,41.45198],[-112.03842,41.45194],[-112.03831,41.45123],[-112.03819,41.45048],[-112.03813,41.45005],[-112.03802,41.44936],[-112.03786,41.44823],[-112.03783,41.44799],[-112.03774,41.44736],[-112.03763,41.44667],[-112.03759,41.44635],[-112.03754,41.44598],[-112.03745,41.44542],[-112.03733,41.44459]]}},{"type":"Feature","properties":{"highway":"primary"},"geometry":{"type":"LineString","coordinates":[[-112.01681,41.48525],[-112.01669,41.48534],[-112.0166,41.48556],[-112.0165,41.48585]]}},{"type":"Feature","properties":{"highway":"primary"},"geometry":{"type":"LineString","coordinates":[[-112.03548,41.46266],[-112.0356,41.46251],[-112.03562,41.46248],[-112.03582,41.46223],[-112.03585,41.4622],[-112.03601,41.46199],[-112.0362,41.46172],[-112.03637,41.46148],[-112.03644,41.46137]]}},{"type":"Feature","properties":{"highway":"motorway_link"},"geometry":{"type":"LineString","coordinates":[[-112.20336,41.7102],[-112.20347,41.71038],[-112.20352,41.71043],[-112.20355,41.71048],[-112.20356,41.71049],[-112.20357,41.71052],[-112.20359,41.71055],[-112.2036,41.71058],[-112.2036,41.71062],[-112.20359,41.71065],[-112.20358,41.71068],[-112.20357,41.71071],[-112.20356,41.71073],[-112.20354,41.71076],[-112.20352,41.71077],[-112.2035,41.71079],[-112.20349,41.7108],[-112.20348,41.71081],[-112.20342,41.71086]]}},{"type":"Feature","properties":{"highway":"primary"},"geometry":{"type":"LineString","coordinates":[[-112.02465,40.65312],[-112.02485,40.65313],[-112.02561,40.65313],[-112.02633,40.65312],[-112.02655,40.65306]]}},{"type":"Feature","properties":{"highway":"primary"},"geometry":{"type":"LineString","coordinates":[[-112.02155,40.65304],[-112.02034,40.65304],[-112.01978,40.65304],[-112.01902,40.65304],[-112.01848,40.65304],[-112.01835,40.65304],[-112.01828,40.65304],[-112.01767,40.65304],[-112.01758,40.65304],[-112.01709,40.65304],[-112.01604,40.65304],[-112.01505,40.65304],[-112.01429,40.65304],[-112.01414,40.65304],[-112.01227,40.65304],[-112.01114,40.65304],[-112.00911,40.65304]]}},{"type":"Feature","properties":{"highway":"primary"},"geometry":{"type":"LineString","coordinates":[[-112.02585,40.65299],[-112.02528,40.65299],[-112.02487,40.65299],[-112.02485,40.65299],[-112.02464,40.65299]]}},{"type":"Feature","properties":{"highway":"primary"},"geometry":{"type":"LineString","coordinates":[[-112.02735,40.6095],[-112.02746,40.60949],[-112.02759,40.60947],[-112.02766,40.60947],[-112.02773,40.60946],[-112.02779,40.60947],[-112.02785,40.60949],[-112.02806,40.60956]]}},{"type":"Feature","properties":{"highway":"primary"},"geometry":{"type":"LineString","coordinates":[[-112.02712,40.6094],[-112.02679,40.6094],[-112.02623,40.6094],[-112.02588,40.6094],[-112.02568,40.60939],[-112.02549,40.60938]]}},{"type":"Feature","properties":{"highway":"primary"},"geometry":{"type":"LineString","coordinates":[[-112.03241,40.6095],[-112.03318,40.6095],[-112.03328,40.60945]]}},{"type":"Feature","properties":{"highway":"primary"},"geometry":{"type":"LineString","coordinates":[[-112.02843,40.60958],[-112.02863,40.60956],[-112.02881,40.60953],[-112.02896,40.60952],[-112.0292,40.6095],[-112.02979,40.6095],[-112.0303,40.60951]]}},{"type":"Feature","properties":{"highway":"primary"},"geometry":{"type":"LineString","coordinates":[[-112.02949,40.6094],[-112.02934,40.60939],[-112.02926,40.60939],[-112.02917,40.60939],[-112.02904,40.60941],[-112.02892,40.60943],[-112.02885,40.60944],[-112.02878,40.60944],[-112.02873,40.60943],[-112.02866,40.60941],[-112.02846,40.60934]]}},{"type":"Feature","properties":{"highway":"motorway"},"geometry":{"type":"LineString","coordinates":[[-112.0175,40.77094],[-112.01624,40.77095]]}},{"type":"Feature","properties":{"highway":"motorway"},"geometry":{"type":"LineString","coordinates":[[-112.01624,40.77095],[-112.01539,40.77092],[-112.01449,40.7709],[-112.0137,40.77086],[-112.01279,40.7708],[-112.01181,40.77071],[-112.01108,40.77062],[-112.01055,40.77055],[-112.00922,40.77037],[-112.00823,40.7702],[-112.00754,40.77007],[-112.00631,40.76981],[-112.00561,40.76964],[-112.0044,40.76933],[-112.00333,40.76904],[-112.00235,40.76872],[-112.00173,40.76851],[-112.0007,40.76812]]}},{"type":"Feature","properties":{"highway":"motorway_link"},"geometry":{"type":"LineString","coordinates":[[-112.02424,40.77216],[-112.02433,40.77215],[-112.02442,40.77214],[-112.02451,40.77212],[-112.02461,40.77208],[-112.0247,40.77204],[-112.02475,40.77202],[-112.02479,40.77199],[-112.02483,40.77195],[-112.02485,40.77193],[-112.02487,40.77191],[-112.0249,40.77186],[-112.02493,40.77181],[-112.02494,40.77176]]}},{"type":"Feature","properties":{"highway":"motorway_link"},"geometry":{"type":"LineString","coordinates":[[-113.97025,40.74425],[-113.9708,40.74425],[-113.97122,40.7442],[-113.97157,40.74402],[-113.97187,40.74384],[-113.97269,40.74318],[-113.97329,40.74292],[-113.97394,40.74279],[-113.97462,40.74279],[-113.97652,40.74299],[-113.97776,40.74315],[-113.97805,40.74314]]}},{"type":"Feature","properties":{"highway":"motorway_link"},"geometry":{"type":"LineString","coordinates":[[-113.97025,40.73986],[-113.96952,40.73991],[-113.96897,40.74007],[-113.96852,40.74037],[-113.96765,40.74103],[-113.9672,40.74127],[-113.96642,40.74144],[-113.96579,40.74145],[-113.96215,40.74125]]}},{"type":"Feature","properties":{"highway":"motorway_link"},"geometry":{"type":"LineString","coordinates":[[-112.63557,41.92422],[-112.63541,41.92413],[-112.63494,41.92387],[-112.63467,41.92373],[-112.6344,41.9236],[-112.63416,41.92349],[-112.63391,41.92339],[-112.6337,41.92331],[-112.63348,41.92323],[-112.63295,41.92304],[-112.63259,41.9229],[-112.63239,41.92282],[-112.63213,41.92271]]}},{"type":"Feature","properties":{"highway":"motorway_link"},"geometry":{"type":"LineString","coordinates":[[-112.63496,41.92487],[-112.63514,41.92497],[-112.63544,41.92513],[-112.63576,41.9253],[-112.63596,41.9254],[-112.63618,41.92548],[-112.6368,41.9257],[-112.63725,41.92585],[-112.63754,41.92597],[-112.63788,41.9261]]}},{"type":"Feature","properties":{"highway":"motorway_link"},"geometry":{"type":"LineString","coordinates":[[-112.54465,41.8976],[-112.54488,41.89757],[-112.54534,41.89751],[-112.54557,41.89747],[-112.5458,41.89742],[-112.54618,41.89733],[-112.54655,41.89723],[-112.54701,41.89711],[-112.54724,41.89705],[-112.54747,41.897],[-112.54768,41.89696],[-112.54793,41.89691],[-112.54892,41.89677],[-112.5503,41.89657],[-112.55125,41.89643],[-112.55175,41.89631]]}},{"type":"Feature","properties":{"highway":"motorway_link"},"geometry":{"type":"LineString","coordinates":[[-112.5444,41.89659],[-112.54421,41.89662],[-112.5439,41.89666],[-112.54365,41.8967],[-112.54335,41.89675],[-112.54306,41.89681],[-112.54267,41.89691],[-112.54233,41.89698],[-112.54196,41.89706],[-112.54157,41.89713],[-112.54118,41.89717],[-112.54087,41.8972],[-112.54059,41.89721],[-112.54005,41.89722],[-112.5395,41.89722],[-112.53917,41.89722],[-112.53889,41.89721],[-112.53826,41.89719],[-112.53765,41.89716],[-112.53689,41.89713]]}},{"type":"Feature","properties":{"highway":"motorway_link"},"geometry":{"type":"LineString","coordinates":[[-112.06329,41.50986],[-112.06323,41.50951],[-112.06316,41.50925],[-112.06313,41.50919],[-112.06303,41.50896],[-112.06282,41.5087],[-112.06251,41.50849],[-112.06198,41.50825],[-112.06137,41.508],[-112.06079,41.50774],[-112.06026,41.50741],[-112.0598,41.50703],[-112.05933,41.50649],[-112.05904,41.50603],[-112.05837,41.50449]]}},{"type":"Feature","properties":{"highway":"motorway_link"},"geometry":{"type":"LineString","coordinates":[[-112.05719,41.50988],[-112.05719,41.50999],[-112.05725,41.51026],[-112.05734,41.5106],[-112.05752,41.51084],[-112.05781,41.51111],[-112.0582,41.51133],[-112.05977,41.51214],[-112.0601,41.51233],[-112.06056,41.51268],[-112.06092,41.51304],[-112.06122,41.51341],[-112.06138,41.51368],[-112.06163,41.51418]]}},{"type":"Feature","properties":{"highway":"motorway_link"},"geometry":{"type":"LineString","coordinates":[[-113.25873,40.7258],[-113.25698,40.72605],[-113.25625,40.72619],[-113.25548,40.72629],[-113.25385,40.72641]]}},{"type":"Feature","properties":{"highway":"motorway_link"},"geometry":{"type":"LineString","coordinates":[[-113.2587,40.728],[-113.25913,40.72799],[-113.25939,40.72797],[-113.25966,40.72792],[-113.26063,40.72774],[-113.26114,40.72766],[-113.2616,40.72759],[-113.26188,40.72755],[-113.26221,40.72754],[-113.26362,40.72752],[-113.26501,40.72752],[-113.26642,40.72748]]}},{"type":"Feature","properties":{"highway":"motorway_link"},"geometry":{"type":"LineString","coordinates":[[-112.10274,41.63514],[-112.10264,41.63498],[-112.10251,41.63484],[-112.10224,41.6346],[-112.10197,41.63445],[-112.10069,41.63394],[-112.10045,41.63384],[-112.10027,41.63373],[-112.09991,41.63351],[-112.09969,41.63337],[-112.09948,41.63322],[-112.09925,41.63304],[-112.09907,41.63287],[-112.09889,41.6327],[-112.0987,41.63247],[-112.09808,41.63181]]}},{"type":"Feature","properties":{"highway":"motorway_link"},"geometry":{"type":"LineString","coordinates":[[-112.09839,41.63503],[-112.09846,41.63516],[-112.09858,41.63528],[-112.0988,41.63546],[-112.09895,41.63556],[-112.09908,41.63564],[-112.09921,41.63571],[-112.09937,41.63577],[-112.10028,41.63612],[-112.10075,41.63634],[-112.10094,41.63644],[-112.10112,41.63654],[-112.10136,41.6367],[-112.10159,41.63686],[-112.10181,41.63703],[-112.10202,41.63721],[-112.1025,41.63774],[-112.10269,41.6379]]}},{"type":"Feature","properties":{"highway":"motorway_link"},"geometry":{"type":"LineString","coordinates":[[-112.4393,41.84018],[-112.43907,41.83994],[-112.43891,41.83976],[-112.43881,41.83968],[-112.4387,41.83961],[-112.43857,41.83955],[-112.43844,41.83949],[-112.43826,41.83944],[-112.43796,41.83937],[-112.43722,41.83921],[-112.43686,41.83913],[-112.43652,41.83901],[-112.43628,41.83891],[-112.43604,41.8388],[-112.43591,41.83873],[-112.43578,41.83866],[-112.43565,41.83858],[-112.43553,41.83849],[-112.43534,41.83835],[-112.43516,41.8382],[-112.43499,41.83804],[-112.43484,41.83787],[-112.4342,41.8372]]}},{"type":"Feature","properties":{"highway":"motorway_link"},"geometry":{"type":"LineString","coordinates":[[-112.43563,41.84202],[-112.43583,41.84224],[-112.43588,41.8423],[-112.43605,41.84246],[-112.43614,41.84254],[-112.43625,41.84261],[-112.43644,41.8427],[-112.43664,41.84276],[-112.43679,41.84279],[-112.43727,41.8429],[-112.43785,41.84302],[-112.43818,41.84311],[-112.43849,41.84323],[-112.43885,41.84339],[-112.43921,41.84358],[-112.43945,41.84374],[-112.43967,41.84393],[-112.43988,41.84411],[-112.44008,41.84432],[-112.44038,41.84459]]}},{"type":"Feature","properties":{"highway":"trunk"},"geometry":{"type":"LineString","coordinates":[[-112.03087,40.67207],[-112.03076,40.67257]]}},{"type":"Feature","properties":{"highway":"trunk"},"geometry":{"type":"LineString","coordinates":[[-112.11314,41.78453],[-112.11166,41.78418]]}},{"type":"Feature","properties":{"highway":"trunk"},"geometry":{"type":"LineString","coordinates":[[-112.11166,41.78418],[-112.11016,41.78383],[-112.10951,41.78368],[-112.10884,41.78355],[-112.10801,41.78344],[-112.10713,41.78337],[-112.10625,41.78337],[-112.10537,41.78341],[-112.10388,41.78359],[-112.10237,41.78379],[-112.10223,41.78381],[-112.10085,41.78399],[-112.09604,41.78462],[-112.09285,41.78504]]}},{"type":"Feature","properties":{"highway":"trunk"},"geometry":{"type":"LineString","coordinates":[[-112.09285,41.78504],[-112.09228,41.78511]]}},{"type":"Feature","properties":{"highway":"trunk"},"geometry":{"type":"LineString","coordinates":[[-112.09023,41.78538],[-112.08934,41.78554],[-112.08807,41.78583],[-112.08734,41.786]]}},{"type":"Feature","properties":{"highway":"primary"},"geometry":{"type":"LineString","coordinates":[[-114.01872,40.74193],[-114.01898,40.74118],[-114.01906,40.74096],[-114.01917,40.74073],[-114.01929,40.74054],[-114.01964,40.74001]]}},{"type":"Feature","properties":{"highway":"motorway_link"},"geometry":{"type":"LineString","coordinates":[[-113.11503,40.73344],[-113.11544,40.73332],[-113.11573,40.73321],[-113.11588,40.73312],[-113.11627,40.73287],[-113.11756,40.73199],[-113.1178,40.73182],[-113.11804,40.73166],[-113.11854,40.73137],[-113.11885,40.73121],[-113.11916,40.73108],[-113.11976,40.73086],[-113.12026,40.73066]]}},{"type":"Feature","properties":{"highway":"motorway_link"},"geometry":{"type":"LineString","coordinates":[[-113.11351,40.73024],[-113.11316,40.73035],[-113.11295,40.73041],[-113.11278,40.73049],[-113.11257,40.73061],[-113.11181,40.73111],[-113.11076,40.73182],[-113.11037,40.73208],[-113.10993,40.73234],[-113.10956,40.73252],[-113.10917,40.73268],[-113.10831,40.73295],[-113.10768,40.73318]]}},{"type":"Feature","properties":{"highway":"motorway_link"},"geometry":{"type":"LineString","coordinates":[[-112.98506,40.76924],[-112.98528,40.76912],[-112.98588,40.76878],[-112.9863,40.76851],[-112.9867,40.76824],[-112.98714,40.76797],[-112.98756,40.76773],[-112.98812,40.76743],[-112.98867,40.76719],[-112.98919,40.76697],[-112.98973,40.76677],[-112.99076,40.76639],[-112.99196,40.76599],[-112.99247,40.76578]]}},{"type":"Feature","properties":{"highway":"motorway_link"},"geometry":{"type":"LineString","coordinates":[[-112.98384,40.76796],[-112.98363,40.76808],[-112.98319,40.76833],[-112.98305,40.76843],[-112.98284,40.76856],[-112.98263,40.76872],[-112.98222,40.76906],[-112.98183,40.76941],[-112.98142,40.76976],[-112.97983,40.77101],[-112.97869,40.77192],[-112.97747,40.77291],[-112.97719,40.77321]]}},{"type":"Feature","properties":{"highway":"motorway_link"},"geometry":{"type":"LineString","coordinates":[[-113.01716,40.75611],[-113.01692,40.75677],[-113.0167,40.75719],[-113.0165,40.75747],[-113.01623,40.75774],[-113.01589,40.75802],[-113.0154,40.75831],[-113.0149,40.75851],[-113.01444,40.75865],[-113.01211,40.75935],[-113.00978,40.76005]]}},{"type":"Feature","properties":{"highway":"motorway_link"},"geometry":{"type":"LineString","coordinates":[[-113.01141,40.76124],[-113.01163,40.76104],[-113.01183,40.76088],[-113.0123,40.7606],[-113.01307,40.76026],[-113.01645,40.7592]]}},{"type":"Feature","properties":{"highway":"motorway_link"},"geometry":{"type":"LineString","coordinates":[[-112.90394,40.82246],[-112.90424,40.82233],[-112.90453,40.8222],[-112.9048,40.82206],[-112.90505,40.82193],[-112.90529,40.82178],[-112.90553,40.8216],[-112.90604,40.82121],[-112.90639,40.82095],[-112.90677,40.8207],[-112.90708,40.82052],[-112.90813,40.81999]]}},{"type":"Feature","properties":{"highway":"motorway_link"},"geometry":{"type":"LineString","coordinates":[[-112.90307,40.82101],[-112.90202,40.82151],[-112.90144,40.82182],[-112.90126,40.82191],[-112.90109,40.82199],[-112.90083,40.82211],[-112.90056,40.82221],[-112.90029,40.82229],[-112.90007,40.82236],[-112.89984,40.82241],[-112.89962,40.82245],[-112.89942,40.82249],[-112.8992,40.82252],[-112.89862,40.82263]]}},{"type":"Feature","properties":{"highway":"motorway_link"},"geometry":{"type":"LineString","coordinates":[[-112.65305,40.74524],[-112.65277,40.74521],[-112.65137,40.74508],[-112.64942,40.74504],[-112.64686,40.74509]]}},{"type":"Feature","properties":{"highway":"motorway_link"},"geometry":{"type":"LineString","coordinates":[[-112.65268,40.74642],[-112.65296,40.74644],[-112.65365,40.74649],[-112.65465,40.74653],[-112.65543,40.74654],[-112.65726,40.74664],[-112.66004,40.74683]]}},{"type":"Feature","properties":{"highway":"primary"},"geometry":{"type":"LineString","coordinates":[[-112.02596,41.17934],[-112.02594,41.1813],[-112.02594,41.18206],[-112.02594,41.18232],[-112.02594,41.18245],[-112.02594,41.18264],[-112.02594,41.18271]]}},{"type":"Feature","properties":{"highway":"primary"},"geometry":{"type":"LineString","coordinates":[[-112.02584,41.19073],[-112.02585,41.19084],[-112.02586,41.19111],[-112.02586,41.1915],[-112.02586,41.19152]]}},{"type":"Feature","properties":{"highway":"primary"},"geometry":{"type":"LineString","coordinates":[[-112.02478,40.58793],[-112.02512,40.58799]]}},{"type":"Feature","properties":{"highway":"primary"},"geometry":{"type":"LineString","coordinates":[[-112.42228,40.59182],[-112.4224,40.5919],[-112.4229,40.59218],[-112.4232,40.59233],[-112.42333,40.59238]]}},{"type":"Feature","properties":{"highway":"primary"},"geometry":{"type":"LineString","coordinates":[[-112.42333,40.59238],[-112.42341,40.59243],[-112.42357,40.59255],[-112.42387,40.59275],[-112.42425,40.59305],[-112.4246,40.59338],[-112.42488,40.59369],[-112.42514,40.59403],[-112.42536,40.59436],[-112.42554,40.59469],[-112.42574,40.59514],[-112.42587,40.59559],[-112.42589,40.59567],[-112.42591,40.5958],[-112.42594,40.59593],[-112.42597,40.59627],[-112.42598,40.59639],[-112.42598,40.59697],[-112.42598,40.59707],[-112.42598,40.59757],[-112.42598,40.59783],[-112.42598,40.59878]]}},{"type":"Feature","properties":{"highway":"primary"},"geometry":{"type":"LineString","coordinates":[[-112.42333,40.59238],[-112.42323,40.59229],[-112.42286,40.59208],[-112.42245,40.59188],[-112.42236,40.59183],[-112.42228,40.59182]]}},{"type":"Feature","properties":{"highway":"trunk"},"geometry":{"type":"LineString","coordinates":[[-112.28812,40.64521],[-112.28816,40.645],[-112.28812,40.64476],[-112.2879,40.64308],[-112.28787,40.64256],[-112.28789,40.64183],[-112.28795,40.64149],[-112.28807,40.64086],[-112.28864,40.63876],[-112.28901,40.63737],[-112.2892,40.6367],[-112.28946,40.6357],[-112.29025,40.63277],[-112.29046,40.63208],[-112.29049,40.63188]]}},{"type":"Feature","properties":{"highway":"trunk"},"geometry":{"type":"LineString","coordinates":[[-112.29416,40.6019],[-112.29422,40.6038],[-112.29426,40.60551],[-112.29432,40.60844],[-112.29434,40.60913],[-112.29436,40.61053],[-112.29436,40.6106],[-112.2944,40.61112],[-112.29449,40.61202]]}},{"type":"Feature","properties":{"highway":"trunk"},"geometry":{"type":"LineString","coordinates":[[-112.29413,40.59328],[-112.29404,40.58952],[-112.29398,40.58638],[-112.29395,40.58489],[-112.29394,40.58465],[-112.29389,40.58216],[-112.29388,40.5813],[-112.2939,40.58087],[-112.29393,40.58043],[-112.29396,40.58008]]}},{"type":"Feature","properties":{"highway":"trunk_link"},"geometry":{"type":"LineString","coordinates":[[-112.29559,40.56856],[-112.29547,40.569],[-112.2954,40.56912],[-112.29528,40.56919],[-112.2951,40.56924]]}},{"type":"Feature","properties":{"highway":"trunk_link"},"geometry":{"type":"LineString","coordinates":[[-112.2951,40.56924],[-112.29522,40.56928],[-112.29532,40.56937],[-112.29537,40.56948],[-112.29542,40.56982]]}},{"type":"Feature","properties":{"highway":"trunk"},"geometry":{"type":"LineString","coordinates":[[-112.29689,40.55864],[-112.29639,40.56198]]}},{"type":"Feature","properties":{"highway":"trunk"},"geometry":{"type":"LineString","coordinates":[[-112.29689,40.55864],[-112.29699,40.55849],[-112.29707,40.55803],[-112.29715,40.55758],[-112.29713,40.5574]]}},{"type":"Feature","properties":{"highway":"trunk"},"geometry":{"type":"LineString","coordinates":[[-112.29713,40.5574],[-112.29703,40.55758],[-112.29687,40.55848],[-112.29689,40.55864]]}},{"type":"Feature","properties":{"highway":"primary"},"geometry":{"type":"LineString","coordinates":[[-112.1413,41.6833],[-112.14129,41.68287]]}},{"type":"Feature","properties":{"highway":"primary"},"geometry":{"type":"LineString","coordinates":[[-112.0095,41.24464],[-112.0094,41.24464],[-112.00881,41.24464],[-112.0085,41.24463],[-112.00739,41.24462],[-112.00546,41.24459],[-112.00523,41.24459],[-112.00509,41.24459],[-112.00448,41.24458],[-112.00368,41.24457],[-112.00363,41.24457],[-112.00254,41.24456],[-112.00164,41.24455],[-112.00096,41.24454],[-112.0004,41.24453],[-111.99921,41.24452],[-111.99892,41.24451],[-111.99869,41.24451],[-111.99823,41.2445],[-111.99736,41.24449],[-111.99719,41.24449],[-111.99656,41.24448],[-111.99642,41.24448],[-111.99605,41.24448],[-111.99469,41.24446],[-111.99466,41.24446],[-111.99455,41.24446]]}},{"type":"Feature","properties":{"highway":"primary"},"geometry":{"type":"LineString","coordinates":[[-112.02404,40.55447],[-112.02411,40.55443],[-112.02415,40.5544],[-112.02422,40.55436]]}},{"type":"Feature","properties":{"highway":"primary"},"geometry":{"type":"LineString","coordinates":[[-112.01858,40.55734],[-112.01848,40.55739],[-112.01833,40.55749],[-112.01824,40.55755],[-112.01812,40.55762],[-112.0165,40.55853],[-112.01644,40.55857],[-112.01545,40.55913],[-112.01515,40.5593],[-112.01485,40.55947],[-112.01482,40.55949],[-112.01471,40.55954]]}},{"type":"Feature","properties":{"highway":"primary"},"geometry":{"type":"LineString","coordinates":[[-112.02422,40.55436],[-112.02434,40.5543],[-112.02444,40.55424],[-112.02551,40.55362],[-112.02642,40.55311],[-112.02691,40.55284],[-112.02737,40.55259],[-112.02784,40.55234]]}},{"type":"Feature","properties":{"highway":"primary"},"geometry":{"type":"LineString","coordinates":[[-111.99919,40.54789],[-111.99925,40.54791],[-111.99941,40.54795],[-111.99957,40.54799],[-111.99974,40.54802],[-111.99991,40.54804],[-112.00008,40.54805],[-112.00025,40.54806],[-112.00042,40.54807],[-112.00059,40.54806],[-112.00076,40.54805],[-112.00093,40.54803],[-112.0011,40.548],[-112.00127,40.54797],[-112.00133,40.54795],[-112.0014,40.54794],[-112.00155,40.5479],[-112.00169,40.54785],[-112.00184,40.5478],[-112.00201,40.54773],[-112.00218,40.54766],[-112.00236,40.54759],[-112.0025,40.54752],[-112.00263,40.54746],[-112.00278,40.54738],[-112.00286,40.54734]]}},{"type":"Feature","properties":{"highway":"primary"},"geometry":{"type":"LineString","coordinates":[[-112.00939,40.56214],[-112.0084,40.56214]]}},{"type":"Feature","properties":{"highway":"primary"},"geometry":{"type":"LineString","coordinates":[[-112.0094,40.56222],[-112.00953,40.56221],[-112.0097,40.56219],[-112.00987,40.56217],[-112.01007,40.56214],[-112.01027,40.5621]]}},{"type":"Feature","properties":{"highway":"primary"},"geometry":{"type":"LineString","coordinates":[[-112.0084,40.56214],[-112.00771,40.56213],[-112.00715,40.56212],[-112.006,40.56212],[-112.00593,40.56212],[-112.00588,40.56212],[-112.00583,40.56212],[-112.00577,40.56211]]}},{"type":"Feature","properties":{"highway":"primary"},"geometry":{"type":"LineString","coordinates":[[-112.0084,40.56222],[-112.0094,40.56222]]}},{"type":"Feature","properties":{"highway":"primary"},"geometry":{"type":"LineString","coordinates":[[-112.02994,40.55109],[-112.02889,40.55161],[-112.02876,40.55167]]}},{"type":"Feature","properties":{"highway":"primary"},"geometry":{"type":"LineString","coordinates":[[-112.16607,41.71178],[-112.16593,41.71179],[-112.16534,41.7118],[-112.16473,41.71181],[-112.16461,41.71182],[-112.16449,41.71182],[-112.16391,41.71184],[-112.16324,41.71185],[-112.16238,41.71187],[-112.16185,41.71189],[-112.16172,41.71189]]}},{"type":"Feature","properties":{"highway":"primary"},"geometry":{"type":"LineString","coordinates":[[-112.04827,41.19065],[-112.04845,41.19048],[-112.04882,41.19014]]}},{"type":"Feature","properties":{"highway":"primary_link"},"geometry":{"type":"LineString","coordinates":[[-112.00882,40.54386],[-112.00893,40.54372],[-112.00918,40.54354],[-112.00931,40.54346],[-112.00935,40.54344],[-112.00943,40.54333]]}},{"type":"Feature","properties":{"highway":"primary_link"},"geometry":{"type":"LineString","coordinates":[[-112.01027,40.54285],[-112.01018,40.54295],[-112.00982,40.54323],[-112.00966,40.54332],[-112.00964,40.54334],[-112.00955,40.54345]]}},{"type":"Feature","properties":{"highway":"primary_link"},"geometry":{"type":"LineString","coordinates":[[-112.01112,40.54255],[-112.01123,40.54241],[-112.01148,40.54223],[-112.01157,40.54217],[-112.01161,40.54215],[-112.01169,40.5421]]}},{"type":"Feature","properties":{"highway":"primary_link"},"geometry":{"type":"LineString","coordinates":[[-112.01306,40.54129],[-112.01286,40.54147],[-112.0126,40.54165],[-112.01245,40.54175],[-112.01242,40.54176],[-112.01234,40.54182]]}},{"type":"Feature","properties":{"highway":"primary_link"},"geometry":{"type":"LineString","coordinates":[[-112.01525,40.54011],[-112.01501,40.54032],[-112.01481,40.54045],[-112.01478,40.54047],[-112.01471,40.5406]]}},{"type":"Feature","properties":{"highway":"primary_link"},"geometry":{"type":"LineString","coordinates":[[-112.01383,40.54106],[-112.0143,40.54069],[-112.01448,40.5406],[-112.0145,40.54058],[-112.01457,40.54055]]}},{"type":"Feature","properties":{"highway":"primary"},"geometry":{"type":"LineString","coordinates":[[-112.01463,40.54044],[-112.01452,40.5405]]}},{"type":"Feature","properties":{"highway":"primary"},"geometry":{"type":"LineString","coordinates":[[-112.01471,40.5406],[-112.01483,40.54052],[-112.01506,40.5404],[-112.01562,40.54012],[-112.01584,40.54],[-112.01682,40.53946],[-112.01684,40.53944],[-112.01695,40.53938]]}},{"type":"Feature","properties":{"highway":"primary_link"},"geometry":{"type":"LineString","coordinates":[[-112.01457,40.54055],[-112.01463,40.54044]]}},{"type":"Feature","properties":{"highway":"primary"},"geometry":{"type":"LineString","coordinates":[[-112.01226,40.54173],[-112.01174,40.54202],[-112.01165,40.54207]]}},{"type":"Feature","properties":{"highway":"primary_link"},"geometry":{"type":"LineString","coordinates":[[-112.01234,40.54182],[-112.01192,40.54203],[-112.01187,40.54207],[-112.01183,40.54211],[-112.0118,40.54215],[-112.01177,40.54219]]}},{"type":"Feature","properties":{"highway":"primary"},"geometry":{"type":"LineString","coordinates":[[-112.01237,40.54185],[-112.01245,40.5418],[-112.01383,40.54106],[-112.01456,40.54068],[-112.01459,40.54067],[-112.01471,40.5406]]}},{"type":"Feature","properties":{"highway":"primary_link"},"geometry":{"type":"LineString","coordinates":[[-112.01169,40.5421],[-112.01211,40.54188],[-112.01217,40.54183],[-112.01221,40.54179],[-112.01226,40.54173]]}},{"type":"Feature","properties":{"highway":"primary"},"geometry":{"type":"LineString","coordinates":[[-112.00955,40.54345],[-112.00968,40.54337],[-112.01041,40.54296],[-112.01112,40.54255],[-112.01117,40.54253],[-112.01166,40.54225],[-112.01169,40.54223],[-112.01177,40.54219]]}},{"type":"Feature","properties":{"highway":"primary"},"geometry":{"type":"LineString","coordinates":[[-112.00943,40.54333],[-112.00931,40.5434],[-112.00777,40.54427],[-112.00679,40.54482],[-112.00666,40.54489],[-112.0066,40.54493],[-112.00655,40.54495],[-112.0065,40.54498],[-112.00644,40.54499],[-112.00639,40.545],[-112.00633,40.54501],[-112.00627,40.54501],[-112.00617,40.54503]]}},{"type":"Feature","properties":{"highway":"primary"},"geometry":{"type":"LineString","coordinates":[[-112.02876,40.55167],[-112.02862,40.55173],[-112.0281,40.552],[-112.0272,40.55246],[-112.02629,40.55297],[-112.02472,40.55386]]}},{"type":"Feature","properties":{"highway":"primary_link"},"geometry":{"type":"LineString","coordinates":[[-112.02642,40.55311],[-112.02637,40.55306],[-112.02634,40.55302],[-112.02629,40.55297]]}},{"type":"Feature","properties":{"highway":"trunk"},"geometry":{"type":"LineString","coordinates":[[-112.11742,41.78542],[-112.11714,41.78538],[-112.11641,41.78527],[-112.11395,41.78471],[-112.11314,41.78453]]}},{"type":"Feature","properties":{"highway":"trunk"},"geometry":{"type":"LineString","coordinates":[[-112.1195,41.78551],[-112.11927,41.78552]]}},{"type":"Feature","properties":{"highway":"trunk"},"geometry":{"type":"LineString","coordinates":[[-112.03136,40.67239],[-112.03159,40.6714],[-112.03192,40.67043],[-112.03226,40.66952],[-112.03266,40.66863]]}},{"type":"Feature","properties":{"highway":"trunk"},"geometry":{"type":"LineString","coordinates":[[-112.03126,40.67288],[-112.03136,40.67239]]}},{"type":"Feature","properties":{"highway":"trunk"},"geometry":{"type":"LineString","coordinates":[[-112.03076,40.67257],[-112.03051,40.67431]]}},{"type":"Feature","properties":{"highway":"trunk"},"geometry":{"type":"LineString","coordinates":[[-112.0333,40.66738],[-112.0341,40.66607],[-112.03457,40.66545],[-112.03506,40.66481],[-112.03571,40.66404],[-112.03721,40.66249],[-112.03808,40.66172],[-112.03898,40.66098],[-112.04031,40.65989],[-112.04089,40.65942],[-112.04187,40.65864]]}},{"type":"Feature","properties":{"highway":"trunk"},"geometry":{"type":"LineString","coordinates":[[-112.03266,40.66863],[-112.03281,40.66832]]}},{"type":"Feature","properties":{"highway":"trunk"},"geometry":{"type":"LineString","coordinates":[[-112.03206,40.66862],[-112.03166,40.66948],[-112.03134,40.67036],[-112.03109,40.67112],[-112.03087,40.67207]]}},{"type":"Feature","properties":{"highway":"primary"},"geometry":{"type":"LineString","coordinates":[[-112.02583,41.20011],[-112.02583,41.19944]]}},{"type":"Feature","properties":{"highway":"primary"},"geometry":{"type":"LineString","coordinates":[[-112.00589,41.20492],[-112.00646,41.20482]]}},{"type":"Feature","properties":{"highway":"primary"},"geometry":{"type":"LineString","coordinates":[[-112.00808,41.20434],[-112.00749,41.20452],[-112.00714,41.20462],[-112.00694,41.20466],[-112.00669,41.20473],[-112.00646,41.20482]]}},{"type":"Feature","properties":{"highway":"primary"},"geometry":{"type":"LineString","coordinates":[[-112.02412,41.19863],[-112.02475,41.19844],[-112.02528,41.19828],[-112.02561,41.19821],[-112.02583,41.19816]]}},{"type":"Feature","properties":{"highway":"primary"},"geometry":{"type":"LineString","coordinates":[[-112.00582,41.20493],[-112.00589,41.20492]]}},{"type":"Feature","properties":{"highway":"primary"},"geometry":{"type":"LineString","coordinates":[[-112.00349,41.20507],[-112.00434,41.20507],[-112.00475,41.20505],[-112.00518,41.20502]]}},{"type":"Feature","properties":{"highway":"primary_link"},"geometry":{"type":"LineString","coordinates":[[-112.00649,41.20424],[-112.0064,41.2044],[-112.00638,41.20454],[-112.00633,41.20465],[-112.00625,41.20472],[-112.00603,41.20482],[-112.00589,41.20492]]}},{"type":"Feature","properties":{"highway":"primary_link"},"geometry":{"type":"LineString","coordinates":[[-112.00646,41.20515],[-112.00654,41.20503],[-112.00658,41.20497],[-112.00665,41.20491],[-112.00688,41.20479]]}},{"type":"Feature","properties":{"highway":"motorway_link"},"geometry":{"type":"LineString","coordinates":[[-112.75938,41.96369],[-112.75898,41.96361]]}},{"type":"Feature","properties":{"highway":"motorway_link"},"geometry":{"type":"LineString","coordinates":[[-112.76014,41.96356],[-112.75954,41.9636],[-112.75931,41.96361],[-112.75898,41.96361]]}},{"type":"Feature","properties":{"highway":"primary"},"geometry":{"type":"LineString","coordinates":[[-112.75833,41.96407],[-112.75884,41.96387],[-112.75938,41.96369]]}},{"type":"Feature","properties":{"highway":"primary"},"geometry":{"type":"LineString","coordinates":[[-112.75769,41.96432],[-112.75833,41.96407]]}},{"type":"Feature","properties":{"highway":"motorway_link"},"geometry":{"type":"LineString","coordinates":[[-112.75471,41.96547],[-112.7555,41.96566]]}},{"type":"Feature","properties":{"highway":"primary"},"geometry":{"type":"LineString","coordinates":[[-112.75562,41.96519],[-112.75658,41.96479]]}},{"type":"Feature","properties":{"highway":"primary"},"geometry":{"type":"LineString","coordinates":[[-112.01679,40.53921],[-112.01668,40.53927],[-112.01634,40.53947],[-112.01617,40.53957],[-112.01594,40.53971],[-112.01556,40.53994],[-112.01541,40.54003]]}},{"type":"Feature","properties":{"highway":"trunk_link"},"geometry":{"type":"LineString","coordinates":[[-112.06439,40.71827],[-112.0637,40.71833],[-112.06361,40.71835],[-112.06353,40.71837],[-112.06345,40.7184],[-112.06338,40.71844],[-112.06333,40.71847],[-112.06319,40.71856]]}},{"type":"Feature","properties":{"highway":"motorway_link"},"geometry":{"type":"LineString","coordinates":[[-112.06133,40.71878],[-112.06147,40.71877],[-112.06162,40.71875],[-112.06182,40.71874],[-112.06202,40.71874],[-112.06244,40.71875],[-112.06254,40.71875],[-112.06259,40.71875],[-112.06264,40.71874],[-112.06271,40.71873],[-112.06278,40.71872],[-112.06285,40.71869],[-112.06299,40.71865],[-112.06309,40.71861],[-112.06319,40.71856]]}},{"type":"Feature","properties":{"highway":"trunk"},"geometry":{"type":"LineString","coordinates":[[-112.04151,40.65778],[-112.04119,40.65819]]}},{"type":"Feature","properties":{"highway":"trunk"},"geometry":{"type":"LineString","coordinates":[[-112.04119,40.65819],[-112.04031,40.65926],[-112.03956,40.65993],[-112.03879,40.66055],[-112.03806,40.6611],[-112.03737,40.66167],[-112.03665,40.66236],[-112.03635,40.66265],[-112.03595,40.66305],[-112.03526,40.66379],[-112.03461,40.66455],[-112.03383,40.66557],[-112.03271,40.66737]]}},{"type":"Feature","properties":{"highway":"trunk"},"geometry":{"type":"LineString","coordinates":[[-112.04187,40.65864],[-112.04222,40.65836]]}},{"type":"Feature","properties":{"highway":"trunk"},"geometry":{"type":"LineString","coordinates":[[-112.04222,40.65836],[-112.04289,40.65778],[-112.04352,40.65708],[-112.04399,40.65641],[-112.04436,40.65568],[-112.04471,40.65459]]}},{"type":"Feature","properties":{"highway":"trunk"},"geometry":{"type":"LineString","coordinates":[[-112.03222,40.6683],[-112.03206,40.66862]]}},{"type":"Feature","properties":{"highway":"trunk"},"geometry":{"type":"LineString","coordinates":[[-112.03247,40.66777],[-112.03222,40.6683]]}},{"type":"Feature","properties":{"highway":"trunk"},"geometry":{"type":"LineString","coordinates":[[-112.0331,40.66776],[-112.0333,40.66738]]}},{"type":"Feature","properties":{"highway":"trunk"},"geometry":{"type":"LineString","coordinates":[[-112.03281,40.66832],[-112.0331,40.66776]]}},{"type":"Feature","properties":{"highway":"trunk"},"geometry":{"type":"LineString","coordinates":[[-112.03103,40.67465],[-112.03106,40.67431]]}},{"type":"Feature","properties":{"highway":"trunk"},"geometry":{"type":"LineString","coordinates":[[-112.03106,40.67431],[-112.03113,40.67356],[-112.03126,40.67288]]}},{"type":"Feature","properties":{"highway":"trunk"},"geometry":{"type":"LineString","coordinates":[[-112.03048,40.67465],[-112.03042,40.67568],[-112.03035,40.67713]]}},{"type":"Feature","properties":{"highway":"trunk"},"geometry":{"type":"LineString","coordinates":[[-112.03051,40.67431],[-112.03048,40.67465]]}},{"type":"Feature","properties":{"highway":"trunk"},"geometry":{"type":"LineString","coordinates":[[-112.03134,40.68007],[-112.03132,40.67984]]}},{"type":"Feature","properties":{"highway":"trunk"},"geometry":{"type":"LineString","coordinates":[[-112.03132,40.67984],[-112.03112,40.67745]]}},{"type":"Feature","properties":{"highway":"trunk"},"geometry":{"type":"LineString","coordinates":[[-112.03112,40.67745],[-112.03109,40.67714]]}},{"type":"Feature","properties":{"highway":"trunk"},"geometry":{"type":"LineString","coordinates":[[-112.03032,40.68006],[-112.03032,40.68049],[-112.03022,40.68189],[-112.03021,40.68192],[-112.03021,40.68202]]}},{"type":"Feature","properties":{"highway":"trunk"},"geometry":{"type":"LineString","coordinates":[[-112.03035,40.67713],[-112.03034,40.67744]]}},{"type":"Feature","properties":{"highway":"trunk"},"geometry":{"type":"LineString","coordinates":[[-112.03109,40.67714],[-112.03102,40.67646],[-112.03099,40.67584],[-112.031,40.67525],[-112.03103,40.67465]]}},{"type":"Feature","properties":{"highway":"primary"},"geometry":{"type":"LineString","coordinates":[[-112.02911,40.53694],[-112.02928,40.537],[-112.03085,40.537]]}},{"type":"Feature","properties":{"highway":"primary"},"geometry":{"type":"LineString","coordinates":[[-112.02274,40.53694],[-112.02256,40.53689],[-112.02205,40.53689],[-112.02191,40.53689],[-112.02176,40.5369],[-112.02161,40.53691],[-112.02146,40.53693],[-112.02131,40.53695],[-112.02115,40.53698],[-112.021,40.53702],[-112.02086,40.53706],[-112.02071,40.53711],[-112.02058,40.53716],[-112.02045,40.53722],[-112.01997,40.53747]]}},{"type":"Feature","properties":{"highway":"motorway"},"geometry":{"type":"LineString","coordinates":[[-112.11422,41.65196],[-112.11633,41.65455]]}},{"type":"Feature","properties":{"highway":"motorway"},"geometry":{"type":"LineString","coordinates":[[-112.11662,41.65444],[-112.11448,41.65183]]}},{"type":"Feature","properties":{"highway":"motorway"},"geometry":{"type":"LineString","coordinates":[[-112.20018,41.70833],[-112.20031,41.7084],[-112.20191,41.70916]]}},{"type":"Feature","properties":{"highway":"motorway"},"geometry":{"type":"LineString","coordinates":[[-112.19941,41.70796],[-112.20018,41.70833]]}},{"type":"Feature","properties":{"highway":"motorway"},"geometry":{"type":"LineString","coordinates":[[-112.19786,41.70722],[-112.19941,41.70796]]}},{"type":"Feature","properties":{"highway":"motorway"},"geometry":{"type":"LineString","coordinates":[[-112.19965,41.70775],[-112.19533,41.7057],[-112.19277,41.70447],[-112.19223,41.70422],[-112.19137,41.70381]]}},{"type":"Feature","properties":{"highway":"motorway"},"geometry":{"type":"LineString","coordinates":[[-112.20037,41.70809],[-112.19965,41.70775]]}},{"type":"Feature","properties":{"highway":"motorway"},"geometry":{"type":"LineString","coordinates":[[-112.20186,41.70881],[-112.20037,41.70809]]}},{"type":"Feature","properties":{"highway":"motorway"},"geometry":{"type":"LineString","coordinates":[[-112.63815,41.92624],[-112.63884,41.92663]]}},{"type":"Feature","properties":{"highway":"motorway"},"geometry":{"type":"LineString","coordinates":[[-112.63788,41.9261],[-112.63815,41.92624]]}},{"type":"Feature","properties":{"highway":"motorway"},"geometry":{"type":"LineString","coordinates":[[-112.63537,41.92471],[-112.63788,41.9261]]}},{"type":"Feature","properties":{"highway":"motorway"},"geometry":{"type":"LineString","coordinates":[[-112.63899,41.92651],[-112.63827,41.92609]]}},{"type":"Feature","properties":{"highway":"motorway"},"geometry":{"type":"LineString","coordinates":[[-112.63804,41.92596],[-112.6355,41.92455]]}},{"type":"Feature","properties":{"highway":"motorway"},"geometry":{"type":"LineString","coordinates":[[-112.63827,41.92609],[-112.63804,41.92596]]}},{"type":"Feature","properties":{"highway":"motorway"},"geometry":{"type":"LineString","coordinates":[[-112.39853,41.81494],[-112.40004,41.81476],[-112.40129,41.81467],[-112.40236,41.81467],[-112.40388,41.81475],[-112.40509,41.81488],[-112.4062,41.81506],[-112.40762,41.81538],[-112.40855,41.81565],[-112.40953,41.816],[-112.41037,41.81633],[-112.41184,41.81704]]}},{"type":"Feature","properties":{"highway":"motorway"},"geometry":{"type":"LineString","coordinates":[[-112.39798,41.81503],[-112.39853,41.81494]]}},{"type":"Feature","properties":{"highway":"motorway"},"geometry":{"type":"LineString","coordinates":[[-112.39644,41.81527],[-112.39798,41.81503]]}},{"type":"Feature","properties":{"highway":"motorway"},"geometry":{"type":"LineString","coordinates":[[-112.39794,41.81483],[-112.39637,41.81506]]}},{"type":"Feature","properties":{"highway":"motorway"},"geometry":{"type":"LineString","coordinates":[[-112.3985,41.81476],[-112.39794,41.81483]]}},{"type":"Feature","properties":{"highway":"motorway"},"geometry":{"type":"LineString","coordinates":[[-112.41194,41.81686],[-112.41145,41.81658],[-112.41092,41.81635],[-112.41011,41.81599],[-112.40907,41.81559],[-112.40826,41.81533],[-112.40698,41.81504],[-112.40568,41.81477],[-112.40505,41.81467],[-112.40435,41.81459],[-112.40357,41.81453],[-112.40243,41.81449],[-112.40106,41.8145],[-112.39958,41.8146],[-112.3985,41.81476]]}},{"type":"Feature","properties":{"highway":"motorway"},"geometry":{"type":"LineString","coordinates":[[-112.09552,41.62913],[-112.09737,41.63137],[-112.10269,41.6379],[-112.10492,41.64064],[-112.10821,41.64466],[-112.11024,41.64712],[-112.11247,41.64984],[-112.11361,41.65122]]}},{"type":"Feature","properties":{"highway":"motorway"},"geometry":{"type":"LineString","coordinates":[[-112.09511,41.62865],[-112.09552,41.62913]]}},{"type":"Feature","properties":{"highway":"motorway"},"geometry":{"type":"LineString","coordinates":[[-112.09468,41.62815],[-112.09511,41.62865]]}},{"type":"Feature","properties":{"highway":"motorway"},"geometry":{"type":"LineString","coordinates":[[-112.09537,41.62854],[-112.09496,41.62803]]}},{"type":"Feature","properties":{"highway":"motorway"},"geometry":{"type":"LineString","coordinates":[[-112.09579,41.62903],[-112.09537,41.62854]]}},{"type":"Feature","properties":{"highway":"motorway"},"geometry":{"type":"LineString","coordinates":[[-112.11388,41.65111],[-112.11272,41.6497],[-112.11049,41.64694],[-112.10851,41.64456],[-112.10517,41.64046],[-112.10373,41.63871],[-112.09808,41.63181],[-112.09579,41.62903]]}},{"type":"Feature","properties":{"highway":"primary"},"geometry":{"type":"LineString","coordinates":[[-114.09435,41.3306],[-114.09357,41.33172],[-114.09304,41.33241],[-114.09194,41.33399],[-114.09113,41.33518],[-114.08571,41.34304],[-114.08397,41.3456],[-114.08341,41.34638],[-114.08173,41.34885],[-114.08136,41.34937],[-114.07926,41.35241],[-114.0782,41.35396],[-114.07744,41.35501],[-114.07712,41.35542],[-114.07658,41.35602],[-114.07633,41.35628],[-114.0759,41.3567],[-114.07543,41.35712],[-114.07506,41.35743],[-114.0747,41.35771],[-114.07404,41.35818],[-114.07355,41.35852],[-114.07307,41.35883],[-114.07219,41.35931],[-114.07139,41.35971],[-114.07096,41.35991],[-114.07079,41.35998],[-114.07021,41.36023],[-114.06956,41.36047],[-114.06899,41.36066],[-114.06826,41.36089],[-114.06572,41.36157],[-114.06152,41.36267],[-114.06044,41.36297],[-114.05767,41.36368],[-114.05599,41.36413],[-114.05108,41.36544],[-114.04429,41.36721],[-114.04157,41.36794],[-114.04026,41.36829]]}},{"type":"Feature","properties":{"highway":"motorway_link"},"geometry":{"type":"LineString","coordinates":[[-112.71063,41.96292],[-112.71071,41.96277],[-112.71081,41.96269],[-112.71092,41.96263],[-112.71204,41.96243],[-112.71334,41.9622],[-112.71464,41.96197],[-112.71491,41.96192],[-112.71518,41.96188],[-112.71542,41.96186],[-112.71565,41.96184],[-112.71587,41.96183],[-112.71609,41.96182],[-112.71653,41.96182],[-112.71739,41.96181],[-112.71965,41.96179],[-112.72033,41.96174]]}},{"type":"Feature","properties":{"highway":"motorway_link"},"geometry":{"type":"LineString","coordinates":[[-112.72103,41.96141],[-112.72037,41.96135],[-112.71947,41.96131],[-112.71856,41.96127],[-112.71833,41.96126],[-112.71809,41.96124],[-112.71785,41.96122],[-112.71761,41.96119],[-112.71723,41.96112],[-112.71593,41.96086],[-112.71397,41.96045],[-112.71161,41.95997],[-112.711,41.95984],[-112.71081,41.95982],[-112.7106,41.95981]]}},{"type":"Feature","properties":{"highway":"motorway_link"},"geometry":{"type":"LineString","coordinates":[[-112.29651,41.7976],[-112.29693,41.79782],[-112.29796,41.79819],[-112.29886,41.79851],[-112.29963,41.79879],[-112.30025,41.79904],[-112.30062,41.79919],[-112.30095,41.79934],[-112.30162,41.79966],[-112.30251,41.80008],[-112.30286,41.80023],[-112.30322,41.80035],[-112.30371,41.80049],[-112.30382,41.80053],[-112.30399,41.80058]]}},{"type":"Feature","properties":{"highway":"motorway_link"},"geometry":{"type":"LineString","coordinates":[[-112.4118,41.81756],[-112.41204,41.81771],[-112.41254,41.81798],[-112.4129,41.81816],[-112.41328,41.81832],[-112.41392,41.81857],[-112.41456,41.81882],[-112.41494,41.81899],[-112.41531,41.81918],[-112.41564,41.81937],[-112.41603,41.81957]]}},{"type":"Feature","properties":{"highway":"motorway_link"},"geometry":{"type":"LineString","coordinates":[[-112.41285,41.81635],[-112.41266,41.81628],[-112.41179,41.81599],[-112.41153,41.81592],[-112.41127,41.81585],[-112.41097,41.81578],[-112.41017,41.81561],[-112.40949,41.81548],[-112.40836,41.81526],[-112.40632,41.81485],[-112.40568,41.81477]]}},{"type":"Feature","properties":{"highway":"motorway_link"},"geometry":{"type":"LineString","coordinates":[[-112.48979,41.88539],[-112.49008,41.88545],[-112.4903,41.88551],[-112.49109,41.88571],[-112.49167,41.88579],[-112.49253,41.88587],[-112.49304,41.88592],[-112.4961,41.88666]]}},{"type":"Feature","properties":{"highway":"motorway_link"},"geometry":{"type":"LineString","coordinates":[[-112.49028,41.88435],[-112.49006,41.8843],[-112.48903,41.88404],[-112.48875,41.88399],[-112.4885,41.88396],[-112.4876,41.88387],[-112.48722,41.88383],[-112.48688,41.88378],[-112.48645,41.88371],[-112.48582,41.8836]]}},{"type":"Feature","properties":{"highway":"motorway_link"},"geometry":{"type":"LineString","coordinates":[[-112.57929,41.89988],[-112.57901,41.89946],[-112.57869,41.89904],[-112.57798,41.89811],[-112.57762,41.89764],[-112.57744,41.89741],[-112.57724,41.89718],[-112.57704,41.89697],[-112.57683,41.89676],[-112.57662,41.89657],[-112.5764,41.89639],[-112.57618,41.89622],[-112.57593,41.89605],[-112.57569,41.89589],[-112.57543,41.89573],[-112.57499,41.89549],[-112.57455,41.89526]]}},{"type":"Feature","properties":{"highway":"motorway_link"},"geometry":{"type":"LineString","coordinates":[[-112.57385,41.89609],[-112.57404,41.89619],[-112.5745,41.89641],[-112.57515,41.89673],[-112.57554,41.89692],[-112.57592,41.89711],[-112.57615,41.89723],[-112.57637,41.89736],[-112.57657,41.8975],[-112.57676,41.89764],[-112.57694,41.89778],[-112.57711,41.89793],[-112.57743,41.89824],[-112.57758,41.89839],[-112.57773,41.89855],[-112.57801,41.89887],[-112.5783,41.89919],[-112.57871,41.89965],[-112.57903,41.90001],[-112.57932,41.90026]]}},{"type":"Feature","properties":{"highway":"motorway_link"},"geometry":{"type":"LineString","coordinates":[[-112.06316,40.77208],[-112.06337,40.77208],[-112.06365,40.77208],[-112.06386,40.77207],[-112.06432,40.77204],[-112.06463,40.77201],[-112.0649,40.77195],[-112.06521,40.77189],[-112.06708,40.77137],[-112.06766,40.77127],[-112.06816,40.77123],[-112.07236,40.77113]]}},{"type":"Feature","properties":{"highway":"motorway_link"},"geometry":{"type":"LineString","coordinates":[[-112.18448,40.74619],[-112.18499,40.74542],[-112.18585,40.74417],[-112.1872,40.74227],[-112.18756,40.7419],[-112.18859,40.74103]]}},{"type":"Feature","properties":{"highway":"motorway_link"},"geometry":{"type":"LineString","coordinates":[[-112.1884,40.74085],[-112.18746,40.74147],[-112.18694,40.74169],[-112.1864,40.74184],[-112.18583,40.74192],[-112.1828,40.74207],[-112.18237,40.74216],[-112.18191,40.74231],[-112.18152,40.74253],[-112.18052,40.74319],[-112.18042,40.74325]]}},{"type":"Feature","properties":{"highway":"primary"},"geometry":{"type":"LineString","coordinates":[[-112.47744,40.59998],[-112.4791,40.59999],[-112.47999,40.6],[-112.48014,40.6],[-112.48049,40.60002]]}},{"type":"Feature","properties":{"highway":"primary"},"geometry":{"type":"LineString","coordinates":[[-112.46964,40.59994],[-112.47067,40.59994]]}},{"type":"Feature","properties":{"highway":"motorway"},"geometry":{"type":"LineString","coordinates":[[-112.29785,40.6703],[-112.30098,40.66912],[-112.30306,40.66844],[-112.3031,40.66842]]}},{"type":"Feature","properties":{"highway":"motorway"},"geometry":{"type":"LineString","coordinates":[[-112.30292,40.66812],[-112.30277,40.66817]]}},{"type":"Feature","properties":{"highway":"motorway"},"geometry":{"type":"LineString","coordinates":[[-112.3031,40.66842],[-112.30544,40.66766],[-112.30972,40.66639],[-112.31236,40.66574],[-112.31567,40.66501]]}},{"type":"Feature","properties":{"highway":"motorway"},"geometry":{"type":"LineString","coordinates":[[-112.31724,40.66472],[-112.31921,40.66435],[-112.32161,40.66394],[-112.3254,40.6634],[-112.32809,40.66312],[-112.32972,40.663],[-112.33279,40.66278],[-112.33728,40.66263],[-112.34373,40.66265],[-112.34794,40.66285],[-112.34829,40.66287],[-112.35374,40.6634],[-112.35758,40.66394],[-112.36189,40.66469],[-112.36491,40.66531],[-112.36792,40.66602],[-112.37615,40.66832],[-112.39774,40.67465],[-112.41317,40.67913],[-112.4152,40.67961],[-112.41716,40.68003],[-112.44046,40.68444]]}},{"type":"Feature","properties":{"highway":"motorway"},"geometry":{"type":"LineString","coordinates":[[-112.31558,40.66467],[-112.31238,40.66541],[-112.30948,40.66613],[-112.30528,40.66735],[-112.30292,40.66812]]}},{"type":"Feature","properties":{"highway":"motorway"},"geometry":{"type":"LineString","coordinates":[[-112.43999,40.68371],[-112.42548,40.68097],[-112.41735,40.67942],[-112.41544,40.67902],[-112.41317,40.67844],[-112.40655,40.67652],[-112.39795,40.67403],[-112.38759,40.67098],[-112.3764,40.66768],[-112.36814,40.66542],[-112.36506,40.66471],[-112.36195,40.66411],[-112.3577,40.66337],[-112.3537,40.66286],[-112.34842,40.66237],[-112.34804,40.66235],[-112.3437,40.66216],[-112.3392,40.66217]]}},{"type":"Feature","properties":{"highway":"trunk"},"geometry":{"type":"LineString","coordinates":[[-112.0542,41.79544],[-112.05159,41.79619],[-112.051,41.79636],[-112.05006,41.79657],[-112.04906,41.79671],[-112.04797,41.79679],[-112.0474,41.7968]]}},{"type":"Feature","properties":{"highway":"primary"},"geometry":{"type":"LineString","coordinates":[[-112.09328,41.71537],[-112.09404,41.71538],[-112.09411,41.71538],[-112.09505,41.71538],[-112.09633,41.71537],[-112.09731,41.71535],[-112.09748,41.71535],[-112.09781,41.71535],[-112.09802,41.71535],[-112.09924,41.71535],[-112.09986,41.71534]]}},{"type":"Feature","properties":{"highway":"primary"},"geometry":{"type":"LineString","coordinates":[[-112.1429,41.71229],[-112.14273,41.7123]]}},{"type":"Feature","properties":{"highway":"primary"},"geometry":{"type":"LineString","coordinates":[[-112.14228,41.71267],[-112.14227,41.71232]]}},{"type":"Feature","properties":{"highway":"primary"},"geometry":{"type":"LineString","coordinates":[[-112.14225,41.71187],[-112.14214,41.70905],[-112.14203,41.70508],[-112.14182,41.69779],[-112.14154,41.69054],[-112.14137,41.68541],[-112.1413,41.6833]]}},{"type":"Feature","properties":{"highway":"primary"},"geometry":{"type":"LineString","coordinates":[[-112.13797,41.71239],[-112.13663,41.71241],[-112.13257,41.71248]]}},{"type":"Feature","properties":{"highway":"motorway_link"},"geometry":{"type":"LineString","coordinates":[[-112.015,41.24274],[-112.01501,41.24355]]}},{"type":"Feature","properties":{"highway":"trunk"},"geometry":{"type":"LineString","coordinates":[[-112.27332,40.68034],[-112.27351,40.68023],[-112.27919,40.67374],[-112.28011,40.67269],[-112.28102,40.67163],[-112.28214,40.67037],[-112.28215,40.67024]]}},{"type":"Feature","properties":{"highway":"primary"},"geometry":{"type":"LineString","coordinates":[[-112.06466,41.0746],[-112.06466,41.07435],[-112.06466,41.07432],[-112.06466,41.0743],[-112.06465,41.0743],[-112.06464,41.07426],[-112.06463,41.07423]]}},{"type":"Feature","properties":{"highway":"primary"},"geometry":{"type":"LineString","coordinates":[[-112.01582,41.50773],[-112.01582,41.50804],[-112.01582,41.50812],[-112.01581,41.5082],[-112.01581,41.5084],[-112.01581,41.5086]]}},{"type":"Feature","properties":{"highway":"primary"},"geometry":{"type":"LineString","coordinates":[[-112.01581,41.5086],[-112.01579,41.50919],[-112.01579,41.50922],[-112.01578,41.50974]]}},{"type":"Feature","properties":{"highway":"primary"},"geometry":{"type":"LineString","coordinates":[[-112.01578,41.50974],[-112.01577,41.51005],[-112.01576,41.51025],[-112.01576,41.5104]]}},{"type":"Feature","properties":{"highway":"primary"},"geometry":{"type":"LineString","coordinates":[[-112.01572,41.51244],[-112.01572,41.51259],[-112.01572,41.51276],[-112.01571,41.51285]]}},{"type":"Feature","properties":{"highway":"primary"},"geometry":{"type":"LineString","coordinates":[[-112.00992,41.17485],[-112.01007,41.17479]]}},{"type":"Feature","properties":{"highway":"primary"},"geometry":{"type":"LineString","coordinates":[[-112.0114,41.17431],[-112.01178,41.17417],[-112.0131,41.1737],[-112.0139,41.17341]]}},{"type":"Feature","properties":{"highway":"primary"},"geometry":{"type":"LineString","coordinates":[[-112.00856,41.17535],[-112.00941,41.17503]]}},{"type":"Feature","properties":{"highway":"primary"},"geometry":{"type":"LineString","coordinates":[[-112.01669,41.17232],[-112.01719,41.1721],[-112.01796,41.17179]]}},{"type":"Feature","properties":{"highway":"primary"},"geometry":{"type":"LineString","coordinates":[[-112.01518,41.17295],[-112.01549,41.17282]]}},{"type":"Feature","properties":{"highway":"primary"},"geometry":{"type":"LineString","coordinates":[[-112.02604,41.16801],[-112.02604,41.16823],[-112.02604,41.16834],[-112.02604,41.16858],[-112.02603,41.16866]]}},{"type":"Feature","properties":{"highway":"primary"},"geometry":{"type":"LineString","coordinates":[[-112.02478,41.16798],[-112.02493,41.16789]]}},{"type":"Feature","properties":{"highway":"primary"},"geometry":{"type":"LineString","coordinates":[[-112.02517,41.16781],[-112.02547,41.16762],[-112.02568,41.16752],[-112.02585,41.16747],[-112.02587,41.16746],[-112.02604,41.1674]]}},{"type":"Feature","properties":{"highway":"primary"},"geometry":{"type":"LineString","coordinates":[[-112.02493,41.16789],[-112.02507,41.16782]]}},{"type":"Feature","properties":{"highway":"primary"},"geometry":{"type":"LineString","coordinates":[[-112.0246,41.16809],[-112.02478,41.16798]]}},{"type":"Feature","properties":{"highway":"primary"},"geometry":{"type":"LineString","coordinates":[[-112.0242,40.60952],[-112.02442,40.60952]]}},{"type":"Feature","properties":{"highway":"primary_link"},"geometry":{"type":"LineString","coordinates":[[-112.02712,40.6094],[-112.02694,40.60945],[-112.02642,40.60945],[-112.02638,40.60946],[-112.02634,40.60947],[-112.0263,40.60948],[-112.02627,40.6095]]}},{"type":"Feature","properties":{"highway":"primary_link"},"geometry":{"type":"LineString","coordinates":[[-112.02562,40.60951],[-112.02589,40.60946],[-112.02611,40.60945],[-112.02615,40.60945],[-112.02618,40.60943],[-112.02621,40.60942],[-112.02623,40.6094],[-112.02631,40.60929]]}},{"type":"Feature","properties":{"highway":"primary"},"geometry":{"type":"LineString","coordinates":[[-112.0011,41.08915],[-112.00087,41.08916],[-112.00037,41.08916],[-112.00029,41.08916],[-111.99967,41.08916],[-111.99935,41.08916],[-111.9993,41.08916],[-111.99903,41.08917],[-111.99856,41.08917],[-111.9983,41.08917]]}},{"type":"Feature","properties":{"highway":"trunk"},"geometry":{"type":"LineString","coordinates":[[-112.03032,40.67983],[-112.03032,40.68006]]}},{"type":"Feature","properties":{"highway":"trunk"},"geometry":{"type":"LineString","coordinates":[[-112.03034,40.67744],[-112.03032,40.67983]]}},{"type":"Feature","properties":{"highway":"motorway"},"geometry":{"type":"LineString","coordinates":[[-114.02403,40.74407],[-114.02314,40.74439],[-114.02226,40.74467],[-114.02122,40.74498],[-114.02016,40.74527],[-114.01876,40.74563],[-114.01775,40.74586],[-114.01693,40.74603],[-114.0161,40.7462],[-114.01476,40.74641],[-114.01344,40.74661],[-114.0122,40.74675],[-114.01111,40.74687],[-114.0106,40.74691]]}},{"type":"Feature","properties":{"highway":"primary"},"geometry":{"type":"LineString","coordinates":[[-112.09184,40.7037],[-112.09185,40.7038],[-112.09185,40.70473],[-112.09185,40.7049],[-112.09185,40.70512],[-112.09185,40.70568],[-112.09185,40.70617],[-112.09185,40.70629],[-112.09185,40.70663],[-112.09184,40.70732],[-112.09184,40.70738]]}},{"type":"Feature","properties":{"highway":"primary"},"geometry":{"type":"LineString","coordinates":[[-112.01622,41.48791],[-112.01627,41.48771]]}},{"type":"Feature","properties":{"highway":"primary"},"geometry":{"type":"LineString","coordinates":[[-112.00559,41.30685],[-112.00581,41.30685],[-112.0064,41.30685]]}},{"type":"Feature","properties":{"highway":"primary"},"geometry":{"type":"LineString","coordinates":[[-112.00648,41.30784],[-112.00629,41.30763],[-112.00571,41.30699],[-112.00559,41.30685]]}},{"type":"Feature","properties":{"highway":"primary"},"geometry":{"type":"LineString","coordinates":[[-112.01467,41.10356],[-112.01477,41.10356],[-112.01516,41.10357],[-112.01539,41.10357]]}},{"type":"Feature","properties":{"highway":"primary"},"geometry":{"type":"LineString","coordinates":[[-112.02604,41.1674],[-112.02586,41.16739],[-112.02585,41.16739],[-112.02564,41.16745],[-112.02548,41.16751]]}},{"type":"Feature","properties":{"highway":"primary_link"},"geometry":{"type":"LineString","coordinates":[[-112.0293,41.10558],[-112.02895,41.10563],[-112.02877,41.10561],[-112.02869,41.10558],[-112.02839,41.10548]]}},{"type":"Feature","properties":{"highway":"primary_link"},"geometry":{"type":"LineString","coordinates":[[-112.03232,41.11051],[-112.0327,41.1104],[-112.03295,41.11038],[-112.03315,41.11041],[-112.03332,41.11041]]}},{"type":"Feature","properties":{"highway":"motorway_link"},"geometry":{"type":"LineString","coordinates":[[-112.00154,41.10263],[-112.00157,41.10284],[-112.00157,41.10287],[-112.00158,41.10315],[-112.00158,41.10338],[-112.00158,41.10341],[-112.00158,41.10353]]}},{"type":"Feature","properties":{"highway":"motorway_link"},"geometry":{"type":"LineString","coordinates":[[-112.00793,41.10747],[-112.00765,41.10717],[-112.00734,41.10679],[-112.00607,41.10513]]}},{"type":"Feature","properties":{"highway":"motorway_link"},"geometry":{"type":"LineString","coordinates":[[-112.01943,41.1204],[-112.02045,41.12137],[-112.02153,41.12242],[-112.02236,41.12329]]}},{"type":"Feature","properties":{"highway":"motorway_link"},"geometry":{"type":"LineString","coordinates":[[-112.0244,41.12313],[-112.0243,41.123],[-112.02421,41.12289],[-112.02415,41.12282],[-112.0241,41.12276],[-112.02407,41.12272],[-112.02394,41.12259],[-112.02379,41.12248],[-112.02372,41.12242],[-112.02363,41.12235],[-112.02355,41.1223],[-112.02348,41.12225],[-112.02341,41.1222],[-112.02335,41.12216],[-112.02327,41.12212],[-112.02318,41.12207],[-112.0231,41.12203],[-112.02242,41.12168],[-112.02106,41.12098],[-112.01904,41.11958]]}},{"type":"Feature","properties":{"highway":"motorway_link"},"geometry":{"type":"LineString","coordinates":[[-112.02403,41.1608],[-112.02418,41.15992],[-112.02436,41.15826]]}},{"type":"Feature","properties":{"highway":"motorway_link"},"geometry":{"type":"LineString","coordinates":[[-112.0191,41.17079],[-112.01893,41.1711],[-112.01886,41.17118],[-112.01877,41.17125],[-112.01809,41.17174]]}},{"type":"Feature","properties":{"highway":"motorway_link"},"geometry":{"type":"LineString","coordinates":[[-112.01125,41.22432],[-112.01136,41.22531],[-112.01143,41.2259],[-112.01145,41.22608],[-112.01145,41.22624],[-112.01144,41.22639],[-112.01141,41.22654],[-112.01138,41.22669],[-112.01129,41.22695],[-112.01106,41.22748],[-112.01084,41.22795]]}},{"type":"Feature","properties":{"highway":"motorway_link"},"geometry":{"type":"LineString","coordinates":[[-112.01416,41.22863],[-112.01413,41.22849],[-112.01409,41.22838],[-112.01402,41.2282],[-112.01393,41.22803],[-112.01383,41.22792],[-112.01374,41.2278],[-112.01353,41.22762],[-112.01306,41.22721],[-112.01282,41.227],[-112.01262,41.22681],[-112.01243,41.2266],[-112.0123,41.22642],[-112.01218,41.22622],[-112.01207,41.22596],[-112.01202,41.22583],[-112.01198,41.22569],[-112.01188,41.22524],[-112.01174,41.22499]]}},{"type":"Feature","properties":{"highway":"motorway_link"},"geometry":{"type":"LineString","coordinates":[[-112.01501,41.24355],[-112.0151,41.24423]]}},{"type":"Feature","properties":{"highway":"motorway_link"},"geometry":{"type":"LineString","coordinates":[[-112.0168,41.2447],[-112.01678,41.2445],[-112.01669,41.24417],[-112.01658,41.24384],[-112.01637,41.24333]]}},{"type":"Feature","properties":{"highway":"motorway_link"},"geometry":{"type":"LineString","coordinates":[[-112.02558,41.26841],[-112.02556,41.26855],[-112.02579,41.26956],[-112.02588,41.27004],[-112.02595,41.27047],[-112.026,41.27087],[-112.02604,41.27167],[-112.02604,41.2723],[-112.0261,41.27285]]}},{"type":"Feature","properties":{"highway":"motorway_link"},"geometry":{"type":"LineString","coordinates":[[-112.02635,41.27282],[-112.02645,41.27255],[-112.02654,41.27142],[-112.02659,41.27087],[-112.02665,41.27033],[-112.02669,41.27005],[-112.02674,41.26982],[-112.0268,41.2696],[-112.02683,41.26946]]}},{"type":"Feature","properties":{"highway":"motorway_link"},"geometry":{"type":"LineString","coordinates":[[-112.02583,41.30197],[-112.02573,41.30254],[-112.02571,41.30285],[-112.02566,41.30338],[-112.02564,41.30371],[-112.02558,41.30413],[-112.0255,41.30462],[-112.0254,41.30514],[-112.02529,41.30569]]}},{"type":"Feature","properties":{"highway":"motorway_link"},"geometry":{"type":"LineString","coordinates":[[-112.02611,41.31146],[-112.02629,41.3099],[-112.02646,41.30857],[-112.02662,41.30768]]}},{"type":"Feature","properties":{"highway":"motorway_link"},"geometry":{"type":"LineString","coordinates":[[-112.03631,41.34101],[-112.03638,41.34113],[-112.03641,41.34119],[-112.03645,41.34125],[-112.03648,41.34128],[-112.03651,41.34131],[-112.03654,41.34133],[-112.03656,41.34134],[-112.03659,41.34136],[-112.03663,41.34138],[-112.03676,41.34142]]}},{"type":"Feature","properties":{"highway":"motorway_link"},"geometry":{"type":"LineString","coordinates":[[-112.05193,41.42224],[-112.05217,41.42262],[-112.05232,41.42284],[-112.05259,41.42309],[-112.05377,41.42402],[-112.05413,41.42435],[-112.05511,41.42535]]}},{"type":"Feature","properties":{"highway":"motorway_link"},"geometry":{"type":"LineString","coordinates":[[-112.05336,41.42173],[-112.05323,41.42155],[-112.05265,41.42061],[-112.05204,41.41962],[-112.05197,41.4195],[-112.0519,41.41938],[-112.05185,41.41927],[-112.05179,41.41916],[-112.05175,41.41906],[-112.0517,41.41895],[-112.05165,41.41884],[-112.05162,41.41875],[-112.05159,41.41867],[-112.05156,41.41857],[-112.05152,41.41846],[-112.05146,41.41826],[-112.05144,41.41816],[-112.05141,41.41806],[-112.05132,41.41769],[-112.05111,41.41727]]}},{"type":"Feature","properties":{"highway":"motorway_link"},"geometry":{"type":"LineString","coordinates":[[-112.06447,41.53596],[-112.0646,41.53559]]}},{"type":"Feature","properties":{"highway":"motorway_link"},"geometry":{"type":"LineString","coordinates":[[-112.06892,41.53641],[-112.0689,41.5362],[-112.0689,41.53608]]}},{"type":"Feature","properties":{"highway":"motorway_link"},"geometry":{"type":"LineString","coordinates":[[-112.16902,41.88647],[-112.16903,41.88677],[-112.16906,41.88714],[-112.1691,41.88738],[-112.16917,41.88763],[-112.16927,41.88785],[-112.16947,41.8883],[-112.16974,41.88885],[-112.16999,41.88939],[-112.17006,41.88962],[-112.17013,41.8899],[-112.17021,41.89081],[-112.1703,41.89227],[-112.17037,41.89338],[-112.17045,41.89395]]}},{"type":"Feature","properties":{"highway":"motorway_link"},"geometry":{"type":"LineString","coordinates":[[-112.17171,41.88642],[-112.17169,41.88615],[-112.17169,41.8859],[-112.17167,41.8857],[-112.17163,41.88551],[-112.17157,41.88529],[-112.17148,41.88506],[-112.17138,41.88484],[-112.17111,41.88431],[-112.17087,41.88384],[-112.17077,41.88362],[-112.17069,41.88341],[-112.17063,41.88319],[-112.17059,41.88298],[-112.17057,41.88269],[-112.17051,41.88194],[-112.17035,41.88045]]}},{"type":"Feature","properties":{"highway":"motorway_link"},"geometry":{"type":"LineString","coordinates":[[-112.18906,41.97684],[-112.18922,41.97705],[-112.18967,41.97764],[-112.19037,41.97856],[-112.19111,41.97957],[-112.19165,41.98045],[-112.1921,41.9813],[-112.19234,41.98179],[-112.19264,41.98246],[-112.19293,41.98314],[-112.19311,41.98358],[-112.19328,41.98392]]}},{"type":"Feature","properties":{"highway":"motorway_link"},"geometry":{"type":"LineString","coordinates":[[-112.1908,41.97681],[-112.19054,41.97653],[-112.19012,41.97609],[-112.18968,41.97565],[-112.18852,41.97448],[-112.18788,41.97385],[-112.18717,41.97314],[-112.18612,41.97213],[-112.18545,41.97152],[-112.18495,41.9711],[-112.1847,41.97094]]}},{"type":"Feature","properties":{"highway":"motorway_link"},"geometry":{"type":"LineString","coordinates":[[-112.23984,40.71541],[-112.24036,40.71513],[-112.24073,40.71486],[-112.24157,40.71415]]}},{"type":"Feature","properties":{"highway":"motorway_link"},"geometry":{"type":"LineString","coordinates":[[-112.2372,40.71673],[-112.23801,40.71637],[-112.23891,40.71596]]}},{"type":"Feature","properties":{"highway":"motorway_link"},"geometry":{"type":"LineString","coordinates":[[-112.23756,40.71605],[-112.23698,40.71659]]}},{"type":"Feature","properties":{"highway":"motorway_link"},"geometry":{"type":"LineString","coordinates":[[-112.24115,40.7142],[-112.24062,40.71444],[-112.24015,40.71463]]}},{"type":"Feature","properties":{"highway":"primary"},"geometry":{"type":"LineString","coordinates":[[-112.00536,40.60946],[-112.00518,40.60941],[-112.00516,40.60941],[-112.00369,40.60942]]}},{"type":"Feature","properties":{"highway":"motorway_link"},"geometry":{"type":"LineString","coordinates":[[-112.02244,41.12423],[-112.0226,41.12409],[-112.0227,41.12403],[-112.02273,41.12401],[-112.02276,41.12398],[-112.02282,41.12393],[-112.02285,41.1239],[-112.02287,41.12388],[-112.0229,41.12385]]}},{"type":"Feature","properties":{"highway":"primary"},"geometry":{"type":"LineString","coordinates":[[-112.06937,41.53618],[-112.0689,41.53608]]}},{"type":"Feature","properties":{"highway":"primary"},"geometry":{"type":"LineString","coordinates":[[-112.06888,41.53608],[-112.0681,41.53588]]}},{"type":"Feature","properties":{"highway":"primary"},"geometry":{"type":"LineString","coordinates":[[-112.0689,41.53608],[-112.06888,41.53608]]}},{"type":"Feature","properties":{"highway":"primary"},"geometry":{"type":"LineString","coordinates":[[-112.07214,41.53675],[-112.07135,41.53659],[-112.07115,41.53654],[-112.07063,41.53644],[-112.07033,41.53638],[-112.06937,41.53618]]}},{"type":"Feature","properties":{"highway":"primary"},"geometry":{"type":"LineString","coordinates":[[-112.10412,41.5492],[-112.10214,41.54859],[-112.10136,41.5483],[-112.09699,41.5462],[-112.09664,41.54604],[-112.09625,41.54585]]}},{"type":"Feature","properties":{"highway":"primary"},"geometry":{"type":"LineString","coordinates":[[-112.01671,41.08909],[-112.01618,41.08909],[-112.01612,41.08909]]}},{"type":"Feature","properties":{"highway":"primary"},"geometry":{"type":"LineString","coordinates":[[-112.02569,41.221],[-112.02568,41.2216],[-112.02568,41.2217],[-112.02568,41.22181],[-112.02567,41.22213],[-112.02567,41.22259],[-112.02566,41.22274],[-112.02566,41.22292],[-112.02566,41.22298],[-112.02566,41.22323],[-112.02565,41.22337]]}},{"type":"Feature","properties":{"highway":"primary"},"geometry":{"type":"LineString","coordinates":[[-112.0567,40.60323],[-112.05685,40.60244],[-112.05687,40.60232]]}},{"type":"Feature","properties":{"highway":"trunk"},"geometry":{"type":"LineString","coordinates":[[-112.29797,40.55203],[-112.2979,40.55251],[-112.29787,40.55276],[-112.29782,40.55313],[-112.2977,40.55399],[-112.2976,40.55464],[-112.29758,40.5548],[-112.29743,40.55569]]}},{"type":"Feature","properties":{"highway":"primary"},"geometry":{"type":"LineString","coordinates":[[-112.04172,40.65322],[-112.04023,40.65316],[-112.03874,40.65311],[-112.03752,40.65309],[-112.0363,40.65308]]}},{"type":"Feature","properties":{"highway":"trunk"},"geometry":{"type":"LineString","coordinates":[[-112.0464,40.63851],[-112.04638,40.63772],[-112.04633,40.63689],[-112.04626,40.63618],[-112.04616,40.63507],[-112.04613,40.63435],[-112.04614,40.63354],[-112.04623,40.63246],[-112.04638,40.63149],[-112.04652,40.63037],[-112.04655,40.62936],[-112.0465,40.62849],[-112.04637,40.62762],[-112.04618,40.62682],[-112.04593,40.62606],[-112.04562,40.62528],[-112.04528,40.62456],[-112.04488,40.6237],[-112.04451,40.62291],[-112.04404,40.6219],[-112.04369,40.62114],[-112.04319,40.62007],[-112.04281,40.61928],[-112.04254,40.6188],[-112.04211,40.61812],[-112.04165,40.61749],[-112.0411,40.61681],[-112.03987,40.61537],[-112.03924,40.61463],[-112.03856,40.61379],[-112.03768,40.61262],[-112.03683,40.61143],[-112.03599,40.61026],[-112.03582,40.60995]]}},{"type":"Feature","properties":{"highway":"primary"},"geometry":{"type":"LineString","coordinates":[[-112.00601,40.52244],[-112.005,40.52242],[-112.00475,40.52242]]}},{"type":"Feature","properties":{"highway":"trunk"},"geometry":{"type":"LineString","coordinates":[[-112.00601,40.52244],[-112.00598,40.52233],[-112.00577,40.52151],[-112.00573,40.52129],[-112.00572,40.52111],[-112.00574,40.51964],[-112.00576,40.51788],[-112.00578,40.51618],[-112.00578,40.51561],[-112.00574,40.5151],[-112.00568,40.5147],[-112.0056,40.51434],[-112.00549,40.51395],[-112.00538,40.51355],[-112.00521,40.51297],[-112.00513,40.51268],[-112.00509,40.51247],[-112.00507,40.51217],[-112.00507,40.51173],[-112.00506,40.51162],[-112.00507,40.51147]]}},{"type":"Feature","properties":{"highway":"primary"},"geometry":{"type":"LineString","coordinates":[[-112.40492,40.60129],[-112.39495,40.60406]]}},{"type":"Feature","properties":{"highway":"primary"},"geometry":{"type":"LineString","coordinates":[[-112.41361,40.59964],[-112.41314,40.59968],[-112.41245,40.59974],[-112.41221,40.59976],[-112.41177,40.59981],[-112.41101,40.59991],[-112.41025,40.60003],[-112.40977,40.60012],[-112.40877,40.60032]]}},{"type":"Feature","properties":{"highway":"primary"},"geometry":{"type":"LineString","coordinates":[[-112.44695,40.59975],[-112.44687,40.59975],[-112.44617,40.59974],[-112.44594,40.59974],[-112.44577,40.59974],[-112.4457,40.59973],[-112.44516,40.59973],[-112.44454,40.59972],[-112.44437,40.59972],[-112.44282,40.59971],[-112.44248,40.5997],[-112.44067,40.59969],[-112.44033,40.59968],[-112.43961,40.59968],[-112.43804,40.59967],[-112.43754,40.59967],[-112.43636,40.59966],[-112.43624,40.59966],[-112.43616,40.59966],[-112.43566,40.59966],[-112.43506,40.59965],[-112.43457,40.59965],[-112.43438,40.59965],[-112.43334,40.59964],[-112.43287,40.59964],[-112.43227,40.59963],[-112.43202,40.59963],[-112.43175,40.59963],[-112.43155,40.59963],[-112.43128,40.59963],[-112.43112,40.59963],[-112.43081,40.59963],[-112.42939,40.59963],[-112.42919,40.59962],[-112.42599,40.59961],[-112.42521,40.59961],[-112.42501,40.59961],[-112.42308,40.5996],[-112.42257,40.59959],[-112.42227,40.59959],[-112.42195,40.59959],[-112.42136,40.59958],[-112.42047,40.59958],[-112.41798,40.59957],[-112.41713,40.59956],[-112.41707,40.59956],[-112.41655,40.59956],[-112.4157,40.59956],[-112.41527,40.59957],[-112.41515,40.59957],[-112.41447,40.59959],[-112.41361,40.59964]]}},{"type":"Feature","properties":{"highway":"motorway_link"},"geometry":{"type":"LineString","coordinates":[[-112.05146,41.42146],[-112.05193,41.42224]]}},{"type":"Feature","properties":{"highway":"primary"},"geometry":{"type":"LineString","coordinates":[[-112.00196,40.52243],[-112.00213,40.52248],[-112.00299,40.52256],[-112.00335,40.52257],[-112.0046,40.52258],[-112.00462,40.52258],[-112.00476,40.52259]]}},{"type":"Feature","properties":{"highway":"motorway_link"},"geometry":{"type":"LineString","coordinates":[[-112.00582,40.77236],[-112.00582,40.77162],[-112.00582,40.77112],[-112.00578,40.77069],[-112.00574,40.77049],[-112.00567,40.77035]]}},{"type":"Feature","properties":{"highway":"trunk"},"geometry":{"type":"LineString","coordinates":[[-112.2948,40.61354],[-112.29473,40.61279]]}},{"type":"Feature","properties":{"highway":"trunk"},"geometry":{"type":"LineString","coordinates":[[-112.29473,40.61279],[-112.29458,40.61168],[-112.2945,40.6106],[-112.29449,40.60992]]}},{"type":"Feature","properties":{"highway":"trunk"},"geometry":{"type":"LineString","coordinates":[[-112.29458,40.6128],[-112.29485,40.61492],[-112.29487,40.61538],[-112.29487,40.61566],[-112.29485,40.61613],[-112.29484,40.61615],[-112.2948,40.61655],[-112.29479,40.61659],[-112.29466,40.61714],[-112.29439,40.61811],[-112.29401,40.61959],[-112.2939,40.62014],[-112.29381,40.6206],[-112.29366,40.6213],[-112.29347,40.62206],[-112.29327,40.6228]]}},{"type":"Feature","properties":{"highway":"trunk"},"geometry":{"type":"LineString","coordinates":[[-112.29449,40.61202],[-112.29451,40.61219],[-112.29458,40.6128]]}},{"type":"Feature","properties":{"highway":"trunk"},"geometry":{"type":"LineString","coordinates":[[-112.29447,40.60913],[-112.29443,40.60708]]}},{"type":"Feature","properties":{"highway":"trunk"},"geometry":{"type":"LineString","coordinates":[[-112.29449,40.60992],[-112.29447,40.60913]]}},{"type":"Feature","properties":{"highway":"trunk"},"geometry":{"type":"LineString","coordinates":[[-112.29443,40.60708],[-112.29437,40.60449],[-112.29435,40.60319]]}},{"type":"Feature","properties":{"highway":"primary"},"geometry":{"type":"LineString","coordinates":[[-112.02512,40.58799],[-112.02595,40.58797],[-112.02662,40.58791]]}},{"type":"Feature","properties":{"highway":"primary"},"geometry":{"type":"LineString","coordinates":[[-112.02662,40.58791],[-112.02679,40.58791],[-112.02761,40.58791],[-112.02782,40.58791]]}},{"type":"Feature","properties":{"highway":"primary"},"geometry":{"type":"LineString","coordinates":[[-112.02782,40.58791],[-112.02914,40.58792],[-112.02932,40.58792]]}},{"type":"Feature","properties":{"highway":"primary"},"geometry":{"type":"LineString","coordinates":[[-112.02609,40.5878],[-112.02581,40.58782],[-112.02542,40.58786]]}},{"type":"Feature","properties":{"highway":"primary"},"geometry":{"type":"LineString","coordinates":[[-112.02782,40.58772],[-112.02698,40.58773],[-112.02686,40.58773],[-112.02609,40.5878]]}},{"type":"Feature","properties":{"highway":"primary"},"geometry":{"type":"LineString","coordinates":[[-112.03091,40.65306],[-112.0275,40.65305],[-112.02655,40.65306]]}},{"type":"Feature","properties":{"highway":"primary"},"geometry":{"type":"LineString","coordinates":[[-112.00519,40.58792],[-112.00504,40.58793],[-112.00419,40.58792]]}},{"type":"Feature","properties":{"highway":"primary"},"geometry":{"type":"LineString","coordinates":[[-112.02332,40.58793],[-112.02144,40.58793],[-112.01935,40.58793],[-112.01889,40.58793],[-112.01809,40.58793],[-112.01484,40.58792],[-112.01471,40.58792]]}},{"type":"Feature","properties":{"highway":"primary"},"geometry":{"type":"LineString","coordinates":[[-112.00447,40.6528],[-112.00402,40.6528],[-112.00388,40.6528]]}},{"type":"Feature","properties":{"highway":"primary"},"geometry":{"type":"LineString","coordinates":[[-112.00218,40.6528],[-112.0019,40.6528],[-112.00136,40.65277],[-112.00118,40.65276],[-112.00012,40.65276]]}},{"type":"Feature","properties":{"highway":"primary"},"geometry":{"type":"LineString","coordinates":[[-112.45311,40.59981],[-112.45247,40.5998],[-112.45233,40.5998],[-112.45194,40.5998],[-112.45167,40.59979],[-112.45158,40.59979],[-112.45093,40.59979],[-112.44925,40.59977]]}},{"type":"Feature","properties":{"highway":"primary"},"geometry":{"type":"LineString","coordinates":[[-112.45669,40.59982],[-112.45644,40.59982],[-112.45624,40.59982],[-112.45537,40.59981],[-112.45405,40.59981],[-112.45311,40.59981]]}},{"type":"Feature","properties":{"highway":"motorway"},"geometry":{"type":"LineString","coordinates":[[-111.99765,40.76723],[-111.99935,40.76797],[-112.00145,40.76873],[-112.00262,40.76911]]}},{"type":"Feature","properties":{"highway":"motorway"},"geometry":{"type":"LineString","coordinates":[[-112.0007,40.76812],[-111.99955,40.7677],[-111.99813,40.76709]]}},{"type":"Feature","properties":{"highway":"trunk"},"geometry":{"type":"LineString","coordinates":[[-112.26553,40.68899],[-112.26575,40.68874],[-112.26596,40.68849],[-112.26631,40.6881],[-112.26739,40.68696]]}},{"type":"Feature","properties":{"highway":"trunk"},"geometry":{"type":"LineString","coordinates":[[-112.29183,40.62814],[-112.29199,40.62789],[-112.29214,40.62743],[-112.29224,40.62711],[-112.2925,40.62616],[-112.29248,40.626]]}},{"type":"Feature","properties":{"highway":"primary"},"geometry":{"type":"LineString","coordinates":[[-112.29941,40.53428],[-112.29992,40.53428],[-112.3,40.53428],[-112.30004,40.53428],[-112.3014,40.53429],[-112.30289,40.5343],[-112.30442,40.53431]]}},{"type":"Feature","properties":{"highway":"trunk"},"geometry":{"type":"LineString","coordinates":[[-112.299,40.52044],[-112.29889,40.52072],[-112.29882,40.52098],[-112.29876,40.52128],[-112.29876,40.5213],[-112.29873,40.52164],[-112.29873,40.52173],[-112.29872,40.52214],[-112.29872,40.52223],[-112.29871,40.52303],[-112.29871,40.52311]]}},{"type":"Feature","properties":{"highway":"trunk"},"geometry":{"type":"LineString","coordinates":[[-112.28842,40.64802],[-112.28849,40.64855],[-112.28869,40.64995],[-112.28879,40.65089],[-112.28888,40.6515],[-112.28905,40.65208]]}},{"type":"Feature","properties":{"highway":"trunk_link"},"geometry":{"type":"LineString","coordinates":[[-112.28926,40.65373],[-112.28941,40.6535],[-112.28947,40.65342],[-112.28964,40.6533],[-112.28993,40.65317]]}},{"type":"Feature","properties":{"highway":"motorway"},"geometry":{"type":"LineString","coordinates":[[-112.30277,40.66817],[-112.30076,40.66888],[-112.29766,40.67006],[-112.29297,40.67205],[-112.28826,40.67435],[-112.28567,40.67575],[-112.28244,40.6777]]}},{"type":"Feature","properties":{"highway":"motorway"},"geometry":{"type":"LineString","coordinates":[[-112.25806,40.70129],[-112.25893,40.69997],[-112.25978,40.69871],[-112.2611,40.69682],[-112.26228,40.69543],[-112.26386,40.69353],[-112.26448,40.69281],[-112.26496,40.69229],[-112.26603,40.69113],[-112.2676,40.68954],[-112.2683,40.68886],[-112.27036,40.68695],[-112.27092,40.68646],[-112.27283,40.68484],[-112.27533,40.68284],[-112.27668,40.68185],[-112.28037,40.67928],[-112.28584,40.67592],[-112.28841,40.67456],[-112.29308,40.67228],[-112.29785,40.6703]]}},{"type":"Feature","properties":{"highway":"primary"},"geometry":{"type":"LineString","coordinates":[[-112.02604,41.1674],[-112.02605,41.16664],[-112.02605,41.16657],[-112.02605,41.16639]]}},{"type":"Feature","properties":{"highway":"primary"},"geometry":{"type":"LineString","coordinates":[[-112.02548,41.16751],[-112.0251,41.16775],[-112.02507,41.16782]]}},{"type":"Feature","properties":{"highway":"primary"},"geometry":{"type":"LineString","coordinates":[[-112.01866,41.08911],[-112.01843,41.08911],[-112.01813,41.0891],[-112.01807,41.0891],[-112.01789,41.0891]]}},{"type":"Feature","properties":{"highway":"primary"},"geometry":{"type":"LineString","coordinates":[[-112.02871,41.10587],[-112.02882,41.106],[-112.03138,41.10885],[-112.0319,41.10941],[-112.03219,41.10972],[-112.03249,41.10997],[-112.0328,41.11017],[-112.03332,41.11041],[-112.03382,41.11054],[-112.0343,41.11061],[-112.0348,41.11063],[-112.04083,41.11064],[-112.04173,41.11065],[-112.04509,41.11066],[-112.04528,41.11066]]}},{"type":"Feature","properties":{"highway":"primary"},"geometry":{"type":"LineString","coordinates":[[-112.04528,41.11066],[-112.04548,41.11066],[-112.05031,41.11066],[-112.05143,41.11064],[-112.05324,41.11058],[-112.05404,41.11057],[-112.05582,41.11057],[-112.05596,41.11057],[-112.06046,41.11057]]}},{"type":"Feature","properties":{"highway":"primary"},"geometry":{"type":"LineString","coordinates":[[-112.06445,41.13985],[-112.06426,41.13986],[-112.06333,41.13988],[-112.06284,41.13988],[-112.06169,41.13988],[-112.06023,41.13988],[-112.05958,41.13988],[-112.0592,41.13988],[-112.05889,41.13988],[-112.05849,41.13988],[-112.05817,41.13988],[-112.05726,41.13988],[-112.05498,41.13988],[-112.05484,41.13988],[-112.05474,41.13988],[-112.05434,41.13988],[-112.05338,41.13988],[-112.05309,41.13988],[-112.05235,41.13988],[-112.05097,41.13988],[-112.04951,41.13988],[-112.04902,41.13988],[-112.04891,41.13988],[-112.04813,41.13988],[-112.04723,41.13988],[-112.04673,41.13988],[-112.0465,41.13988],[-112.0462,41.13988],[-112.04605,41.13988],[-112.04544,41.13988],[-112.04528,41.13988]]}},{"type":"Feature","properties":{"highway":"trunk"},"geometry":{"type":"LineString","coordinates":[[-112.02799,41.48653],[-112.02691,41.48653]]}},{"type":"Feature","properties":{"highway":"primary"},"geometry":{"type":"LineString","coordinates":[[-112.01551,41.52485],[-112.01551,41.52494],[-112.0155,41.52545],[-112.01549,41.52581],[-112.01548,41.52632]]}},{"type":"Feature","properties":{"highway":"trunk"},"geometry":{"type":"LineString","coordinates":[[-112.01718,41.48653],[-112.01655,41.48653],[-112.01643,41.48653]]}},{"type":"Feature","properties":{"highway":"primary"},"geometry":{"type":"LineString","coordinates":[[-112.01647,41.48639],[-112.01662,41.4859]]}},{"type":"Feature","properties":{"highway":"primary"},"geometry":{"type":"LineString","coordinates":[[-112.00328,41.08915],[-112.00466,41.08915],[-112.00551,41.08915],[-112.00603,41.08915],[-112.00677,41.08914],[-112.00693,41.08913]]}},{"type":"Feature","properties":{"highway":"primary"},"geometry":{"type":"LineString","coordinates":[[-112.06444,41.16294],[-112.06444,41.16272],[-112.06445,41.16173],[-112.06445,41.16158]]}},{"type":"Feature","properties":{"highway":"primary"},"geometry":{"type":"LineString","coordinates":[[-112.00313,41.30685],[-112.00095,41.30684]]}},{"type":"Feature","properties":{"highway":"primary"},"geometry":{"type":"LineString","coordinates":[[-112.00714,41.30858],[-112.00648,41.30784]]}},{"type":"Feature","properties":{"highway":"motorway"},"geometry":{"type":"LineString","coordinates":[[-112.02583,41.30197],[-112.02578,41.30638]]}},{"type":"Feature","properties":{"highway":"motorway"},"geometry":{"type":"LineString","coordinates":[[-112.02606,41.3064],[-112.02605,41.30271],[-112.02606,41.30185]]}},{"type":"Feature","properties":{"highway":"primary"},"geometry":{"type":"LineString","coordinates":[[-112.02524,41.30668],[-112.02671,41.30668]]}},{"type":"Feature","properties":{"highway":"primary"},"geometry":{"type":"LineString","coordinates":[[-112.02362,41.30668],[-112.02381,41.30674],[-112.02436,41.30674],[-112.02462,41.30674],[-112.02509,41.30673],[-112.02513,41.30672],[-112.02524,41.30668]]}},{"type":"Feature","properties":{"highway":"motorway"},"geometry":{"type":"LineString","coordinates":[[-112.01325,41.23297],[-112.01414,41.23696]]}},{"type":"Feature","properties":{"highway":"motorway_link"},"geometry":{"type":"LineString","coordinates":[[-112.01067,41.2289],[-112.01074,41.22912],[-112.01085,41.22936],[-112.01088,41.22942]]}},{"type":"Feature","properties":{"highway":"motorway"},"geometry":{"type":"LineString","coordinates":[[-112.01372,41.23373],[-112.01262,41.22888]]}},{"type":"Feature","properties":{"highway":"primary"},"geometry":{"type":"LineString","coordinates":[[-112.00735,41.30686],[-112.00822,41.30685]]}},{"type":"Feature","properties":{"highway":"primary"},"geometry":{"type":"LineString","coordinates":[[-112.02318,41.24482],[-112.02187,41.24477],[-112.02171,41.24477],[-112.02163,41.24477],[-112.02056,41.24475]]}},{"type":"Feature","properties":{"highway":"primary"},"geometry":{"type":"LineString","coordinates":[[-112.02532,41.24493],[-112.0244,41.24487]]}},{"type":"Feature","properties":{"highway":"primary_link"},"geometry":{"type":"LineString","coordinates":[[-112.02534,41.24429],[-112.0252,41.24461],[-112.02513,41.24469],[-112.02507,41.24473],[-112.02493,41.24479],[-112.02479,41.24482],[-112.0244,41.24487]]}},{"type":"Feature","properties":{"highway":"primary"},"geometry":{"type":"LineString","coordinates":[[-112.02583,41.20081],[-112.0258,41.20312],[-112.02579,41.20349],[-112.02582,41.20536],[-112.02581,41.20609],[-112.02581,41.20612],[-112.02581,41.20651],[-112.02581,41.20672],[-112.02581,41.20719],[-112.0258,41.20759],[-112.0258,41.20762],[-112.0258,41.20834],[-112.02579,41.20886],[-112.02578,41.20973],[-112.02578,41.21011],[-112.02578,41.21064],[-112.02578,41.2108],[-112.02577,41.21142],[-112.02577,41.21185],[-112.02576,41.21243]]}},{"type":"Feature","properties":{"highway":"primary"},"geometry":{"type":"LineString","coordinates":[[-112.02605,41.16176],[-112.02623,41.16176],[-112.02671,41.16176],[-112.02711,41.16176],[-112.02734,41.16176],[-112.02779,41.16172],[-112.02819,41.16173],[-112.02843,41.16173]]}},{"type":"Feature","properties":{"highway":"primary"},"geometry":{"type":"LineString","coordinates":[[-112.04053,41.16168],[-112.039,41.1617],[-112.03826,41.16169],[-112.03573,41.16168],[-112.03473,41.16168],[-112.03416,41.16168],[-112.03405,41.16167]]}},{"type":"Feature","properties":{"highway":"primary"},"geometry":{"type":"LineString","coordinates":[[-112.06447,41.15306],[-112.06447,41.15429],[-112.06447,41.15438]]}},{"type":"Feature","properties":{"highway":"primary"},"geometry":{"type":"LineString","coordinates":[[-112.04006,41.19771],[-112.0402,41.1976],[-112.04043,41.19743],[-112.0414,41.19667],[-112.04141,41.19667],[-112.04285,41.1956],[-112.04365,41.19496],[-112.04431,41.19438],[-112.04451,41.1942],[-112.04502,41.19373],[-112.04556,41.19324],[-112.04568,41.19313],[-112.04589,41.19293],[-112.04615,41.19269],[-112.04701,41.1919]]}},{"type":"Feature","properties":{"highway":"primary"},"geometry":{"type":"LineString","coordinates":[[-112.02588,41.18753],[-112.02588,41.18774],[-112.02587,41.18861],[-112.02586,41.18924],[-112.02584,41.18962],[-112.02583,41.19017]]}},{"type":"Feature","properties":{"highway":"primary"},"geometry":{"type":"LineString","coordinates":[[-112.02583,41.19816],[-112.02583,41.19797],[-112.02584,41.19657]]}},{"type":"Feature","properties":{"highway":"primary"},"geometry":{"type":"LineString","coordinates":[[-112.02412,41.19863],[-112.02368,41.19871],[-112.02329,41.19886],[-112.02304,41.19896]]}},{"type":"Feature","properties":{"highway":"primary"},"geometry":{"type":"LineString","coordinates":[[-112.00646,41.20482],[-112.00671,41.20482],[-112.00688,41.20479]]}},{"type":"Feature","properties":{"highway":"trunk"},"geometry":{"type":"LineString","coordinates":[[-112.30845,40.51453],[-112.30813,40.51474],[-112.30649,40.51558],[-112.30534,40.51611]]}},{"type":"Feature","properties":{"highway":"primary"},"geometry":{"type":"LineString","coordinates":[[-112.31009,40.53434],[-112.31168,40.53435],[-112.3126,40.53436]]}},{"type":"Feature","properties":{"highway":"primary"},"geometry":{"type":"LineString","coordinates":[[-112.30442,40.53431],[-112.30859,40.53433],[-112.30877,40.53433],[-112.30905,40.53433],[-112.30938,40.53433],[-112.31009,40.53434]]}},{"type":"Feature","properties":{"highway":"trunk"},"geometry":{"type":"LineString","coordinates":[[-112.00511,40.49994],[-112.00509,40.49921],[-112.00509,40.49794],[-112.00509,40.49752],[-112.00507,40.49717],[-112.005,40.49649],[-112.00492,40.49594],[-112.00478,40.49535],[-112.00452,40.49438],[-112.00427,40.49371],[-112.004,40.4931]]}},{"type":"Feature","properties":{"highway":"trunk"},"geometry":{"type":"LineString","coordinates":[[-112.004,40.4931],[-112.00365,40.49243],[-112.00319,40.49169],[-112.00275,40.49106],[-112.00231,40.49049],[-112.00158,40.48969]]}},{"type":"Feature","properties":{"highway":"primary"},"geometry":{"type":"LineString","coordinates":[[-112.00518,40.50781],[-112.00402,40.50781],[-112.00381,40.50781]]}},{"type":"Feature","properties":{"highway":"primary"},"geometry":{"type":"LineString","coordinates":[[-112.00238,40.50802],[-112.00361,40.50802],[-112.00366,40.50802]]}},{"type":"Feature","properties":{"highway":"primary"},"geometry":{"type":"LineString","coordinates":[[-112.00366,40.50802],[-112.0038,40.50803]]}},{"type":"Feature","properties":{"highway":"primary"},"geometry":{"type":"LineString","coordinates":[[-112.00173,40.54618],[-112.00166,40.54622],[-112.0014,40.54637],[-112.00117,40.5465],[-112.00108,40.54655],[-112.00098,40.54659],[-112.00089,40.54663],[-112.0008,40.54667],[-112.00064,40.54672],[-112.00058,40.54674],[-112.00051,40.54676],[-112.00036,40.5468],[-112.00019,40.54684],[-112.00005,40.54686],[-111.99991,40.54688],[-111.99977,40.54689],[-111.99963,40.5469],[-111.99951,40.5469],[-111.99943,40.5469],[-111.99935,40.5469],[-111.99915,40.54689],[-111.99903,40.54689],[-111.99889,40.5469],[-111.99878,40.5469],[-111.9987,40.54691],[-111.99857,40.54692],[-111.99846,40.54693],[-111.9984,40.54694],[-111.99835,40.54694],[-111.99829,40.54693]]}},{"type":"Feature","properties":{"highway":"primary"},"geometry":{"type":"LineString","coordinates":[[-112.00286,40.54734],[-112.00295,40.54729],[-112.00368,40.54688],[-112.00445,40.54644],[-112.00457,40.54637],[-112.00463,40.54634],[-112.0047,40.5463],[-112.00481,40.54624],[-112.00491,40.54617],[-112.00504,40.54607],[-112.00513,40.54599],[-112.00523,40.54589],[-112.00536,40.54578],[-112.00541,40.54574],[-112.00546,40.5457],[-112.00552,40.54567],[-112.00557,40.54565],[-112.00562,40.54563],[-112.0057,40.54561],[-112.00576,40.5456],[-112.00582,40.5456],[-112.00595,40.54559]]}},{"type":"Feature","properties":{"highway":"primary"},"geometry":{"type":"LineString","coordinates":[[-112.0338,40.53695],[-112.03314,40.53695],[-112.033,40.53695]]}},{"type":"Feature","properties":{"highway":"primary"},"geometry":{"type":"LineString","coordinates":[[-112.01997,40.53747],[-112.01972,40.5376],[-112.01946,40.53773],[-112.01873,40.53812],[-112.01805,40.5385],[-112.01801,40.53852],[-112.01789,40.53859]]}},{"type":"Feature","properties":{"highway":"primary"},"geometry":{"type":"LineString","coordinates":[[-112.01525,40.54011],[-112.01474,40.54038],[-112.01471,40.5404],[-112.01463,40.54044]]}},{"type":"Feature","properties":{"highway":"primary"},"geometry":{"type":"LineString","coordinates":[[-112.01452,40.5405],[-112.01445,40.54054],[-112.01354,40.54103],[-112.01337,40.54112]]}},{"type":"Feature","properties":{"highway":"primary"},"geometry":{"type":"LineString","coordinates":[[-112.03346,41.34516],[-112.03327,41.34504],[-112.03298,41.34486],[-112.03293,41.34482],[-112.03288,41.34477],[-112.03285,41.34472],[-112.0328,41.34462],[-112.03263,41.34428],[-112.03243,41.34381]]}},{"type":"Feature","properties":{"highway":"primary"},"geometry":{"type":"LineString","coordinates":[[-112.01606,41.49639],[-112.01605,41.49655],[-112.01605,41.49677],[-112.01605,41.49682],[-112.01604,41.49715],[-112.01603,41.49745],[-112.01603,41.49777],[-112.01602,41.49784],[-112.01602,41.49793]]}},{"type":"Feature","properties":{"highway":"primary"},"geometry":{"type":"LineString","coordinates":[[-112.01601,41.49876],[-112.01599,41.4996],[-112.01598,41.50004],[-112.01597,41.50038]]}},{"type":"Feature","properties":{"highway":"primary"},"geometry":{"type":"LineString","coordinates":[[-112.02155,40.65304],[-112.02176,40.65312],[-112.02245,40.65312],[-112.02359,40.65312]]}},{"type":"Feature","properties":{"highway":"primary"},"geometry":{"type":"LineString","coordinates":[[-112.02464,40.65299],[-112.02446,40.65298],[-112.02244,40.65298],[-112.02177,40.65299],[-112.02155,40.65304]]}},{"type":"Feature","properties":{"highway":"primary"},"geometry":{"type":"LineString","coordinates":[[-112.01177,40.54219],[-112.01224,40.54192],[-112.01237,40.54185]]}},{"type":"Feature","properties":{"highway":"primary"},"geometry":{"type":"LineString","coordinates":[[-112.04528,41.13988],[-112.04517,41.13988],[-112.04474,41.13988],[-112.04463,41.13988]]}},{"type":"Feature","properties":{"highway":"primary"},"geometry":{"type":"LineString","coordinates":[[-112.03154,41.13987],[-112.03095,41.13987],[-112.03087,41.13988]]}},{"type":"Feature","properties":{"highway":"primary"},"geometry":{"type":"LineString","coordinates":[[-112.03087,41.13988],[-112.03078,41.13988],[-112.02998,41.13988]]}},{"type":"Feature","properties":{"highway":"primary"},"geometry":{"type":"LineString","coordinates":[[-112.02998,41.13988],[-112.02929,41.13988],[-112.02766,41.13987],[-112.02755,41.13987],[-112.02745,41.13987],[-112.02718,41.13987]]}},{"type":"Feature","properties":{"highway":"primary"},"geometry":{"type":"LineString","coordinates":[[-112.02718,41.13987],[-112.02695,41.13986],[-112.02647,41.13986]]}},{"type":"Feature","properties":{"highway":"primary"},"geometry":{"type":"LineString","coordinates":[[-112.06458,41.11442],[-112.06458,41.11499]]}},{"type":"Feature","properties":{"highway":"primary"},"geometry":{"type":"LineString","coordinates":[[-112.06458,41.11499],[-112.06459,41.11555]]}},{"type":"Feature","properties":{"highway":"primary"},"geometry":{"type":"LineString","coordinates":[[-112.06459,41.11555],[-112.06459,41.11595]]}},{"type":"Feature","properties":{"highway":"primary"},"geometry":{"type":"LineString","coordinates":[[-112.06459,41.11595],[-112.06459,41.11644]]}},{"type":"Feature","properties":{"highway":"primary"},"geometry":{"type":"LineString","coordinates":[[-112.06459,41.11644],[-112.06459,41.11696]]}},{"type":"Feature","properties":{"highway":"primary"},"geometry":{"type":"LineString","coordinates":[[-112.06459,41.11696],[-112.06459,41.11749]]}},{"type":"Feature","properties":{"highway":"primary"},"geometry":{"type":"LineString","coordinates":[[-112.06459,41.11749],[-112.06459,41.11797],[-112.06459,41.11808]]}},{"type":"Feature","properties":{"highway":"primary"},"geometry":{"type":"LineString","coordinates":[[-112.06459,41.11808],[-112.0646,41.11819],[-112.06458,41.11879]]}},{"type":"Feature","properties":{"highway":"primary"},"geometry":{"type":"LineString","coordinates":[[-112.06459,41.11347],[-112.06458,41.11442]]}},{"type":"Feature","properties":{"highway":"primary"},"geometry":{"type":"LineString","coordinates":[[-112.06441,41.12486],[-112.0644,41.12528],[-112.0644,41.12538]]}},{"type":"Feature","properties":{"highway":"primary"},"geometry":{"type":"LineString","coordinates":[[-112.0644,41.12538],[-112.0644,41.12545],[-112.0644,41.12604]]}},{"type":"Feature","properties":{"highway":"primary"},"geometry":{"type":"LineString","coordinates":[[-112.0644,41.12604],[-112.0644,41.12735],[-112.0644,41.12894],[-112.06441,41.12902],[-112.0644,41.12958],[-112.06442,41.13185]]}},{"type":"Feature","properties":{"highway":"primary"},"geometry":{"type":"LineString","coordinates":[[-112.06442,41.13185],[-112.06442,41.13254],[-112.06443,41.13264]]}},{"type":"Feature","properties":{"highway":"primary"},"geometry":{"type":"LineString","coordinates":[[-112.06443,41.13264],[-112.06443,41.13272],[-112.06445,41.13339]]}},{"type":"Feature","properties":{"highway":"primary"},"geometry":{"type":"LineString","coordinates":[[-112.06445,41.13339],[-112.06446,41.13384]]}},{"type":"Feature","properties":{"highway":"primary"},"geometry":{"type":"LineString","coordinates":[[-112.06446,41.13384],[-112.06447,41.13437]]}},{"type":"Feature","properties":{"highway":"primary"},"geometry":{"type":"LineString","coordinates":[[-112.06447,41.13437],[-112.06448,41.13485]]}},{"type":"Feature","properties":{"highway":"primary"},"geometry":{"type":"LineString","coordinates":[[-112.06448,41.13485],[-112.06448,41.13529]]}},{"type":"Feature","properties":{"highway":"primary"},"geometry":{"type":"LineString","coordinates":[[-112.06448,41.13529],[-112.06448,41.13579]]}},{"type":"Feature","properties":{"highway":"primary"},"geometry":{"type":"LineString","coordinates":[[-112.06448,41.13579],[-112.06447,41.13621]]}},{"type":"Feature","properties":{"highway":"primary"},"geometry":{"type":"LineString","coordinates":[[-112.06447,41.13621],[-112.06447,41.13638],[-112.06447,41.13649]]}},{"type":"Feature","properties":{"highway":"primary"},"geometry":{"type":"LineString","coordinates":[[-112.06447,41.13649],[-112.06447,41.13676]]}},{"type":"Feature","properties":{"highway":"primary"},"geometry":{"type":"LineString","coordinates":[[-112.06447,41.13676],[-112.06448,41.13734]]}},{"type":"Feature","properties":{"highway":"primary"},"geometry":{"type":"LineString","coordinates":[[-112.06448,41.13734],[-112.06447,41.1381]]}},{"type":"Feature","properties":{"highway":"primary"},"geometry":{"type":"LineString","coordinates":[[-112.06447,41.1381],[-112.06446,41.13853]]}},{"type":"Feature","properties":{"highway":"primary"},"geometry":{"type":"LineString","coordinates":[[-112.06446,41.13853],[-112.06445,41.13907]]}},{"type":"Feature","properties":{"highway":"primary"},"geometry":{"type":"LineString","coordinates":[[-112.06445,41.13907],[-112.06445,41.13975],[-112.06445,41.13985]]}},{"type":"Feature","properties":{"highway":"primary"},"geometry":{"type":"LineString","coordinates":[[-112.06445,41.13985],[-112.06445,41.14001],[-112.06445,41.14056],[-112.06443,41.14096]]}},{"type":"Feature","properties":{"highway":"primary"},"geometry":{"type":"LineString","coordinates":[[-112.06443,41.14096],[-112.06443,41.1417]]}},{"type":"Feature","properties":{"highway":"primary"},"geometry":{"type":"LineString","coordinates":[[-112.06443,41.1417],[-112.06445,41.14221]]}},{"type":"Feature","properties":{"highway":"primary"},"geometry":{"type":"LineString","coordinates":[[-112.06445,41.14221],[-112.06445,41.1425],[-112.06445,41.14277]]}},{"type":"Feature","properties":{"highway":"primary"},"geometry":{"type":"LineString","coordinates":[[-112.06445,41.14277],[-112.06446,41.14294],[-112.06446,41.14334]]}},{"type":"Feature","properties":{"highway":"primary"},"geometry":{"type":"LineString","coordinates":[[-112.06446,41.14334],[-112.06446,41.14343],[-112.06446,41.14383],[-112.06446,41.14393],[-112.06446,41.14428],[-112.06446,41.14491]]}},{"type":"Feature","properties":{"highway":"primary"},"geometry":{"type":"LineString","coordinates":[[-112.06446,41.14491],[-112.06446,41.14564]]}},{"type":"Feature","properties":{"highway":"primary"},"geometry":{"type":"LineString","coordinates":[[-112.06446,41.14564],[-112.06446,41.14585]]}},{"type":"Feature","properties":{"highway":"primary"},"geometry":{"type":"LineString","coordinates":[[-112.06446,41.14585],[-112.06446,41.14605],[-112.06447,41.14651],[-112.06447,41.14656]]}},{"type":"Feature","properties":{"highway":"primary"},"geometry":{"type":"LineString","coordinates":[[-112.06447,41.14656],[-112.06447,41.14704],[-112.06447,41.14714]]}},{"type":"Feature","properties":{"highway":"primary"},"geometry":{"type":"LineString","coordinates":[[-112.06447,41.14714],[-112.06447,41.14784]]}},{"type":"Feature","properties":{"highway":"primary"},"geometry":{"type":"LineString","coordinates":[[-112.06447,41.14784],[-112.06447,41.14789],[-112.06447,41.15037],[-112.06447,41.15148],[-112.06447,41.15189],[-112.06447,41.15269]]}},{"type":"Feature","properties":{"highway":"primary"},"geometry":{"type":"LineString","coordinates":[[-112.06447,41.15269],[-112.06447,41.15306]]}},{"type":"Feature","properties":{"highway":"primary"},"geometry":{"type":"LineString","coordinates":[[-112.05869,41.08909],[-112.05704,41.08909],[-112.05678,41.08909],[-112.0566,41.08909],[-112.05634,41.08909],[-112.05541,41.08909]]}},{"type":"Feature","properties":{"highway":"primary"},"geometry":{"type":"LineString","coordinates":[[-112.05954,41.08907],[-112.05869,41.08909]]}},{"type":"Feature","properties":{"highway":"primary"},"geometry":{"type":"LineString","coordinates":[[-112.06076,41.08914],[-112.06065,41.08913],[-112.06016,41.08909]]}},{"type":"Feature","properties":{"highway":"primary"},"geometry":{"type":"LineString","coordinates":[[-112.06147,41.08922],[-112.06076,41.08914]]}},{"type":"Feature","properties":{"highway":"primary"},"geometry":{"type":"LineString","coordinates":[[-112.06218,41.08924],[-112.0619,41.08925],[-112.06147,41.08922]]}},{"type":"Feature","properties":{"highway":"primary"},"geometry":{"type":"LineString","coordinates":[[-112.06307,41.08917],[-112.06283,41.08918],[-112.06233,41.0892],[-112.06218,41.08924]]}},{"type":"Feature","properties":{"highway":"primary"},"geometry":{"type":"LineString","coordinates":[[-112.06452,41.08916],[-112.0644,41.08917],[-112.06389,41.08916],[-112.06331,41.08917],[-112.06307,41.08917]]}},{"type":"Feature","properties":{"highway":"motorway_link"},"geometry":{"type":"LineString","coordinates":[[-112.0646,41.53559],[-112.0647,41.53531],[-112.06474,41.53521]]}},{"type":"Feature","properties":{"highway":"primary"},"geometry":{"type":"LineString","coordinates":[[-112.00381,40.50781],[-112.00365,40.5078]]}},{"type":"Feature","properties":{"highway":"primary"},"geometry":{"type":"LineString","coordinates":[[-112.00769,41.08911],[-112.00707,41.08913],[-112.00693,41.08913]]}},{"type":"Feature","properties":{"highway":"primary"},"geometry":{"type":"LineString","coordinates":[[-112.01612,41.08909],[-112.01503,41.08909]]}},{"type":"Feature","properties":{"highway":"primary"},"geometry":{"type":"LineString","coordinates":[[-112.01789,41.0891],[-112.01766,41.08909],[-112.01762,41.08909],[-112.0171,41.08909],[-112.01671,41.08909]]}},{"type":"Feature","properties":{"highway":"primary"},"geometry":{"type":"LineString","coordinates":[[-112.01433,41.08909],[-112.01333,41.08909]]}},{"type":"Feature","properties":{"highway":"primary"},"geometry":{"type":"LineString","coordinates":[[-112.01503,41.08909],[-112.01433,41.08909]]}},{"type":"Feature","properties":{"highway":"primary"},"geometry":{"type":"LineString","coordinates":[[-112.02125,41.10365],[-112.02163,41.10366]]}},{"type":"Feature","properties":{"highway":"primary"},"geometry":{"type":"LineString","coordinates":[[-112.02163,41.10366],[-112.02369,41.1037]]}},{"type":"Feature","properties":{"highway":"primary"},"geometry":{"type":"LineString","coordinates":[[-112.0064,41.30685],[-112.00735,41.30686]]}},{"type":"Feature","properties":{"highway":"primary"},"geometry":{"type":"LineString","coordinates":[[-112.0045,41.30685],[-112.00313,41.30685]]}},{"type":"Feature","properties":{"highway":"primary"},"geometry":{"type":"LineString","coordinates":[[-112.00559,41.30685],[-112.00537,41.30685],[-112.00467,41.30685]]}},{"type":"Feature","properties":{"highway":"primary"},"geometry":{"type":"LineString","coordinates":[[-112.00011,40.562],[-112.00002,40.56194],[-111.99992,40.5619]]}},{"type":"Feature","properties":{"highway":"primary"},"geometry":{"type":"LineString","coordinates":[[-112.00014,40.56232],[-112.00018,40.56224],[-112.00019,40.56216],[-112.00016,40.56207],[-112.00011,40.562]]}},{"type":"Feature","properties":{"highway":"primary"},"geometry":{"type":"LineString","coordinates":[[-112.00162,40.56224],[-112.0024,40.56224],[-112.00258,40.56224]]}},{"type":"Feature","properties":{"highway":"primary"},"geometry":{"type":"LineString","coordinates":[[-112.00034,40.56225],[-112.00042,40.56224],[-112.00049,40.56224],[-112.00058,40.56224],[-112.00162,40.56224]]}},{"type":"Feature","properties":{"highway":"primary"},"geometry":{"type":"LineString","coordinates":[[-112.00544,40.562],[-112.00541,40.56197],[-112.00536,40.56194],[-112.00531,40.56192],[-112.00526,40.5619]]}},{"type":"Feature","properties":{"highway":"primary"},"geometry":{"type":"LineString","coordinates":[[-112.00549,40.5623],[-112.00552,40.56225],[-112.00553,40.5622],[-112.00552,40.56214],[-112.00551,40.56209],[-112.00548,40.56204],[-112.00544,40.562]]}},{"type":"Feature","properties":{"highway":"primary"},"geometry":{"type":"LineString","coordinates":[[-112.00502,40.56246],[-112.00509,40.56247],[-112.00516,40.56247],[-112.00522,40.56246],[-112.00531,40.56244],[-112.00538,40.56241],[-112.00545,40.56236],[-112.00549,40.5623]]}},{"type":"Feature","properties":{"highway":"primary"},"geometry":{"type":"LineString","coordinates":[[-112.00484,40.56236],[-112.00489,40.5624],[-112.00495,40.56243],[-112.00502,40.56246]]}},{"type":"Feature","properties":{"highway":"primary"},"geometry":{"type":"LineString","coordinates":[[-112.00482,40.56202],[-112.00478,40.56208],[-112.00476,40.56214],[-112.00476,40.5622],[-112.00477,40.56226],[-112.0048,40.56231],[-112.00484,40.56236]]}},{"type":"Feature","properties":{"highway":"primary"},"geometry":{"type":"LineString","coordinates":[[-112.0075,40.56224],[-112.0084,40.56222]]}},{"type":"Feature","properties":{"highway":"primary"},"geometry":{"type":"LineString","coordinates":[[-112.00693,40.56224],[-112.0075,40.56224]]}},{"type":"Feature","properties":{"highway":"primary"},"geometry":{"type":"LineString","coordinates":[[-112.01223,40.56095],[-112.01178,40.56121],[-112.0116,40.56132],[-112.01148,40.56138]]}},{"type":"Feature","properties":{"highway":"primary"},"geometry":{"type":"LineString","coordinates":[[-112.01021,40.56198],[-112.01006,40.56202],[-112.0099,40.56206],[-112.00971,40.5621],[-112.00954,40.56213],[-112.00939,40.56214]]}},{"type":"Feature","properties":{"highway":"primary"},"geometry":{"type":"LineString","coordinates":[[-112.01927,40.55695],[-112.0187,40.55727],[-112.01858,40.55734]]}},{"type":"Feature","properties":{"highway":"primary"},"geometry":{"type":"LineString","coordinates":[[-112.02152,40.55567],[-112.0214,40.55574],[-112.02132,40.55579],[-112.01927,40.55695]]}},{"type":"Feature","properties":{"highway":"primary"},"geometry":{"type":"LineString","coordinates":[[-112.0239,40.55432],[-112.02379,40.55438],[-112.02206,40.55537]]}},{"type":"Feature","properties":{"highway":"primary"},"geometry":{"type":"LineString","coordinates":[[-112.01098,40.56181],[-112.01106,40.56178],[-112.01113,40.56174],[-112.01144,40.56156],[-112.01147,40.56154],[-112.01158,40.56148]]}},{"type":"Feature","properties":{"highway":"primary"},"geometry":{"type":"LineString","coordinates":[[-112.01158,40.56148],[-112.01169,40.56141],[-112.01204,40.56122],[-112.01405,40.5601],[-112.01433,40.55994]]}},{"type":"Feature","properties":{"highway":"primary"},"geometry":{"type":"LineString","coordinates":[[-112.01433,40.55994],[-112.01471,40.55973],[-112.01474,40.55971],[-112.01483,40.55966]]}},{"type":"Feature","properties":{"highway":"primary"},"geometry":{"type":"LineString","coordinates":[[-112.01483,40.55966],[-112.01493,40.5596],[-112.01574,40.55914],[-112.01655,40.55869],[-112.0166,40.55866],[-112.01747,40.55816],[-112.01773,40.55802],[-112.018,40.55786]]}},{"type":"Feature","properties":{"highway":"primary"},"geometry":{"type":"LineString","coordinates":[[-112.018,40.55786],[-112.01819,40.55776],[-112.01842,40.55765],[-112.01862,40.55753],[-112.01871,40.55748]]}},{"type":"Feature","properties":{"highway":"primary"},"geometry":{"type":"LineString","coordinates":[[-112.01871,40.55748],[-112.01884,40.55741],[-112.01949,40.55704]]}},{"type":"Feature","properties":{"highway":"primary"},"geometry":{"type":"LineString","coordinates":[[-112.01949,40.55704],[-112.02052,40.55646],[-112.02098,40.5562]]}},{"type":"Feature","properties":{"highway":"primary"},"geometry":{"type":"LineString","coordinates":[[-112.02098,40.5562],[-112.02142,40.55595],[-112.02146,40.55593],[-112.02159,40.55586]]}},{"type":"Feature","properties":{"highway":"primary"},"geometry":{"type":"LineString","coordinates":[[-112.02159,40.55586],[-112.0218,40.55574],[-112.02321,40.55494],[-112.02342,40.55482]]}},{"type":"Feature","properties":{"highway":"primary"},"geometry":{"type":"LineString","coordinates":[[-112.02342,40.55482],[-112.02389,40.55455],[-112.02393,40.55453],[-112.02404,40.55447]]}},{"type":"Feature","properties":{"highway":"primary"},"geometry":{"type":"LineString","coordinates":[[-112.00197,41.20506],[-112.00349,41.20507]]}},{"type":"Feature","properties":{"highway":"primary"},"geometry":{"type":"LineString","coordinates":[[-112.00006,41.20507],[-112.0018,41.20507],[-112.00197,41.20506]]}},{"type":"Feature","properties":{"highway":"primary"},"geometry":{"type":"LineString","coordinates":[[-112.00518,41.20502],[-112.00582,41.20493]]}},{"type":"Feature","properties":{"highway":"primary"},"geometry":{"type":"LineString","coordinates":[[-112.00771,41.20456],[-112.00815,41.20443],[-112.00989,41.2039],[-112.01061,41.20367]]}},{"type":"Feature","properties":{"highway":"primary"},"geometry":{"type":"LineString","coordinates":[[-112.01061,41.20367],[-112.01158,41.20332]]}},{"type":"Feature","properties":{"highway":"primary"},"geometry":{"type":"LineString","coordinates":[[-112.01158,41.20332],[-112.01293,41.20283]]}},{"type":"Feature","properties":{"highway":"primary"},"geometry":{"type":"LineString","coordinates":[[-112.00688,41.20479],[-112.00706,41.20474],[-112.0074,41.20465],[-112.00771,41.20456]]}},{"type":"Feature","properties":{"highway":"primary"},"geometry":{"type":"LineString","coordinates":[[-112.01149,41.20321],[-112.01051,41.20353],[-112.00968,41.20381],[-112.00808,41.20434]]}},{"type":"Feature","properties":{"highway":"primary"},"geometry":{"type":"LineString","coordinates":[[-112.01288,41.20272],[-112.01226,41.20294],[-112.01149,41.20321]]}},{"type":"Feature","properties":{"highway":"primary"},"geometry":{"type":"LineString","coordinates":[[-112.02304,41.19896],[-112.02117,41.19987],[-112.02075,41.20007],[-112.02044,41.20022],[-112.02012,41.20036],[-112.01977,41.2005],[-112.0136,41.20247],[-112.0132,41.20261],[-112.01288,41.20272]]}},{"type":"Feature","properties":{"highway":"primary"},"geometry":{"type":"LineString","coordinates":[[-112.02583,41.19944],[-112.02583,41.19816]]}},{"type":"Feature","properties":{"highway":"primary"},"geometry":{"type":"LineString","coordinates":[[-112.0277,41.19789],[-112.02832,41.19787]]}},{"type":"Feature","properties":{"highway":"primary"},"geometry":{"type":"LineString","coordinates":[[-112.02586,41.19152],[-112.02587,41.19196]]}},{"type":"Feature","properties":{"highway":"primary"},"geometry":{"type":"LineString","coordinates":[[-112.02587,41.19196],[-112.02587,41.19247]]}},{"type":"Feature","properties":{"highway":"primary"},"geometry":{"type":"LineString","coordinates":[[-112.02587,41.19247],[-112.02586,41.19407]]}},{"type":"Feature","properties":{"highway":"primary"},"geometry":{"type":"LineString","coordinates":[[-112.02586,41.19407],[-112.02585,41.19478]]}},{"type":"Feature","properties":{"highway":"primary"},"geometry":{"type":"LineString","coordinates":[[-112.02585,41.19478],[-112.02585,41.19505],[-112.02585,41.19546]]}},{"type":"Feature","properties":{"highway":"primary"},"geometry":{"type":"LineString","coordinates":[[-112.02585,41.19546],[-112.02586,41.19633],[-112.02584,41.19657]]}},{"type":"Feature","properties":{"highway":"primary"},"geometry":{"type":"LineString","coordinates":[[-112.03946,41.19749],[-112.03988,41.19764],[-112.04006,41.19771]]}},{"type":"Feature","properties":{"highway":"primary_link"},"geometry":{"type":"LineString","coordinates":[[-112.04043,41.19743],[-112.04013,41.19748],[-112.04003,41.1975],[-112.03998,41.19751],[-112.03982,41.1975],[-112.03975,41.19749],[-112.03946,41.19749]]}},{"type":"Feature","properties":{"highway":"primary"},"geometry":{"type":"LineString","coordinates":[[-112.03927,41.19744],[-112.03946,41.19749]]}},{"type":"Feature","properties":{"highway":"primary"},"geometry":{"type":"LineString","coordinates":[[-112.03855,41.19732],[-112.0391,41.1974],[-112.03927,41.19744]]}},{"type":"Feature","properties":{"highway":"primary"},"geometry":{"type":"LineString","coordinates":[[-112.02909,40.31877],[-112.02908,40.31812],[-112.02908,40.31711],[-112.02907,40.31663],[-112.02904,40.3162],[-112.02898,40.31589],[-112.02892,40.31558],[-112.02878,40.31511],[-112.02863,40.31473],[-112.02851,40.31444]]}},{"type":"Feature","properties":{"highway":"primary_link"},"geometry":{"type":"LineString","coordinates":[[-112.0272,40.55246],[-112.0269,40.55271],[-112.02681,40.55278],[-112.0267,40.55286],[-112.0266,40.55292],[-112.0265,40.55298],[-112.02637,40.55306]]}},{"type":"Feature","properties":{"highway":"primary"},"geometry":{"type":"LineString","coordinates":[[-112.0254,41.24219],[-112.02538,41.24263]]}},{"type":"Feature","properties":{"highway":"primary"},"geometry":{"type":"LineString","coordinates":[[-112.02543,41.24093],[-112.02543,41.24117]]}},{"type":"Feature","properties":{"highway":"primary"},"geometry":{"type":"LineString","coordinates":[[-112.03393,41.34445],[-112.03403,41.34436]]}},{"type":"Feature","properties":{"highway":"primary"},"geometry":{"type":"LineString","coordinates":[[-112.40579,40.60106],[-112.40492,40.60129]]}},{"type":"Feature","properties":{"highway":"motorway_link"},"geometry":{"type":"LineString","coordinates":[[-112.02668,41.30607],[-112.02666,41.3058],[-112.02662,41.30541],[-112.0263,41.304],[-112.02624,41.30367],[-112.02616,41.30315],[-112.02606,41.30185]]}},{"type":"Feature","properties":{"highway":"motorway_link"},"geometry":{"type":"LineString","coordinates":[[-112.02529,41.30569],[-112.02524,41.30629]]}},{"type":"Feature","properties":{"highway":"motorway_link"},"geometry":{"type":"LineString","coordinates":[[-112.02524,41.30629],[-112.02517,41.30638],[-112.02513,41.30644],[-112.02511,41.30645],[-112.02506,41.30649],[-112.02496,41.30653],[-112.02393,41.30654],[-112.02375,41.30662]]}},{"type":"Feature","properties":{"highway":"motorway_link"},"geometry":{"type":"LineString","coordinates":[[-112.02524,41.30629],[-112.02524,41.30649],[-112.02524,41.30668]]}},{"type":"Feature","properties":{"highway":"primary"},"geometry":{"type":"LineString","coordinates":[[-112.01925,41.10365],[-112.02042,41.10365]]}},{"type":"Feature","properties":{"highway":"primary"},"geometry":{"type":"LineString","coordinates":[[-112.14129,41.68287],[-112.14125,41.68175]]}},{"type":"Feature","properties":{"highway":"trunk"},"geometry":{"type":"LineString","coordinates":[[-112.00518,40.50803],[-112.00518,40.50781]]}},{"type":"Feature","properties":{"highway":"primary_link"},"geometry":{"type":"LineString","coordinates":[[-112.04785,41.19108],[-112.04823,41.19093],[-112.04843,41.19083],[-112.04846,41.19082],[-112.04865,41.19078],[-112.04972,41.19073],[-112.04999,41.19066]]}},{"type":"Feature","properties":{"highway":"primary_link"},"geometry":{"type":"LineString","coordinates":[[-112.04711,41.19066],[-112.04737,41.19074],[-112.04774,41.19077],[-112.04781,41.1908],[-112.04784,41.19084],[-112.04788,41.19089],[-112.04785,41.19108]]}},{"type":"Feature","properties":{"highway":"primary_link"},"geometry":{"type":"LineString","coordinates":[[-112.04919,41.19065],[-112.04896,41.19054],[-112.04884,41.19046],[-112.04881,41.19044],[-112.04879,41.19029],[-112.04882,41.19014]]}},{"type":"Feature","properties":{"highway":"primary"},"geometry":{"type":"LineString","coordinates":[[-112.02507,40.76528],[-112.02496,40.76562],[-112.02495,40.7658]]}},{"type":"Feature","properties":{"highway":"primary"},"geometry":{"type":"LineString","coordinates":[[-112.06461,41.0911],[-112.0646,41.09137],[-112.0646,41.09157],[-112.06461,41.0918],[-112.06464,41.09209],[-112.06465,41.09219],[-112.06468,41.09266],[-112.06468,41.09307],[-112.06468,41.0932],[-112.06467,41.09411],[-112.06468,41.09457],[-112.06463,41.09685],[-112.06464,41.09696],[-112.06463,41.09703],[-112.06465,41.09871],[-112.06465,41.0992],[-112.06461,41.09978],[-112.0646,41.09993],[-112.0646,41.10014],[-112.06459,41.10086],[-112.06459,41.10133],[-112.06453,41.10263],[-112.06449,41.10365],[-112.06449,41.10423],[-112.06448,41.10491],[-112.06447,41.10634],[-112.06447,41.10689],[-112.06449,41.1074],[-112.06453,41.1087],[-112.06459,41.11037],[-112.0646,41.11057]]}},{"type":"Feature","properties":{"highway":"primary"},"geometry":{"type":"LineString","coordinates":[[-112.00158,41.10353],[-112.00159,41.10367],[-112.00159,41.10371],[-112.0016,41.10374],[-112.0016,41.10376],[-112.00161,41.10379],[-112.00162,41.10382],[-112.00169,41.10396],[-112.00179,41.10407],[-112.00201,41.10419]]}},{"type":"Feature","properties":{"highway":"primary"},"geometry":{"type":"LineString","coordinates":[[-112.04759,41.19136],[-112.04785,41.19108]]}},{"type":"Feature","properties":{"highway":"primary"},"geometry":{"type":"LineString","coordinates":[[-112.14798,41.74793],[-112.14766,41.74736],[-112.14743,41.747],[-112.14714,41.74668],[-112.14671,41.74627],[-112.1455,41.74513],[-112.14481,41.74442],[-112.14439,41.74385],[-112.1441,41.74333],[-112.14399,41.74306],[-112.14389,41.74275],[-112.14377,41.74228],[-112.14372,41.74181]]}},{"type":"Feature","properties":{"highway":"primary"},"geometry":{"type":"LineString","coordinates":[[-112.09189,40.69648],[-112.09175,40.69645]]}},{"type":"Feature","properties":{"highway":"primary"},"geometry":{"type":"LineString","coordinates":[[-112.08898,40.69649],[-112.08915,40.69652],[-112.09,40.69654],[-112.09076,40.69654],[-112.09113,40.69651]]}},{"type":"Feature","properties":{"highway":"trunk"},"geometry":{"type":"LineString","coordinates":[[-112.29867,40.52485],[-112.29867,40.52506]]}},{"type":"Feature","properties":{"highway":"trunk"},"geometry":{"type":"LineString","coordinates":[[-112.29867,40.52506],[-112.29866,40.5256],[-112.29866,40.52572],[-112.29865,40.52578],[-112.29865,40.52587],[-112.29865,40.52613],[-112.29864,40.5265],[-112.29864,40.52661],[-112.29864,40.5267],[-112.29863,40.52677],[-112.29863,40.52722],[-112.29862,40.52747],[-112.2986,40.52845],[-112.2986,40.52854],[-112.2986,40.52863],[-112.29859,40.52904],[-112.29859,40.52909],[-112.29859,40.52918],[-112.29859,40.52922],[-112.29858,40.52933],[-112.29858,40.52938],[-112.29858,40.5295],[-112.29858,40.52964],[-112.29857,40.52978],[-112.29857,40.52986]]}},{"type":"Feature","properties":{"highway":"trunk"},"geometry":{"type":"LineString","coordinates":[[-112.09919,40.29818],[-112.09916,40.29802],[-112.09914,40.29791],[-112.09895,40.29696],[-112.09872,40.29592],[-112.09852,40.29497],[-112.0985,40.29488],[-112.09831,40.2939],[-112.09829,40.29377],[-112.09786,40.29175],[-112.0976,40.29052],[-112.0969,40.28723],[-112.09658,40.28572],[-112.09634,40.28458],[-112.09627,40.28422],[-112.09604,40.28315],[-112.09547,40.28045],[-112.09521,40.27926],[-112.09501,40.27833],[-112.09484,40.27752],[-112.09459,40.27631],[-112.0945,40.27588],[-112.09427,40.27485],[-112.09403,40.27373],[-112.09379,40.27258],[-112.09359,40.27166],[-112.09332,40.27032],[-112.09328,40.27008],[-112.09325,40.26986],[-112.09323,40.2696],[-112.09322,40.26935],[-112.09323,40.26908],[-112.09325,40.26875],[-112.09329,40.26836],[-112.09335,40.26805],[-112.09347,40.26749],[-112.09355,40.26713],[-112.09367,40.26664],[-112.09376,40.26623],[-112.09385,40.26586],[-112.09414,40.26456],[-112.09427,40.26398],[-112.09433,40.26368],[-112.09441,40.26332],[-112.09448,40.26303],[-112.09457,40.26272],[-112.09464,40.26249],[-112.09472,40.26226],[-112.09482,40.26202],[-112.09493,40.26177],[-112.09506,40.26152],[-112.09514,40.26136],[-112.09528,40.26113],[-112.09537,40.26097],[-112.0956,40.26063]]}},{"type":"Feature","properties":{"highway":"trunk"},"geometry":{"type":"LineString","coordinates":[[-112.10069,40.30546],[-112.1001,40.30249]]}},{"type":"Feature","properties":{"highway":"primary"},"geometry":{"type":"LineString","coordinates":[[-112.47067,40.59994],[-112.47096,40.59994],[-112.47264,40.59995],[-112.47361,40.59996],[-112.47439,40.59996],[-112.47516,40.59996],[-112.47535,40.59996],[-112.47679,40.59997],[-112.47734,40.59998],[-112.47744,40.59998]]}},{"type":"Feature","properties":{"highway":"primary"},"geometry":{"type":"LineString","coordinates":[[-112.02851,40.31444],[-112.02845,40.3143],[-112.02819,40.31386],[-112.02803,40.3136],[-112.02798,40.31351],[-112.02775,40.3132],[-112.0274,40.31278],[-112.02709,40.31247],[-112.0269,40.31227],[-112.02675,40.31213]]}},{"type":"Feature","properties":{"highway":"primary"},"geometry":{"type":"LineString","coordinates":[[-112.02675,40.31213],[-112.02663,40.312],[-112.02644,40.31184],[-112.02597,40.3115],[-112.02562,40.31126],[-112.02538,40.3111],[-112.02459,40.31066],[-112.02341,40.31002],[-112.0227,40.30967],[-112.0219,40.30929],[-112.02108,40.30893],[-112.02008,40.30851],[-112.01983,40.30841],[-112.01931,40.30821],[-112.01803,40.30776]]}},{"type":"Feature","properties":{"highway":"primary"},"geometry":{"type":"LineString","coordinates":[[-112.02922,40.32268],[-112.02916,40.32234],[-112.02912,40.32204],[-112.02911,40.32189],[-112.0291,40.32165],[-112.02908,40.32018],[-112.02907,40.32004]]}},{"type":"Feature","properties":{"highway":"trunk"},"geometry":{"type":"LineString","coordinates":[[-112.04005,40.36464],[-112.04729,40.36165],[-112.05204,40.35966],[-112.0592,40.35675],[-112.06161,40.35577],[-112.06618,40.3539],[-112.06693,40.35358],[-112.06727,40.35341],[-112.06888,40.35256]]}},{"type":"Feature","properties":{"highway":"trunk"},"geometry":{"type":"LineString","coordinates":[[-112.06888,40.35256],[-112.07355,40.34972],[-112.07432,40.34926],[-112.07773,40.34721],[-112.07869,40.34663],[-112.08381,40.34357],[-112.08602,40.34224],[-112.08616,40.34216],[-112.08676,40.34179],[-112.08714,40.34156],[-112.08936,40.34023],[-112.09003,40.33981],[-112.09011,40.33976],[-112.09452,40.33713],[-112.09467,40.33704],[-112.0975,40.33535],[-112.09817,40.33495],[-112.09937,40.33425]]}},{"type":"Feature","properties":{"highway":"trunk"},"geometry":{"type":"LineString","coordinates":[[-112.10223,40.33058],[-112.10227,40.32995],[-112.10233,40.32892],[-112.10234,40.32873]]}},{"type":"Feature","properties":{"highway":"trunk"},"geometry":{"type":"LineString","coordinates":[[-112.1024,40.32723],[-112.10241,40.32584],[-112.10242,40.32552],[-112.10241,40.32522],[-112.10241,40.32498],[-112.10241,40.32467],[-112.1024,40.32377],[-112.10242,40.32264],[-112.10243,40.32141],[-112.10244,40.32109]]}},{"type":"Feature","properties":{"highway":"trunk"},"geometry":{"type":"LineString","coordinates":[[-112.02222,40.37196],[-112.02761,40.36974],[-112.02799,40.36959],[-112.02807,40.36955],[-112.02925,40.36906],[-112.0376,40.36563],[-112.03838,40.3653]]}},{"type":"Feature","properties":{"highway":"trunk"},"geometry":{"type":"LineString","coordinates":[[-112.365,40.44587],[-112.36607,40.44468]]}},{"type":"Feature","properties":{"highway":"trunk"},"geometry":{"type":"LineString","coordinates":[[-112.30491,40.51631],[-112.30343,40.51702]]}},{"type":"Feature","properties":{"highway":"trunk"},"geometry":{"type":"LineString","coordinates":[[-112.30949,40.51382],[-112.30884,40.51428]]}},{"type":"Feature","properties":{"highway":"trunk"},"geometry":{"type":"LineString","coordinates":[[-112.33221,40.4926],[-112.33147,40.49332],[-112.33075,40.49405],[-112.32977,40.49505]]}},{"type":"Feature","properties":{"highway":"primary"},"geometry":{"type":"LineString","coordinates":[[-112.0646,41.11057],[-112.06455,41.11067],[-112.06454,41.11072],[-112.06454,41.11075],[-112.06454,41.11096],[-112.06454,41.11112],[-112.06454,41.1113],[-112.06454,41.11182],[-112.06455,41.11222],[-112.06462,41.1123]]}},{"type":"Feature","properties":{"highway":"primary"},"geometry":{"type":"LineString","coordinates":[[-112.06444,41.17613],[-112.06444,41.17604],[-112.06444,41.17562],[-112.06444,41.1753],[-112.06444,41.17446],[-112.06444,41.17343],[-112.06444,41.1725],[-112.06444,41.1711],[-112.06444,41.16941],[-112.06443,41.16889],[-112.06444,41.16831],[-112.06445,41.16727],[-112.06444,41.16603],[-112.06444,41.16515],[-112.06445,41.16365]]}},{"type":"Feature","properties":{"highway":"primary"},"geometry":{"type":"LineString","coordinates":[[-112.06464,41.53519],[-112.06387,41.53508]]}},{"type":"Feature","properties":{"highway":"trunk"},"geometry":{"type":"LineString","coordinates":[[-112.1394,40.24429],[-112.13245,40.2466],[-112.13088,40.24713],[-112.12772,40.24818],[-112.12417,40.24936],[-112.12067,40.25052],[-112.12032,40.25064]]}},{"type":"Feature","properties":{"highway":"primary"},"geometry":{"type":"LineString","coordinates":[[-112.01472,40.30668],[-112.01464,40.30684],[-112.01446,40.30728],[-112.01419,40.30791],[-112.01379,40.30885],[-112.01368,40.30913],[-112.01367,40.30916],[-112.01358,40.30948],[-112.01351,40.30985],[-112.01347,40.31041],[-112.01346,40.3106],[-112.01345,40.31076],[-112.01344,40.311],[-112.01346,40.31203],[-112.01345,40.31364],[-112.01349,40.31597],[-112.01349,40.31607]]}},{"type":"Feature","properties":{"highway":"primary"},"geometry":{"type":"LineString","coordinates":[[-112.01359,40.31606],[-112.01358,40.31363],[-112.01357,40.31165],[-112.01354,40.31092],[-112.01354,40.31076],[-112.01356,40.3106],[-112.01358,40.31041],[-112.01362,40.30991],[-112.01371,40.30946],[-112.01381,40.30915],[-112.01385,40.30902],[-112.01402,40.30864],[-112.01433,40.30794],[-112.01461,40.30732],[-112.01483,40.30689],[-112.0149,40.30672]]}},{"type":"Feature","properties":{"highway":"primary"},"geometry":{"type":"LineString","coordinates":[[-112.01357,40.32736],[-112.01358,40.32852],[-112.01358,40.32964],[-112.01359,40.33016],[-112.01356,40.33057],[-112.0135,40.33091],[-112.01343,40.33121],[-112.01316,40.332],[-112.01291,40.33252],[-112.01281,40.3327],[-112.01143,40.33478],[-112.01125,40.33505],[-112.01098,40.33545],[-112.01053,40.33621],[-112.01037,40.3365],[-112.00966,40.33763]]}},{"type":"Feature","properties":{"highway":"primary"},"geometry":{"type":"LineString","coordinates":[[-112.0096,40.33799],[-112.0099,40.33748],[-112.01063,40.33624],[-112.01079,40.33596],[-112.011,40.33564],[-112.01133,40.33514],[-112.01155,40.33483],[-112.01282,40.33287],[-112.0129,40.33273],[-112.01313,40.33228],[-112.0133,40.33191],[-112.0135,40.33133],[-112.0136,40.33093],[-112.0136,40.3309],[-112.01362,40.33085],[-112.01369,40.33033],[-112.01369,40.33016],[-112.0137,40.32963],[-112.01369,40.32851],[-112.01368,40.32774]]}},{"type":"Feature","properties":{"highway":"primary"},"geometry":{"type":"LineString","coordinates":[[-112.00255,40.35152],[-112.0002,40.35407],[-112.00009,40.35419],[-111.99984,40.35442],[-111.99953,40.35463],[-111.9993,40.35475],[-111.99914,40.35482]]}},{"type":"Feature","properties":{"highway":"primary"},"geometry":{"type":"LineString","coordinates":[[-111.99918,40.3549],[-111.99946,40.35477],[-111.99969,40.35463],[-111.99988,40.3545],[-112.00027,40.35412],[-112.00265,40.35158]]}},{"type":"Feature","properties":{"highway":"primary"},"geometry":{"type":"LineString","coordinates":[[-112.05306,40.6094],[-112.05355,40.6094],[-112.05445,40.6094]]}},{"type":"Feature","properties":{"highway":"primary"},"geometry":{"type":"LineString","coordinates":[[-112.05687,40.60232],[-112.05689,40.60219],[-112.05704,40.60139]]}},{"type":"Feature","properties":{"highway":"trunk"},"geometry":{"type":"LineString","coordinates":[[-112.02932,40.58792],[-112.02932,40.58772]]}},{"type":"Feature","properties":{"highway":"primary"},"geometry":{"type":"LineString","coordinates":[[-112.02932,40.58772],[-112.02799,40.58772],[-112.02782,40.58772]]}},{"type":"Feature","properties":{"highway":"trunk"},"geometry":{"type":"LineString","coordinates":[[-112.2949,40.57288],[-112.29483,40.57336]]}},{"type":"Feature","properties":{"highway":"motorway_link"},"geometry":{"type":"LineString","coordinates":[[-113.40411,40.72867],[-113.40398,40.72956]]}},{"type":"Feature","properties":{"highway":"primary_link"},"geometry":{"type":"LineString","coordinates":[[-112.0244,41.24487],[-112.02471,41.24496],[-112.02501,41.24506],[-112.02511,41.24513],[-112.02519,41.24526],[-112.02532,41.24555]]}},{"type":"Feature","properties":{"highway":"primary_link"},"geometry":{"type":"LineString","coordinates":[[-112.02642,41.245],[-112.02585,41.24487],[-112.02561,41.24479],[-112.02551,41.24471],[-112.02547,41.24462],[-112.02534,41.24443]]}},{"type":"Feature","properties":{"highway":"primary"},"geometry":{"type":"LineString","coordinates":[[-112.02538,41.24263],[-112.02535,41.24389]]}},{"type":"Feature","properties":{"highway":"primary"},"geometry":{"type":"LineString","coordinates":[[-112.04701,41.1919],[-112.04759,41.19136]]}},{"type":"Feature","properties":{"highway":"primary"},"geometry":{"type":"LineString","coordinates":[[-112.04912,41.18986],[-112.04977,41.18926],[-112.05071,41.18838],[-112.05095,41.18816],[-112.05174,41.18743],[-112.0536,41.18595],[-112.05475,41.18507],[-112.05501,41.18486],[-112.05607,41.18402],[-112.05796,41.18253],[-112.05862,41.182],[-112.0587,41.18194],[-112.05971,41.18112],[-112.05978,41.18106],[-112.06104,41.18],[-112.06187,41.17933],[-112.06253,41.17878],[-112.06327,41.17821],[-112.06339,41.17811],[-112.06366,41.17789],[-112.06392,41.17765],[-112.06403,41.17753],[-112.06422,41.17732],[-112.06435,41.17707],[-112.06443,41.17682]]}},{"type":"Feature","properties":{"highway":"primary"},"geometry":{"type":"LineString","coordinates":[[-112.00688,41.10353],[-112.00701,41.10353],[-112.00778,41.10353],[-112.00993,41.10353],[-112.01044,41.10353],[-112.01063,41.10353],[-112.01084,41.10353],[-112.0111,41.10352],[-112.01208,41.10353],[-112.01264,41.10353],[-112.01273,41.10353],[-112.01374,41.10354],[-112.0141,41.10355],[-112.01423,41.10355]]}},{"type":"Feature","properties":{"highway":"primary"},"geometry":{"type":"LineString","coordinates":[[-112.00573,41.10352],[-112.00674,41.10353],[-112.00688,41.10353]]}},{"type":"Feature","properties":{"highway":"primary"},"geometry":{"type":"LineString","coordinates":[[-112.00573,41.10352],[-112.0052,41.10353]]}},{"type":"Feature","properties":{"highway":"primary"},"geometry":{"type":"LineString","coordinates":[[-112.00439,41.10353],[-112.00496,41.10353],[-112.0052,41.10353]]}},{"type":"Feature","properties":{"highway":"primary"},"geometry":{"type":"LineString","coordinates":[[-112.00278,41.10353],[-112.00439,41.10353]]}},{"type":"Feature","properties":{"highway":"primary"},"geometry":{"type":"LineString","coordinates":[[-112.00278,41.10353],[-112.00255,41.10353],[-112.00187,41.10353],[-112.0017,41.10353],[-112.00158,41.10353]]}},{"type":"Feature","properties":{"highway":"trunk"},"geometry":{"type":"LineString","coordinates":[[-112.13779,41.78525],[-112.13736,41.78525]]}},{"type":"Feature","properties":{"highway":"trunk"},"geometry":{"type":"LineString","coordinates":[[-112.13736,41.78525],[-112.13622,41.78527],[-112.13042,41.78534],[-112.12633,41.7854]]}},{"type":"Feature","properties":{"highway":"primary"},"geometry":{"type":"LineString","coordinates":[[-112.01586,41.50608],[-112.01586,41.5062],[-112.01585,41.50653],[-112.01584,41.50686],[-112.01584,41.50698],[-112.01583,41.50718],[-112.01583,41.50744],[-112.01582,41.50773]]}},{"type":"Feature","properties":{"highway":"primary"},"geometry":{"type":"LineString","coordinates":[[-111.99718,40.6966],[-111.99724,40.6966],[-111.99739,40.6966],[-111.99785,40.6966],[-111.99837,40.6966],[-111.9987,40.6966],[-111.99895,40.69659],[-111.9994,40.69659],[-111.99988,40.69659],[-112.00016,40.69659],[-112.00027,40.69659],[-112.0009,40.69659],[-112.00165,40.69659],[-112.00182,40.69659],[-112.00192,40.69659],[-112.00228,40.69659],[-112.00239,40.69659],[-112.0028,40.69659],[-112.00334,40.69658],[-112.00363,40.69658],[-112.00405,40.69658],[-112.00427,40.69658],[-112.00445,40.69658],[-112.00456,40.69658],[-112.00488,40.69658],[-112.00506,40.69658]]}},{"type":"Feature","properties":{"highway":"primary"},"geometry":{"type":"LineString","coordinates":[[-112.00476,40.52259],[-112.00585,40.5226],[-112.00605,40.52261]]}},{"type":"Feature","properties":{"highway":"primary"},"geometry":{"type":"LineString","coordinates":[[-112.00475,40.52242],[-112.00458,40.52241],[-112.00317,40.5224],[-112.00212,40.52238],[-112.00206,40.5224],[-112.00196,40.52243]]}},{"type":"Feature","properties":{"highway":"trunk"},"geometry":{"type":"LineString","coordinates":[[-112.00475,40.52242],[-112.00476,40.52259]]}},{"type":"Feature","properties":{"highway":"trunk"},"geometry":{"type":"LineString","coordinates":[[-112.0135,40.5359],[-112.01364,40.53603],[-112.01513,40.53751],[-112.01669,40.53911],[-112.01671,40.53914],[-112.01679,40.53921],[-112.01695,40.53938]]}},{"type":"Feature","properties":{"highway":"trunk"},"geometry":{"type":"LineString","coordinates":[[-112.0146,40.53528],[-112.0145,40.53517],[-112.01257,40.53322],[-112.01235,40.533],[-112.01151,40.53215],[-112.01125,40.5319]]}},{"type":"Feature","properties":{"highway":"primary"},"geometry":{"type":"LineString","coordinates":[[-112.03225,40.53699],[-112.03288,40.53699],[-112.033,40.53695]]}},{"type":"Feature","properties":{"highway":"primary_link"},"geometry":{"type":"LineString","coordinates":[[-112.0304,40.5368],[-112.03037,40.53684],[-112.03031,40.53685]]}},{"type":"Feature","properties":{"highway":"primary"},"geometry":{"type":"LineString","coordinates":[[-112.02836,40.53693],[-112.02616,40.53694],[-112.02456,40.53695],[-112.02451,40.53695],[-112.02436,40.53695],[-112.02358,40.53695],[-112.02336,40.53695]]}},{"type":"Feature","properties":{"highway":"primary_link"},"geometry":{"type":"LineString","coordinates":[[-112.0322,40.53687],[-112.0321,40.53688],[-112.032,40.5369],[-112.03188,40.53692],[-112.03174,40.53691],[-112.03169,40.53695],[-112.0316,40.53699]]}},{"type":"Feature","properties":{"highway":"primary"},"geometry":{"type":"LineString","coordinates":[[-112.03031,40.53685],[-112.02923,40.53686],[-112.02911,40.53694]]}},{"type":"Feature","properties":{"highway":"primary_link"},"geometry":{"type":"LineString","coordinates":[[-112.02911,40.53694],[-112.02942,40.53695],[-112.03016,40.53695],[-112.03042,40.53694],[-112.03052,40.53692],[-112.03055,40.53689],[-112.03055,40.53686]]}},{"type":"Feature","properties":{"highway":"primary"},"geometry":{"type":"LineString","coordinates":[[-112.04387,40.53693],[-112.04804,40.53694]]}},{"type":"Feature","properties":{"highway":"trunk"},"geometry":{"type":"LineString","coordinates":[[-112.36607,40.44468],[-112.36817,40.44237],[-112.36933,40.44123],[-112.37095,40.43944],[-112.37245,40.43785],[-112.37387,40.43631],[-112.37461,40.43551],[-112.37578,40.43407],[-112.37756,40.43177],[-112.37829,40.43081],[-112.37897,40.42983],[-112.37921,40.42941],[-112.37957,40.42876],[-112.37974,40.4284],[-112.37999,40.4278],[-112.38008,40.42754],[-112.38012,40.42743],[-112.38036,40.42666],[-112.38054,40.42589],[-112.3811,40.42363],[-112.38225,40.41905],[-112.38303,40.41591],[-112.38335,40.41473],[-112.38422,40.41102],[-112.38523,40.40731],[-112.38536,40.40671],[-112.38538,40.40662],[-112.38564,40.4055],[-112.38572,40.40498],[-112.38583,40.40438],[-112.38588,40.40392],[-112.38589,40.40327],[-112.38591,40.40249],[-112.38593,40.40197],[-112.38618,40.39234],[-112.38625,40.38986],[-112.38626,40.38929],[-112.38636,40.38581],[-112.38639,40.38433],[-112.3864,40.38393],[-112.38644,40.38205],[-112.38647,40.38174],[-112.38651,40.38152],[-112.38659,40.38128],[-112.38675,40.38093]]}},{"type":"Feature","properties":{"highway":"trunk"},"geometry":{"type":"LineString","coordinates":[[-112.02939,40.71896],[-112.02929,40.71957],[-112.02919,40.72013],[-112.02908,40.7208],[-112.02901,40.72167],[-112.02897,40.72257],[-112.02895,40.72323],[-112.02896,40.72428],[-112.02896,40.72435]]}},{"type":"Feature","properties":{"highway":"trunk"},"geometry":{"type":"LineString","coordinates":[[-112.02899,40.72611],[-112.02899,40.72636],[-112.02899,40.72649]]}},{"type":"Feature","properties":{"highway":"trunk"},"geometry":{"type":"LineString","coordinates":[[-112.02899,40.72536],[-112.02899,40.72611]]}},{"type":"Feature","properties":{"highway":"motorway_link"},"geometry":{"type":"LineString","coordinates":[[-112.02899,40.72649],[-112.02934,40.72648]]}},{"type":"Feature","properties":{"highway":"primary"},"geometry":{"type":"LineString","coordinates":[[-112.02937,40.73229],[-112.02937,40.73172],[-112.02937,40.73077],[-112.02937,40.72913],[-112.02934,40.72658],[-112.02934,40.72648]]}},{"type":"Feature","properties":{"highway":"trunk"},"geometry":{"type":"LineString","coordinates":[[-112.02934,40.7261],[-112.02934,40.72538]]}},{"type":"Feature","properties":{"highway":"primary"},"geometry":{"type":"LineString","coordinates":[[-112.02937,40.73261],[-112.02937,40.73229]]}},{"type":"Feature","properties":{"highway":"primary"},"geometry":{"type":"LineString","coordinates":[[-112.0289,40.73261],[-112.02885,40.73573],[-112.02885,40.73594],[-112.02884,40.73616],[-112.02882,40.73638],[-112.0288,40.73666],[-112.02876,40.73693],[-112.0287,40.73725],[-112.02864,40.73757],[-112.02856,40.73789],[-112.0285,40.73813],[-112.02846,40.73837]]}},{"type":"Feature","properties":{"highway":"primary"},"geometry":{"type":"LineString","coordinates":[[-112.0289,40.73228],[-112.0289,40.73261]]}},{"type":"Feature","properties":{"highway":"trunk"},"geometry":{"type":"LineString","coordinates":[[-112.02934,40.72538],[-112.02933,40.72438],[-112.02933,40.72433]]}},{"type":"Feature","properties":{"highway":"trunk"},"geometry":{"type":"LineString","coordinates":[[-112.03087,40.71471],[-112.03095,40.71427]]}},{"type":"Feature","properties":{"highway":"trunk"},"geometry":{"type":"LineString","coordinates":[[-112.03095,40.71427],[-112.03101,40.71393],[-112.03109,40.71294],[-112.0311,40.7125],[-112.03108,40.71168],[-112.03105,40.71124]]}},{"type":"Feature","properties":{"highway":"trunk"},"geometry":{"type":"LineString","coordinates":[[-112.03105,40.71124],[-112.03097,40.71077]]}},{"type":"Feature","properties":{"highway":"primary"},"geometry":{"type":"LineString","coordinates":[[-112.35905,40.62259],[-112.35888,40.62282],[-112.35876,40.62298],[-112.35865,40.62315],[-112.3585,40.62337],[-112.35835,40.6236],[-112.35821,40.62383],[-112.35805,40.62411],[-112.35791,40.62439],[-112.35777,40.62467],[-112.35765,40.62495],[-112.35753,40.62523],[-112.35744,40.62546],[-112.35736,40.62569],[-112.35728,40.62592],[-112.35719,40.62622],[-112.35711,40.62653],[-112.35704,40.62683],[-112.35698,40.62708],[-112.35694,40.62734],[-112.3569,40.62759],[-112.35686,40.62791],[-112.35684,40.62823],[-112.35682,40.62854],[-112.35681,40.62886],[-112.35681,40.62911],[-112.35694,40.63524],[-112.35693,40.63604],[-112.35692,40.63635],[-112.35689,40.63668],[-112.35685,40.63702],[-112.35679,40.63738],[-112.35672,40.63771],[-112.35665,40.63801],[-112.35658,40.63832],[-112.35649,40.63864],[-112.35639,40.63895],[-112.35628,40.63924],[-112.35614,40.6396],[-112.35599,40.63995],[-112.35586,40.64027],[-112.35568,40.6406],[-112.3555,40.64093],[-112.35531,40.64126],[-112.3551,40.64158],[-112.35491,40.64189],[-112.35468,40.64221],[-112.35445,40.64251],[-112.3542,40.64281],[-112.35398,40.64307],[-112.35377,40.6433],[-112.35352,40.64358],[-112.35325,40.64387],[-112.35301,40.64411],[-112.35273,40.64435],[-112.35247,40.64459],[-112.35219,40.64483],[-112.35189,40.64506],[-112.35159,40.64529],[-112.35123,40.64555],[-112.3489,40.64711],[-112.34721,40.64823],[-112.34382,40.65047],[-112.34048,40.65265],[-112.33857,40.65393],[-112.33656,40.65525],[-112.33556,40.65591],[-112.33519,40.65616],[-112.33488,40.65637],[-112.33463,40.65657],[-112.33445,40.6567],[-112.33428,40.65684],[-112.3341,40.65699],[-112.33391,40.65717],[-112.33376,40.65729],[-112.33358,40.65748],[-112.33335,40.6577],[-112.33321,40.65786],[-112.33301,40.65808],[-112.33283,40.65829],[-112.33266,40.65851],[-112.33254,40.65868],[-112.33242,40.65887],[-112.33239,40.65892]]}},{"type":"Feature","properties":{"highway":"motorway_link"},"geometry":{"type":"LineString","coordinates":[[-112.33063,40.6623],[-112.33014,40.66314]]}},{"type":"Feature","properties":{"highway":"motorway_link"},"geometry":{"type":"LineString","coordinates":[[-112.33039,40.66314],[-112.33088,40.66227]]}},{"type":"Feature","properties":{"highway":"motorway_link"},"geometry":{"type":"LineString","coordinates":[[-112.31724,40.66472],[-112.31782,40.66465],[-112.31904,40.66447],[-112.32131,40.66414],[-112.32199,40.66406],[-112.32243,40.66403],[-112.32275,40.66404],[-112.32309,40.66406],[-112.32336,40.66411],[-112.32358,40.66414],[-112.32381,40.6642],[-112.32406,40.66427],[-112.32435,40.66435],[-112.3252,40.66465],[-112.32539,40.66471],[-112.32554,40.66476],[-112.32573,40.66481],[-112.32591,40.66485],[-112.32608,40.66487],[-112.32627,40.66489],[-112.32651,40.66491],[-112.32671,40.66492],[-112.32692,40.66492],[-112.32718,40.66492],[-112.32753,40.66488],[-112.32774,40.66484],[-112.32794,40.66481],[-112.32812,40.66477],[-112.32841,40.66467],[-112.3286,40.66461],[-112.32877,40.66453],[-112.32894,40.66445],[-112.32908,40.66437],[-112.32922,40.66429],[-112.32938,40.66418],[-112.32953,40.66408],[-112.32964,40.66399],[-112.32978,40.66387],[-112.3299,40.66375],[-112.33002,40.66363],[-112.33012,40.66349],[-112.33027,40.66333],[-112.33039,40.66314]]}},{"type":"Feature","properties":{"highway":"motorway_link"},"geometry":{"type":"LineString","coordinates":[[-112.33718,40.66217],[-112.3353,40.66211],[-112.33495,40.66211],[-112.3347,40.66209],[-112.33448,40.66207],[-112.33428,40.66206],[-112.33409,40.66203],[-112.33386,40.66196],[-112.33367,40.66191],[-112.33354,40.66186],[-112.3334,40.6618],[-112.33327,40.66173],[-112.33313,40.66165],[-112.333,40.66158],[-112.33289,40.6615],[-112.33278,40.6614],[-112.3327,40.66129],[-112.33262,40.66119],[-112.33255,40.66109],[-112.33248,40.66098],[-112.33239,40.66084],[-112.33234,40.66069],[-112.33231,40.66061],[-112.33228,40.66047],[-112.33226,40.66036],[-112.33224,40.66019],[-112.33225,40.66004],[-112.33227,40.65993],[-112.3323,40.65979],[-112.33235,40.65965],[-112.3326,40.65911]]}},{"type":"Feature","properties":{"highway":"motorway_link"},"geometry":{"type":"LineString","coordinates":[[-112.33239,40.65892],[-112.33186,40.65972],[-112.33166,40.65999],[-112.33156,40.66014],[-112.33141,40.66034],[-112.33132,40.66048],[-112.33117,40.66065],[-112.33104,40.66081],[-112.33084,40.66103],[-112.33061,40.66123],[-112.33045,40.66135],[-112.33029,40.66149],[-112.33011,40.66163],[-112.32992,40.66175],[-112.32975,40.66185],[-112.32958,40.66195],[-112.32941,40.66205],[-112.32924,40.66213],[-112.32902,40.66224],[-112.32802,40.6626],[-112.32779,40.66267],[-112.32755,40.66273],[-112.32737,40.66276],[-112.32698,40.66283],[-112.32609,40.66294]]}},{"type":"Feature","properties":{"highway":"motorway_link"},"geometry":{"type":"LineString","coordinates":[[-112.33014,40.66314],[-112.33,40.66341],[-112.32982,40.66363],[-112.32961,40.66384],[-112.32943,40.66399],[-112.32924,40.66414],[-112.32904,40.66425],[-112.32884,40.66434],[-112.32848,40.66451],[-112.32826,40.66458],[-112.32808,40.66463],[-112.32793,40.66467],[-112.32778,40.66469],[-112.32765,40.66472],[-112.32751,40.66473],[-112.3274,40.66475],[-112.32724,40.66475],[-112.32705,40.66475],[-112.3269,40.66472],[-112.32677,40.66469],[-112.32665,40.66465],[-112.32656,40.66459],[-112.32646,40.66453],[-112.32637,40.66444],[-112.32631,40.66436],[-112.32627,40.66428],[-112.32624,40.66422],[-112.32622,40.66415],[-112.32622,40.66408],[-112.32622,40.66402],[-112.32622,40.66395],[-112.32623,40.66388],[-112.32625,40.6638],[-112.32628,40.66374],[-112.32632,40.66367],[-112.32637,40.66359],[-112.32643,40.66353],[-112.3265,40.66346],[-112.32658,40.6634],[-112.32668,40.66336],[-112.32683,40.66331],[-112.32738,40.66324],[-112.32809,40.66312]]}},{"type":"Feature","properties":{"highway":"primary"},"geometry":{"type":"LineString","coordinates":[[-112.3326,40.65911],[-112.33278,40.65882],[-112.33301,40.65848],[-112.33323,40.65822],[-112.33362,40.65777],[-112.33388,40.65749],[-112.33417,40.65723],[-112.33441,40.65705],[-112.33477,40.65676],[-112.33514,40.65647],[-112.33543,40.65628],[-112.33584,40.65602],[-112.33706,40.6552],[-112.3384,40.6543],[-112.3402,40.6531],[-112.34198,40.65192],[-112.34407,40.65056],[-112.34739,40.64836],[-112.34949,40.64696],[-112.3505,40.6463],[-112.35139,40.6457],[-112.35175,40.64544],[-112.35209,40.64517],[-112.35238,40.64495],[-112.35265,40.64472],[-112.35292,40.64448],[-112.35321,40.64421],[-112.35347,40.64397],[-112.35369,40.64374],[-112.35395,40.64344],[-112.3542,40.64317],[-112.35445,40.64287],[-112.35465,40.64262],[-112.35489,40.64234],[-112.35511,40.642],[-112.35529,40.64174],[-112.35543,40.6415],[-112.3556,40.64124],[-112.35578,40.64089],[-112.35597,40.64055],[-112.35612,40.64023],[-112.35627,40.63991],[-112.3564,40.63961],[-112.35652,40.63927],[-112.35667,40.63887],[-112.35675,40.63858],[-112.35688,40.63817],[-112.35695,40.63779],[-112.35703,40.63739],[-112.35707,40.63705],[-112.35713,40.63663],[-112.35717,40.63629],[-112.35717,40.63596],[-112.35718,40.63548],[-112.35706,40.62999],[-112.35704,40.6289],[-112.35705,40.62857],[-112.35707,40.62824],[-112.3571,40.62793],[-112.35714,40.62761],[-112.35719,40.62729],[-112.35724,40.62706],[-112.35729,40.62682],[-112.35734,40.62658],[-112.35743,40.62628],[-112.35752,40.62597],[-112.3576,40.62573],[-112.35768,40.62549],[-112.35778,40.62525],[-112.35791,40.62494],[-112.35805,40.62463],[-112.35821,40.6243],[-112.35829,40.62414],[-112.35837,40.62398],[-112.35845,40.62385],[-112.35854,40.62372],[-112.35869,40.62348],[-112.35885,40.62324],[-112.35903,40.62298],[-112.35921,40.62272]]}},{"type":"Feature","properties":{"highway":"primary"},"geometry":{"type":"LineString","coordinates":[[-112.02543,40.75069],[-112.02544,40.75105],[-112.02545,40.7514],[-112.02545,40.75176],[-112.02544,40.75211]]}},{"type":"Feature","properties":{"highway":"primary"},"geometry":{"type":"LineString","coordinates":[[-112.02539,40.75324],[-112.02536,40.75358],[-112.02532,40.75391],[-112.02527,40.75427],[-112.02521,40.75462]]}},{"type":"Feature","properties":{"highway":"primary"},"geometry":{"type":"LineString","coordinates":[[-112.02981,40.73918],[-112.02979,40.73884],[-112.02974,40.73847],[-112.02968,40.7381],[-112.02955,40.73714],[-112.02949,40.73653],[-112.02945,40.73615],[-112.02942,40.73576],[-112.0294,40.73538],[-112.02939,40.73484],[-112.02937,40.73261]]}},{"type":"Feature","properties":{"highway":"trunk"},"geometry":{"type":"LineString","coordinates":[[-112.03022,40.68291],[-112.03022,40.68436],[-112.03022,40.68464],[-112.03022,40.68492],[-112.03021,40.6852],[-112.03019,40.68547],[-112.03017,40.68574],[-112.03014,40.68601],[-112.03009,40.68648],[-112.03002,40.68694],[-112.02993,40.68741],[-112.02984,40.68787],[-112.0296,40.68897],[-112.02896,40.69191],[-112.02873,40.69295],[-112.02853,40.69384],[-112.02849,40.69405],[-112.02845,40.69425],[-112.02841,40.69447],[-112.02838,40.69471],[-112.02836,40.69493],[-112.02836,40.69504],[-112.02835,40.69517],[-112.02837,40.69624],[-112.02837,40.69626],[-112.02837,40.69643]]}},{"type":"Feature","properties":{"highway":"trunk_link"},"geometry":{"type":"LineString","coordinates":[[-112.03149,40.71098],[-112.03148,40.71085],[-112.03147,40.7107],[-112.03145,40.71059],[-112.03143,40.71048],[-112.0314,40.71037],[-112.03136,40.71026],[-112.03131,40.71016],[-112.03115,40.70972],[-112.03095,40.70919],[-112.03086,40.709],[-112.03076,40.70879],[-112.03066,40.70859],[-112.03028,40.70781],[-112.03006,40.70736],[-112.02998,40.70717],[-112.0299,40.70698],[-112.02981,40.70674],[-112.02973,40.7065],[-112.02965,40.70626],[-112.02959,40.70601],[-112.02953,40.70576],[-112.02944,40.70541],[-112.02935,40.70506]]}},{"type":"Feature","properties":{"highway":"trunk_link"},"geometry":{"type":"LineString","coordinates":[[-112.02922,40.70684],[-112.02924,40.70703],[-112.02927,40.70722],[-112.02931,40.70739],[-112.02935,40.70755],[-112.02951,40.70819],[-112.02981,40.70945],[-112.02988,40.7098]]}},{"type":"Feature","properties":{"highway":"trunk"},"geometry":{"type":"LineString","coordinates":[[-112.02876,40.70435],[-112.0288,40.70474]]}},{"type":"Feature","properties":{"highway":"trunk"},"geometry":{"type":"LineString","coordinates":[[-112.0288,40.70474],[-112.02884,40.70507],[-112.02887,40.70531],[-112.02891,40.70554],[-112.02896,40.70581],[-112.02902,40.70609],[-112.02907,40.70629],[-112.02912,40.7065],[-112.02917,40.70667],[-112.02922,40.70684],[-112.02936,40.70727],[-112.02952,40.7077],[-112.02967,40.70812],[-112.02998,40.70897],[-112.03006,40.70919],[-112.03013,40.7094],[-112.0302,40.70962],[-112.03026,40.70983],[-112.03032,40.7101],[-112.03039,40.71037],[-112.03043,40.71057],[-112.03046,40.71078]]}},{"type":"Feature","properties":{"highway":"trunk"},"geometry":{"type":"LineString","coordinates":[[-112.02931,40.70473],[-112.02929,40.70434]]}},{"type":"Feature","properties":{"highway":"trunk"},"geometry":{"type":"LineString","coordinates":[[-112.03097,40.71077],[-112.03094,40.71059],[-112.03091,40.71041],[-112.03087,40.71021],[-112.03082,40.71001],[-112.03075,40.70974],[-112.03067,40.70947],[-112.03057,40.70914],[-112.03046,40.70882],[-112.0298,40.70702],[-112.02973,40.70681],[-112.02967,40.70659],[-112.02958,40.70627],[-112.0295,40.70594],[-112.02945,40.70567],[-112.0294,40.70539],[-112.02935,40.70506],[-112.02931,40.70473]]}},{"type":"Feature","properties":{"highway":"trunk"},"geometry":{"type":"LineString","coordinates":[[-112.03022,40.68272],[-112.03022,40.68291]]}},{"type":"Feature","properties":{"highway":"trunk"},"geometry":{"type":"LineString","coordinates":[[-112.03021,40.68202],[-112.03021,40.68218],[-112.03021,40.68227],[-112.03022,40.68272]]}},{"type":"Feature","properties":{"highway":"trunk"},"geometry":{"type":"LineString","coordinates":[[-112.03141,40.6831],[-112.03141,40.68291]]}},{"type":"Feature","properties":{"highway":"trunk"},"geometry":{"type":"LineString","coordinates":[[-112.03141,40.68291],[-112.03144,40.68229],[-112.03144,40.68226],[-112.03144,40.68218],[-112.03144,40.68202]]}},{"type":"Feature","properties":{"highway":"trunk"},"geometry":{"type":"LineString","coordinates":[[-112.02942,40.69643],[-112.02942,40.69626],[-112.02941,40.69607],[-112.0294,40.69515],[-112.02941,40.69454],[-112.02942,40.69423],[-112.02944,40.69391],[-112.02945,40.6936],[-112.02948,40.69322],[-112.02952,40.69284],[-112.02955,40.69247],[-112.02961,40.692],[-112.02968,40.69153],[-112.02975,40.69107],[-112.0304,40.68758],[-112.03075,40.68599],[-112.03096,40.68526],[-112.03118,40.68444],[-112.03125,40.68424],[-112.03131,40.68404],[-112.03135,40.68384],[-112.03138,40.68364]]}},{"type":"Feature","properties":{"highway":"trunk"},"geometry":{"type":"LineString","coordinates":[[-112.03046,40.71078],[-112.03048,40.71089],[-112.03049,40.71101],[-112.03051,40.71113],[-112.03052,40.71124]]}},{"type":"Feature","properties":{"highway":"trunk"},"geometry":{"type":"LineString","coordinates":[[-112.03052,40.71124],[-112.03054,40.71152],[-112.03056,40.71171],[-112.03057,40.71189],[-112.03059,40.7122],[-112.03059,40.71252],[-112.03058,40.71283],[-112.03056,40.71312],[-112.03052,40.71341],[-112.03048,40.7137],[-112.03036,40.71444]]}},{"type":"Feature","properties":{"highway":"trunk"},"geometry":{"type":"LineString","coordinates":[[-112.03036,40.71444],[-112.03025,40.71488]]}},{"type":"Feature","properties":{"highway":"trunk"},"geometry":{"type":"LineString","coordinates":[[-112.03025,40.71488],[-112.02967,40.71778],[-112.02964,40.71792]]}},{"type":"Feature","properties":{"highway":"trunk"},"geometry":{"type":"LineString","coordinates":[[-112.00997,41.48652],[-112.00942,41.48647],[-112.00924,41.48647],[-112.00901,41.48647],[-112.00846,41.4865],[-112.00794,41.48656],[-112.00725,41.48668],[-112.00661,41.48685]]}},{"type":"Feature","properties":{"highway":"trunk"},"geometry":{"type":"LineString","coordinates":[[-112.00666,41.48694],[-112.00731,41.48677],[-112.00801,41.48665],[-112.00848,41.4866],[-112.00902,41.48658],[-112.0094,41.48657],[-112.00997,41.48652]]}},{"type":"Feature","properties":{"highway":"trunk"},"geometry":{"type":"LineString","coordinates":[[-111.99415,41.49853],[-111.99425,41.49845],[-111.99434,41.49837],[-111.99443,41.49828],[-111.99452,41.49819],[-111.9946,41.4981],[-111.99469,41.49801],[-111.99476,41.49791],[-111.99483,41.49782],[-111.99491,41.49772],[-111.99497,41.49762],[-111.99504,41.49752],[-111.99509,41.49742],[-111.99515,41.49732],[-111.99521,41.49721],[-111.99526,41.4971],[-111.9953,41.497],[-111.99534,41.49689],[-111.99549,41.49644],[-111.99584,41.49541],[-111.99604,41.49479],[-111.99625,41.49426],[-111.99642,41.49395],[-111.99659,41.49366],[-111.99678,41.49338],[-111.99709,41.493],[-111.99761,41.49245],[-111.99791,41.4922],[-111.99822,41.49195],[-111.99838,41.49184],[-111.99874,41.49159],[-111.99924,41.49127],[-112.00323,41.48877],[-112.00391,41.48833],[-112.00486,41.48773],[-112.00549,41.48739],[-112.00612,41.48713],[-112.00666,41.48694]]}},{"type":"Feature","properties":{"highway":"trunk"},"geometry":{"type":"LineString","coordinates":[[-112.01201,41.48652],[-112.01157,41.48652],[-112.00997,41.48652]]}},{"type":"Feature","properties":{"highway":"trunk"},"geometry":{"type":"LineString","coordinates":[[-112.01538,41.48652],[-112.01423,41.48652],[-112.01336,41.48652],[-112.01291,41.48652],[-112.01201,41.48652]]}},{"type":"Feature","properties":{"highway":"motorway_link"},"geometry":{"type":"LineString","coordinates":[[-112.02437,40.76914],[-112.02418,40.76914],[-112.02405,40.76915],[-112.02392,40.76916],[-112.02373,40.76918],[-112.02354,40.76921],[-112.02335,40.76924],[-112.02317,40.76929],[-112.02298,40.76934],[-112.0228,40.7694],[-112.02263,40.76947],[-112.02247,40.76954],[-112.02231,40.76962],[-112.02126,40.77022],[-112.02115,40.77029],[-112.02103,40.77035],[-112.02085,40.77044],[-112.02066,40.77052],[-112.02047,40.77059],[-112.02027,40.77066],[-112.02007,40.77071],[-112.01987,40.77076],[-112.01966,40.7708],[-112.01944,40.77083],[-112.01923,40.77086],[-112.01902,40.77087],[-112.01884,40.77088],[-112.01865,40.77088],[-112.01845,40.77088],[-112.01825,40.77089],[-112.01802,40.77089],[-112.01771,40.7709],[-112.0175,40.77094]]}},{"type":"Feature","properties":{"highway":"motorway_link"},"geometry":{"type":"LineString","coordinates":[[-112.03448,40.77092],[-112.03145,40.77078],[-112.03127,40.77077],[-112.0311,40.77076],[-112.03086,40.77073],[-112.03074,40.77071],[-112.03062,40.77069],[-112.03043,40.77065],[-112.03025,40.77061],[-112.03004,40.77056],[-112.02984,40.7705],[-112.02968,40.77045],[-112.02952,40.77039],[-112.02931,40.77031],[-112.0291,40.77021],[-112.02882,40.77008],[-112.02811,40.7697],[-112.02796,40.76963],[-112.0278,40.76956],[-112.02763,40.76949],[-112.02745,40.76942],[-112.02726,40.76937],[-112.02706,40.76932],[-112.02685,40.76927],[-112.02666,40.76924],[-112.02657,40.76922]]}},{"type":"Feature","properties":{"highway":"primary"},"geometry":{"type":"LineString","coordinates":[[-112.04383,41.08917],[-112.0441,41.08922],[-112.04446,41.08922],[-112.04461,41.08922],[-112.04512,41.08922],[-112.04516,41.08922],[-112.04531,41.08922],[-112.04542,41.08922]]}},{"type":"Feature","properties":{"highway":"primary"},"geometry":{"type":"LineString","coordinates":[[-112.04702,41.08907],[-112.0469,41.08903],[-112.04612,41.08909]]}},{"type":"Feature","properties":{"highway":"primary"},"geometry":{"type":"LineString","coordinates":[[-112.05541,41.08909],[-112.05397,41.08909],[-112.05385,41.08909],[-112.05373,41.08909],[-112.05247,41.08909],[-112.05136,41.08909],[-112.05084,41.08909],[-112.04945,41.08908],[-112.04797,41.08908],[-112.04702,41.08907]]}},{"type":"Feature","properties":{"highway":"motorway"},"geometry":{"type":"LineString","coordinates":[[-112.02114,40.72588],[-112.02334,40.72589],[-112.02619,40.72589],[-112.02947,40.72587],[-112.03203,40.72586],[-112.03285,40.72586],[-112.03368,40.72584],[-112.03418,40.72582],[-112.03485,40.72579],[-112.03552,40.72577]]}},{"type":"Feature","properties":{"highway":"primary"},"geometry":{"type":"LineString","coordinates":[[-112.06319,40.71828],[-112.06319,40.71821],[-112.06319,40.71793]]}},{"type":"Feature","properties":{"highway":"trunk_link"},"geometry":{"type":"LineString","coordinates":[[-112.06319,40.71856],[-112.06335,40.71868],[-112.0634,40.71871],[-112.06346,40.71874],[-112.06352,40.71876],[-112.06358,40.71877],[-112.06364,40.71878],[-112.0637,40.71878],[-112.06382,40.71878],[-112.06394,40.71879],[-112.06408,40.7188],[-112.06422,40.71882]]}},{"type":"Feature","properties":{"highway":"trunk"},"geometry":{"type":"LineString","coordinates":[[-112.22014,40.72208],[-112.21909,40.72234],[-112.21805,40.7226],[-112.21699,40.72283],[-112.21561,40.72313],[-112.21396,40.7235],[-112.21236,40.72388],[-112.21183,40.72399],[-112.21146,40.72408],[-112.21111,40.72416],[-112.21068,40.72426],[-112.21029,40.72435],[-112.20974,40.72446],[-112.20897,40.72461],[-112.20863,40.72469],[-112.20813,40.72479],[-112.20731,40.72497],[-112.2061,40.72524],[-112.20449,40.7256],[-112.20416,40.72567],[-112.20331,40.72586],[-112.20224,40.72606],[-112.20152,40.72619],[-112.2011,40.72626],[-112.20043,40.72636],[-112.19995,40.72643],[-112.19972,40.72647],[-112.19948,40.7265],[-112.19925,40.72653],[-112.19901,40.72656],[-112.19883,40.72658],[-112.19863,40.7266],[-112.19846,40.72663],[-112.19824,40.72666],[-112.19785,40.72672],[-112.19751,40.72676],[-112.19704,40.7268],[-112.19678,40.72683],[-112.1965,40.72687],[-112.19622,40.7269],[-112.19575,40.72698],[-112.19526,40.72704],[-112.19486,40.72707],[-112.19411,40.72714],[-112.1929,40.72721],[-112.19094,40.72731],[-112.18929,40.72738],[-112.18842,40.72742],[-112.18789,40.72745],[-112.18702,40.72748],[-112.18664,40.72749],[-112.18567,40.72753],[-112.1851,40.72756],[-112.18446,40.72758],[-112.18377,40.7276],[-112.18318,40.72762],[-112.18237,40.72766],[-112.18178,40.72768],[-112.18095,40.72772],[-112.18016,40.72776],[-112.17926,40.7278],[-112.17856,40.72783],[-112.17805,40.72784],[-112.17785,40.72786],[-112.1769,40.7279],[-112.17595,40.72794],[-112.17528,40.72797],[-112.17463,40.728],[-112.17418,40.72802],[-112.17357,40.72803],[-112.17305,40.72803],[-112.17197,40.72801],[-112.17108,40.72795],[-112.17092,40.72794],[-112.16961,40.72785],[-112.16885,40.72778],[-112.16818,40.72773],[-112.16759,40.72767],[-112.16714,40.7276],[-112.16667,40.72751],[-112.16612,40.72736],[-112.16559,40.72721],[-112.16513,40.72705],[-112.16437,40.72674],[-112.16344,40.72633],[-112.16266,40.72596],[-112.1623,40.72578],[-112.16148,40.7253],[-112.16087,40.72489],[-112.1606,40.72469],[-112.16008,40.72429],[-112.15943,40.72372],[-112.15866,40.723],[-112.15839,40.72277],[-112.15807,40.72254],[-112.15784,40.72239],[-112.15757,40.72223],[-112.15724,40.72206],[-112.15688,40.72191],[-112.15653,40.7218],[-112.15618,40.72169],[-112.15588,40.72162],[-112.15554,40.72157],[-112.15524,40.72152],[-112.15466,40.72146],[-112.15401,40.72139]]}},{"type":"Feature","properties":{"highway":"trunk_link"},"geometry":{"type":"LineString","coordinates":[[-112.2202,40.72216],[-112.22042,40.72211],[-112.2206,40.72208],[-112.22082,40.72205],[-112.22113,40.72202],[-112.22139,40.722],[-112.22163,40.72199],[-112.22187,40.72199],[-112.22206,40.72199],[-112.22213,40.72197],[-112.22214,40.72195]]}},{"type":"Feature","properties":{"highway":"trunk_link"},"geometry":{"type":"LineString","coordinates":[[-112.22222,40.72174],[-112.22215,40.72179],[-112.22212,40.72181],[-112.22202,40.72186],[-112.22187,40.72188],[-112.22153,40.72189],[-112.22125,40.72191],[-112.22098,40.72194],[-112.22075,40.72197],[-112.22062,40.72201]]}},{"type":"Feature","properties":{"highway":"trunk"},"geometry":{"type":"LineString","coordinates":[[-112.06779,40.71858],[-112.06813,40.71855],[-112.0687,40.71853],[-112.07515,40.71845],[-112.07732,40.71843],[-112.07753,40.71842],[-112.07814,40.71842],[-112.07898,40.71842],[-112.07939,40.71842],[-112.07997,40.71841],[-112.08077,40.71841],[-112.08087,40.7184],[-112.08198,40.7184],[-112.08228,40.7184]]}},{"type":"Feature","properties":{"highway":"trunk"},"geometry":{"type":"LineString","coordinates":[[-112.11463,40.71805],[-112.11397,40.71808],[-112.11358,40.71808],[-112.11274,40.71809],[-112.11206,40.71809],[-112.11165,40.71809],[-112.11131,40.71809],[-112.10922,40.71808]]}},{"type":"Feature","properties":{"highway":"trunk"},"geometry":{"type":"LineString","coordinates":[[-112.11416,40.71817],[-112.11461,40.71814],[-112.1152,40.71811],[-112.11593,40.71804],[-112.11646,40.71797],[-112.11693,40.71792],[-112.11726,40.71788],[-112.11756,40.71783]]}},{"type":"Feature","properties":{"highway":"trunk"},"geometry":{"type":"LineString","coordinates":[[-112.11751,40.71774],[-112.11693,40.71783],[-112.11635,40.7179],[-112.11596,40.71794],[-112.11535,40.71801],[-112.11463,40.71805]]}},{"type":"Feature","properties":{"highway":"motorway_link"},"geometry":{"type":"LineString","coordinates":[[-112.23123,40.72003],[-112.23099,40.72012],[-112.23035,40.7205],[-112.22953,40.72091],[-112.22857,40.72139],[-112.2275,40.72192],[-112.22719,40.72208],[-112.2269,40.7222],[-112.22663,40.7223],[-112.22636,40.72239],[-112.22619,40.72242]]}},{"type":"Feature","properties":{"highway":"motorway_link"},"geometry":{"type":"LineString","coordinates":[[-112.22619,40.72242],[-112.22599,40.72245],[-112.22568,40.72249],[-112.22534,40.7225],[-112.22508,40.72249],[-112.22482,40.72246],[-112.22463,40.72242],[-112.22437,40.72236],[-112.22413,40.72231]]}},{"type":"Feature","properties":{"highway":"motorway_link"},"geometry":{"type":"LineString","coordinates":[[-112.22763,40.72284],[-112.22801,40.72271],[-112.22825,40.72259],[-112.22843,40.72247],[-112.22872,40.72224],[-112.22901,40.72195],[-112.22947,40.72149],[-112.22974,40.72124],[-112.2306,40.72069],[-112.23109,40.7204],[-112.23166,40.72003]]}},{"type":"Feature","properties":{"highway":"motorway_link"},"geometry":{"type":"LineString","coordinates":[[-112.22426,40.72251],[-112.22435,40.72255],[-112.22501,40.72277],[-112.22527,40.72285],[-112.22557,40.72293],[-112.22577,40.72297],[-112.22602,40.723],[-112.22641,40.72302],[-112.2268,40.72301],[-112.22716,40.72296],[-112.22752,40.72289],[-112.22763,40.72284]]}},{"type":"Feature","properties":{"highway":"trunk"},"geometry":{"type":"LineString","coordinates":[[-112.12124,40.71699],[-112.12261,40.71664],[-112.12343,40.71645],[-112.12415,40.71632],[-112.12519,40.71615],[-112.1262,40.71604],[-112.12661,40.716],[-112.12723,40.71598],[-112.12773,40.71598],[-112.12806,40.716],[-112.12841,40.71604],[-112.12885,40.71609],[-112.12919,40.71615],[-112.12965,40.71623],[-112.13033,40.71638],[-112.13098,40.7165],[-112.13145,40.71659],[-112.13215,40.71671],[-112.13295,40.71681],[-112.1335,40.71689],[-112.1339,40.71695],[-112.1342,40.717],[-112.13455,40.71707],[-112.1349,40.71715],[-112.13519,40.71722],[-112.13562,40.71733],[-112.13607,40.71744],[-112.13645,40.71754],[-112.1371,40.71769],[-112.13754,40.71782],[-112.13791,40.71792],[-112.13836,40.71807],[-112.13868,40.71817],[-112.13909,40.71834],[-112.13939,40.71847],[-112.13972,40.7186],[-112.14008,40.71875],[-112.14053,40.71892],[-112.14089,40.71905],[-112.1412,40.71915],[-112.14142,40.71921],[-112.1417,40.71927],[-112.14196,40.71932],[-112.14238,40.71938],[-112.14269,40.71941],[-112.14306,40.71942],[-112.1435,40.71941],[-112.14381,40.71939],[-112.14419,40.71936],[-112.14469,40.71931],[-112.14502,40.71927],[-112.14526,40.71925],[-112.14561,40.71923],[-112.14588,40.71923],[-112.14623,40.71923],[-112.14652,40.71926],[-112.14676,40.71929],[-112.14699,40.71931],[-112.14725,40.71936],[-112.14747,40.71942],[-112.14772,40.71949],[-112.14787,40.71955],[-112.14811,40.71962],[-112.14927,40.72012],[-112.15078,40.72079],[-112.15144,40.72103],[-112.1517,40.72111],[-112.15197,40.72119],[-112.15223,40.72125],[-112.15267,40.72133],[-112.15363,40.72146]]}},{"type":"Feature","properties":{"highway":"trunk"},"geometry":{"type":"LineString","coordinates":[[-112.15307,40.72129],[-112.15286,40.72126],[-112.15251,40.7212],[-112.15214,40.72112],[-112.15186,40.72105],[-112.15162,40.72098],[-112.15135,40.7209],[-112.15085,40.7207],[-112.15003,40.72034],[-112.14901,40.71989],[-112.14839,40.71961],[-112.14805,40.7195],[-112.14775,40.71939],[-112.14741,40.7193],[-112.14714,40.71923],[-112.14681,40.71919],[-112.14644,40.71915],[-112.14603,40.71912],[-112.1457,40.71912],[-112.14541,40.71914],[-112.14515,40.71916],[-112.14481,40.7192],[-112.14418,40.71926],[-112.14373,40.71929],[-112.14317,40.71932],[-112.14268,40.71931],[-112.14228,40.71927],[-112.14185,40.7192],[-112.14143,40.71911],[-112.14117,40.71903],[-112.14089,40.71894],[-112.14045,40.71877],[-112.13943,40.71835],[-112.13846,40.718],[-112.13805,40.71785],[-112.13758,40.71772],[-112.13716,40.7176],[-112.13667,40.71748],[-112.13612,40.71734],[-112.13567,40.71723],[-112.13515,40.7171],[-112.13471,40.71699],[-112.13437,40.71693],[-112.13418,40.71689],[-112.13396,40.71685],[-112.13353,40.71679],[-112.13242,40.71664],[-112.13182,40.71654],[-112.1314,40.71647],[-112.13088,40.71637],[-112.13013,40.71622],[-112.12947,40.71608],[-112.12898,40.71601],[-112.1285,40.71593],[-112.12816,40.7159],[-112.12769,40.71587],[-112.12698,40.71587],[-112.12642,40.7159],[-112.12567,40.71599],[-112.12463,40.71614],[-112.12379,40.71629],[-112.12339,40.71636],[-112.12287,40.71647],[-112.12241,40.71658],[-112.12198,40.71669],[-112.1216,40.71679],[-112.12121,40.71689],[-112.12099,40.71695],[-112.12053,40.71707],[-112.12006,40.71719],[-112.11973,40.71727],[-112.11949,40.71733]]}},{"type":"Feature","properties":{"highway":"trunk"},"geometry":{"type":"LineString","coordinates":[[-112.15401,40.72139],[-112.15324,40.72131],[-112.15307,40.72129]]}},{"type":"Feature","properties":{"highway":"trunk"},"geometry":{"type":"LineString","coordinates":[[-112.15363,40.72146],[-112.1543,40.72152]]}},{"type":"Feature","properties":{"highway":"motorway"},"geometry":{"type":"LineString","coordinates":[[-112.05847,40.71839],[-112.05804,40.71843],[-112.05723,40.71852],[-112.05674,40.71859],[-112.05629,40.71866],[-112.05575,40.71875],[-112.05481,40.71895],[-112.05396,40.71915],[-112.05364,40.71925]]}},{"type":"Feature","properties":{"highway":"motorway"},"geometry":{"type":"LineString","coordinates":[[-112.05369,40.71938],[-112.05401,40.7193],[-112.05502,40.71908],[-112.05541,40.71899],[-112.05602,40.7189],[-112.0572,40.71877],[-112.05804,40.71872],[-112.05943,40.71872],[-112.061,40.71877]]}},{"type":"Feature","properties":{"highway":"primary"},"geometry":{"type":"LineString","coordinates":[[-112.04008,40.33361],[-112.04006,40.33307],[-112.04005,40.33301],[-112.04004,40.33293],[-112.04002,40.3327],[-112.03993,40.33232],[-112.03977,40.33186],[-112.03956,40.33144],[-112.03934,40.33109],[-112.03903,40.33069],[-112.03869,40.33033],[-112.03837,40.33004],[-112.03794,40.32972],[-112.03748,40.32944],[-112.03713,40.32926],[-112.03443,40.3279]]}},{"type":"Feature","properties":{"highway":"primary"},"geometry":{"type":"LineString","coordinates":[[-112.04172,40.65322],[-112.04206,40.65332],[-112.04277,40.65333],[-112.04349,40.65332],[-112.04365,40.65322]]}},{"type":"Feature","properties":{"highway":"primary"},"geometry":{"type":"LineString","coordinates":[[-112.04501,40.65317],[-112.04365,40.65322]]}},{"type":"Feature","properties":{"highway":"primary"},"geometry":{"type":"LineString","coordinates":[[-112.04365,40.65322],[-112.0435,40.65315],[-112.04287,40.65315],[-112.04224,40.65315],[-112.04205,40.65315],[-112.04172,40.65322]]}},{"type":"Feature","properties":{"highway":"primary_link"},"geometry":{"type":"LineString","coordinates":[[-112.02079,40.60984],[-112.02092,40.60975],[-112.021,40.60968],[-112.02111,40.60964],[-112.02112,40.60963],[-112.02146,40.60951]]}},{"type":"Feature","properties":{"highway":"primary"},"geometry":{"type":"LineString","coordinates":[[-112.01588,41.50476],[-112.01588,41.50482],[-112.01588,41.50484],[-112.01587,41.50531]]}},{"type":"Feature","properties":{"highway":"primary"},"geometry":{"type":"LineString","coordinates":[[-112.01589,41.50439],[-112.01589,41.50451],[-112.01588,41.50469],[-112.01588,41.50476]]}},{"type":"Feature","properties":{"highway":"primary"},"geometry":{"type":"LineString","coordinates":[[-112.01591,41.50355],[-112.0159,41.50398],[-112.01589,41.50431],[-112.01589,41.50439]]}},{"type":"Feature","properties":{"highway":"primary"},"geometry":{"type":"LineString","coordinates":[[-112.01592,41.50312],[-112.01592,41.50318],[-112.01591,41.50348],[-112.01591,41.50355]]}},{"type":"Feature","properties":{"highway":"primary"},"geometry":{"type":"LineString","coordinates":[[-112.01593,41.50272],[-112.01592,41.5028],[-112.01592,41.50288],[-112.01592,41.50304],[-112.01592,41.50306],[-112.01592,41.50312]]}},{"type":"Feature","properties":{"highway":"primary"},"geometry":{"type":"LineString","coordinates":[[-112.01596,41.50115],[-112.01596,41.50119],[-112.01596,41.50127],[-112.01596,41.50143],[-112.01595,41.50155],[-112.01595,41.50166],[-112.01594,41.5019],[-112.01594,41.50195],[-112.01594,41.50212],[-112.01594,41.50224],[-112.01593,41.50247],[-112.01593,41.50261],[-112.01593,41.50265],[-112.01593,41.50272]]}},{"type":"Feature","properties":{"highway":"primary"},"geometry":{"type":"LineString","coordinates":[[-112.01597,41.50075],[-112.01597,41.50081],[-112.01597,41.50083],[-112.01596,41.50101],[-112.01596,41.50106],[-112.01596,41.50111],[-112.01596,41.50115]]}},{"type":"Feature","properties":{"highway":"primary"},"geometry":{"type":"LineString","coordinates":[[-112.01597,41.50038],[-112.01597,41.50068],[-112.01597,41.50075]]}},{"type":"Feature","properties":{"highway":"primary"},"geometry":{"type":"LineString","coordinates":[[-112.01602,41.49838],[-112.01601,41.49844],[-112.01601,41.49845],[-112.01602,41.49855],[-112.01601,41.49873],[-112.01601,41.49876]]}},{"type":"Feature","properties":{"highway":"primary"},"geometry":{"type":"LineString","coordinates":[[-112.01602,41.49793],[-112.01602,41.49804],[-112.01602,41.49831],[-112.01602,41.49838]]}},{"type":"Feature","properties":{"highway":"primary"},"geometry":{"type":"LineString","coordinates":[[-112.01606,41.49601],[-112.01606,41.49608],[-112.01606,41.49634],[-112.01606,41.49639]]}},{"type":"Feature","properties":{"highway":"primary"},"geometry":{"type":"LineString","coordinates":[[-112.01607,41.49541],[-112.01607,41.49555],[-112.01606,41.49593],[-112.01606,41.49601]]}},{"type":"Feature","properties":{"highway":"primary"},"geometry":{"type":"LineString","coordinates":[[-112.01609,41.49469],[-112.01608,41.49492],[-112.01608,41.49502],[-112.01608,41.49521],[-112.01608,41.49523],[-112.01607,41.49541]]}},{"type":"Feature","properties":{"highway":"primary"},"geometry":{"type":"LineString","coordinates":[[-112.0161,41.49412],[-112.01609,41.49469]]}},{"type":"Feature","properties":{"highway":"primary"},"geometry":{"type":"LineString","coordinates":[[-112.01612,41.49315],[-112.01612,41.49321],[-112.01611,41.49347],[-112.01611,41.49368],[-112.0161,41.49383],[-112.0161,41.49401],[-112.0161,41.49412]]}},{"type":"Feature","properties":{"highway":"primary"},"geometry":{"type":"LineString","coordinates":[[-112.01613,41.49255],[-112.01613,41.49264],[-112.01612,41.49293],[-112.01612,41.49315]]}},{"type":"Feature","properties":{"highway":"primary"},"geometry":{"type":"LineString","coordinates":[[-112.01614,41.49196],[-112.01614,41.49211],[-112.01613,41.49238],[-112.01613,41.49247],[-112.01613,41.49255]]}},{"type":"Feature","properties":{"highway":"primary"},"geometry":{"type":"LineString","coordinates":[[-112.01617,41.49068],[-112.01617,41.49076],[-112.01616,41.49097],[-112.01615,41.49162],[-112.01614,41.49196]]}},{"type":"Feature","properties":{"highway":"primary"},"geometry":{"type":"LineString","coordinates":[[-112.01618,41.49011],[-112.01617,41.49018],[-112.01617,41.49038],[-112.01617,41.49055],[-112.01617,41.49068]]}},{"type":"Feature","properties":{"highway":"primary"},"geometry":{"type":"LineString","coordinates":[[-112.01619,41.48959],[-112.01618,41.49003],[-112.01618,41.49011]]}},{"type":"Feature","properties":{"highway":"primary"},"geometry":{"type":"LineString","coordinates":[[-112.01619,41.48927],[-112.01619,41.48942],[-112.01619,41.48959]]}},{"type":"Feature","properties":{"highway":"primary"},"geometry":{"type":"LineString","coordinates":[[-112.0162,41.48889],[-112.01619,41.48927]]}},{"type":"Feature","properties":{"highway":"primary"},"geometry":{"type":"LineString","coordinates":[[-112.0162,41.48849],[-112.0162,41.48889]]}},{"type":"Feature","properties":{"highway":"primary"},"geometry":{"type":"LineString","coordinates":[[-112.01852,41.48288],[-112.01824,41.48319]]}},{"type":"Feature","properties":{"highway":"primary"},"geometry":{"type":"LineString","coordinates":[[-112.01974,41.48144],[-112.01981,41.48137],[-112.02007,41.48107],[-112.02022,41.4809]]}},{"type":"Feature","properties":{"highway":"primary"},"geometry":{"type":"LineString","coordinates":[[-112.01949,41.48174],[-112.01968,41.48152],[-112.01974,41.48144]]}},{"type":"Feature","properties":{"highway":"primary"},"geometry":{"type":"LineString","coordinates":[[-112.02022,41.4809],[-112.02066,41.48039],[-112.02084,41.48018]]}},{"type":"Feature","properties":{"highway":"primary"},"geometry":{"type":"LineString","coordinates":[[-112.02084,41.48018],[-112.02107,41.47992],[-112.02113,41.47984],[-112.02163,41.47927]]}},{"type":"Feature","properties":{"highway":"primary"},"geometry":{"type":"LineString","coordinates":[[-112.02163,41.47927],[-112.02193,41.4789]]}},{"type":"Feature","properties":{"highway":"primary"},"geometry":{"type":"LineString","coordinates":[[-112.02193,41.4789],[-112.02224,41.47853]]}},{"type":"Feature","properties":{"highway":"primary"},"geometry":{"type":"LineString","coordinates":[[-112.02224,41.47853],[-112.02243,41.47831],[-112.02284,41.47782],[-112.02304,41.47758],[-112.02327,41.4773],[-112.02368,41.47682],[-112.02394,41.4765]]}},{"type":"Feature","properties":{"highway":"primary"},"geometry":{"type":"LineString","coordinates":[[-112.02394,41.4765],[-112.02408,41.47634],[-112.02427,41.47611],[-112.02442,41.47593]]}},{"type":"Feature","properties":{"highway":"primary"},"geometry":{"type":"LineString","coordinates":[[-112.02442,41.47593],[-112.02477,41.47551],[-112.02487,41.47539],[-112.02495,41.47529],[-112.02537,41.47479],[-112.02552,41.4746],[-112.02598,41.47406]]}},{"type":"Feature","properties":{"highway":"primary"},"geometry":{"type":"LineString","coordinates":[[-112.02598,41.47406],[-112.02622,41.47376],[-112.02628,41.4737]]}},{"type":"Feature","properties":{"highway":"primary"},"geometry":{"type":"LineString","coordinates":[[-112.02628,41.4737],[-112.02634,41.47362],[-112.02659,41.47331]]}},{"type":"Feature","properties":{"highway":"primary"},"geometry":{"type":"LineString","coordinates":[[-112.02659,41.47331],[-112.02699,41.47284],[-112.02726,41.47251],[-112.0274,41.47235],[-112.02792,41.47173]]}},{"type":"Feature","properties":{"highway":"primary"},"geometry":{"type":"LineString","coordinates":[[-112.02792,41.47173],[-112.02815,41.47145]]}},{"type":"Feature","properties":{"highway":"primary"},"geometry":{"type":"LineString","coordinates":[[-112.02815,41.47145],[-112.02833,41.47124],[-112.02874,41.47074],[-112.0293,41.47007],[-112.02939,41.46996],[-112.02974,41.46954],[-112.02998,41.46926],[-112.0304,41.46874]]}},{"type":"Feature","properties":{"highway":"primary"},"geometry":{"type":"LineString","coordinates":[[-112.0304,41.46874],[-112.03069,41.4684],[-112.03072,41.46837]]}},{"type":"Feature","properties":{"highway":"primary"},"geometry":{"type":"LineString","coordinates":[[-112.03072,41.46837],[-112.03103,41.468]]}},{"type":"Feature","properties":{"highway":"primary"},"geometry":{"type":"LineString","coordinates":[[-112.03103,41.468],[-112.03171,41.46717],[-112.03207,41.46675]]}},{"type":"Feature","properties":{"highway":"primary"},"geometry":{"type":"LineString","coordinates":[[-112.03207,41.46675],[-112.03234,41.46643]]}},{"type":"Feature","properties":{"highway":"primary"},"geometry":{"type":"LineString","coordinates":[[-112.03234,41.46643],[-112.03259,41.46613],[-112.03262,41.46609],[-112.03289,41.46576],[-112.03348,41.46505]]}},{"type":"Feature","properties":{"highway":"primary"},"geometry":{"type":"LineString","coordinates":[[-112.03348,41.46505],[-112.03371,41.46477],[-112.0338,41.46467]]}},{"type":"Feature","properties":{"highway":"primary"},"geometry":{"type":"LineString","coordinates":[[-112.0338,41.46467],[-112.03389,41.46456],[-112.03405,41.46436],[-112.03427,41.46411],[-112.03436,41.464]]}},{"type":"Feature","properties":{"highway":"primary"},"geometry":{"type":"LineString","coordinates":[[-112.03436,41.464],[-112.03442,41.46393],[-112.03463,41.46369]]}},{"type":"Feature","properties":{"highway":"primary"},"geometry":{"type":"LineString","coordinates":[[-112.03463,41.46369],[-112.03483,41.46344],[-112.03493,41.46331]]}},{"type":"Feature","properties":{"highway":"primary"},"geometry":{"type":"LineString","coordinates":[[-112.03493,41.46331],[-112.03521,41.46298]]}},{"type":"Feature","properties":{"highway":"primary"},"geometry":{"type":"LineString","coordinates":[[-112.03521,41.46298],[-112.03548,41.46266]]}},{"type":"Feature","properties":{"highway":"primary"},"geometry":{"type":"LineString","coordinates":[[-112.03699,41.46038],[-112.03708,41.46021],[-112.0372,41.45991],[-112.03722,41.45986],[-112.03738,41.45943],[-112.03748,41.45915]]}},{"type":"Feature","properties":{"highway":"primary"},"geometry":{"type":"LineString","coordinates":[[-112.03644,41.46137],[-112.03669,41.46095]]}},{"type":"Feature","properties":{"highway":"primary"},"geometry":{"type":"LineString","coordinates":[[-112.03669,41.46095],[-112.03673,41.46087],[-112.03693,41.46052],[-112.03699,41.46038]]}},{"type":"Feature","properties":{"highway":"primary"},"geometry":{"type":"LineString","coordinates":[[-112.03748,41.45915],[-112.03758,41.45889],[-112.03767,41.45864]]}},{"type":"Feature","properties":{"highway":"primary"},"geometry":{"type":"LineString","coordinates":[[-112.03779,41.45831],[-112.03791,41.45799]]}},{"type":"Feature","properties":{"highway":"primary"},"geometry":{"type":"LineString","coordinates":[[-112.03767,41.45864],[-112.03779,41.45831]]}},{"type":"Feature","properties":{"highway":"primary"},"geometry":{"type":"LineString","coordinates":[[-112.03791,41.45799],[-112.03793,41.45793],[-112.03808,41.45752],[-112.0382,41.45721],[-112.03827,41.45704],[-112.03835,41.45678],[-112.0385,41.45633],[-112.03854,41.45617],[-112.03857,41.45605],[-112.03861,41.45593]]}},{"type":"Feature","properties":{"highway":"primary"},"geometry":{"type":"LineString","coordinates":[[-112.03861,41.45593],[-112.03864,41.45577],[-112.03867,41.45557],[-112.03868,41.45555],[-112.03869,41.45546]]}},{"type":"Feature","properties":{"highway":"primary"},"geometry":{"type":"LineString","coordinates":[[-112.03869,41.45546],[-112.03869,41.4554],[-112.03872,41.45504]]}},{"type":"Feature","properties":{"highway":"primary"},"geometry":{"type":"LineString","coordinates":[[-112.03728,41.44424],[-112.03717,41.44347],[-112.03701,41.44241],[-112.0369,41.44172],[-112.0368,41.44103],[-112.03657,41.43942],[-112.03654,41.43923],[-112.03646,41.4387],[-112.03641,41.43837],[-112.03629,41.43758],[-112.03612,41.43645],[-112.03603,41.43587]]}},{"type":"Feature","properties":{"highway":"primary"},"geometry":{"type":"LineString","coordinates":[[-112.03733,41.44459],[-112.03728,41.44424]]}},{"type":"Feature","properties":{"highway":"primary"},"geometry":{"type":"LineString","coordinates":[[-112.03603,41.43587],[-112.03594,41.43516]]}},{"type":"Feature","properties":{"highway":"primary"},"geometry":{"type":"LineString","coordinates":[[-112.03594,41.43516],[-112.03586,41.43467]]}},{"type":"Feature","properties":{"highway":"primary"},"geometry":{"type":"LineString","coordinates":[[-112.03565,41.42719],[-112.03566,41.42686],[-112.03566,41.42679],[-112.03568,41.42632],[-112.03569,41.42606],[-112.03569,41.42598],[-112.03571,41.42534],[-112.03575,41.42432],[-112.03577,41.42374],[-112.03578,41.4233],[-112.03579,41.42304],[-112.0358,41.42281]]}},{"type":"Feature","properties":{"highway":"primary"},"geometry":{"type":"LineString","coordinates":[[-112.03563,41.42767],[-112.03565,41.42719]]}},{"type":"Feature","properties":{"highway":"primary"},"geometry":{"type":"LineString","coordinates":[[-112.0358,41.42281],[-112.03581,41.42255],[-112.03581,41.42253],[-112.03582,41.4224]]}},{"type":"Feature","properties":{"highway":"primary"},"geometry":{"type":"LineString","coordinates":[[-112.03582,41.4224],[-112.03582,41.42227],[-112.03583,41.42185]]}},{"type":"Feature","properties":{"highway":"primary"},"geometry":{"type":"LineString","coordinates":[[-112.03628,41.41065],[-112.0363,41.40941]]}},{"type":"Feature","properties":{"highway":"primary"},"geometry":{"type":"LineString","coordinates":[[-112.0362,41.41455],[-112.03623,41.41404]]}},{"type":"Feature","properties":{"highway":"primary"},"geometry":{"type":"LineString","coordinates":[[-112.03623,41.41404],[-112.03626,41.41313],[-112.03626,41.41261]]}},{"type":"Feature","properties":{"highway":"primary"},"geometry":{"type":"LineString","coordinates":[[-112.03626,41.41261],[-112.03626,41.41252],[-112.03626,41.41243],[-112.03627,41.41221]]}},{"type":"Feature","properties":{"highway":"primary"},"geometry":{"type":"LineString","coordinates":[[-112.03627,41.41221],[-112.03628,41.41202],[-112.03628,41.41154]]}},{"type":"Feature","properties":{"highway":"primary"},"geometry":{"type":"LineString","coordinates":[[-112.03628,41.41154],[-112.03628,41.41106]]}},{"type":"Feature","properties":{"highway":"primary"},"geometry":{"type":"LineString","coordinates":[[-112.03628,41.41106],[-112.03628,41.41065]]}},{"type":"Feature","properties":{"highway":"primary"},"geometry":{"type":"LineString","coordinates":[[-112.03631,41.40911],[-112.03632,41.40881]]}},{"type":"Feature","properties":{"highway":"primary"},"geometry":{"type":"LineString","coordinates":[[-112.0363,41.40941],[-112.03631,41.40911]]}},{"type":"Feature","properties":{"highway":"primary"},"geometry":{"type":"LineString","coordinates":[[-112.03633,41.40846],[-112.03633,41.40813]]}},{"type":"Feature","properties":{"highway":"primary"},"geometry":{"type":"LineString","coordinates":[[-112.03633,41.40813],[-112.03635,41.40767]]}},{"type":"Feature","properties":{"highway":"primary"},"geometry":{"type":"LineString","coordinates":[[-112.03635,41.40767],[-112.03636,41.40733]]}},{"type":"Feature","properties":{"highway":"primary"},"geometry":{"type":"LineString","coordinates":[[-112.03636,41.40733],[-112.03637,41.40695]]}},{"type":"Feature","properties":{"highway":"primary"},"geometry":{"type":"LineString","coordinates":[[-112.03637,41.40695],[-112.03639,41.40652]]}},{"type":"Feature","properties":{"highway":"primary"},"geometry":{"type":"LineString","coordinates":[[-112.03639,41.40565],[-112.03638,41.4055],[-112.03636,41.40527]]}},{"type":"Feature","properties":{"highway":"primary"},"geometry":{"type":"LineString","coordinates":[[-112.03636,41.40527],[-112.03631,41.4049]]}},{"type":"Feature","properties":{"highway":"primary"},"geometry":{"type":"LineString","coordinates":[[-112.03606,41.4038],[-112.03597,41.40347]]}},{"type":"Feature","properties":{"highway":"primary"},"geometry":{"type":"LineString","coordinates":[[-112.03479,41.3991],[-112.03487,41.39939],[-112.03492,41.39956],[-112.03493,41.3996],[-112.03494,41.39966],[-112.03507,41.40013],[-112.03515,41.40042],[-112.03528,41.40092],[-112.03542,41.40145],[-112.0356,41.4021],[-112.03581,41.40289],[-112.03583,41.40293],[-112.03584,41.40298],[-112.03589,41.40318],[-112.03592,41.40326],[-112.03597,41.40347]]}},{"type":"Feature","properties":{"highway":"primary"},"geometry":{"type":"LineString","coordinates":[[-112.03465,41.3986],[-112.03476,41.39899],[-112.03479,41.3991]]}},{"type":"Feature","properties":{"highway":"primary"},"geometry":{"type":"LineString","coordinates":[[-112.03445,41.39788],[-112.03457,41.39828]]}},{"type":"Feature","properties":{"highway":"primary"},"geometry":{"type":"LineString","coordinates":[[-112.03457,41.39828],[-112.03465,41.3986]]}},{"type":"Feature","properties":{"highway":"primary"},"geometry":{"type":"LineString","coordinates":[[-112.03431,41.39715],[-112.03445,41.39788]]}},{"type":"Feature","properties":{"highway":"primary"},"geometry":{"type":"LineString","coordinates":[[-112.03427,41.3966],[-112.03431,41.39715]]}},{"type":"Feature","properties":{"highway":"primary"},"geometry":{"type":"LineString","coordinates":[[-112.03433,41.39456],[-112.03432,41.39471],[-112.03431,41.39479],[-112.03431,41.39483],[-112.0343,41.39504],[-112.03427,41.39541],[-112.03426,41.39564],[-112.03426,41.39569],[-112.03425,41.39597],[-112.03426,41.39633],[-112.03427,41.3966]]}},{"type":"Feature","properties":{"highway":"primary"},"geometry":{"type":"LineString","coordinates":[[-112.03437,41.3941],[-112.03433,41.39456]]}},{"type":"Feature","properties":{"highway":"primary"},"geometry":{"type":"LineString","coordinates":[[-112.03445,41.3919],[-112.03448,41.39224],[-112.03448,41.39266],[-112.03448,41.39281],[-112.03446,41.39311],[-112.03444,41.39347],[-112.03439,41.39396],[-112.03437,41.3941]]}},{"type":"Feature","properties":{"highway":"primary"},"geometry":{"type":"LineString","coordinates":[[-112.0344,41.39156],[-112.03445,41.39184],[-112.03445,41.3919]]}},{"type":"Feature","properties":{"highway":"primary"},"geometry":{"type":"LineString","coordinates":[[-112.03278,41.38745],[-112.03258,41.38702],[-112.0324,41.38657],[-112.03229,41.38628],[-112.03218,41.38596],[-112.0321,41.38569],[-112.03203,41.38538],[-112.03201,41.38525],[-112.03195,41.38494],[-112.03192,41.38455],[-112.03191,41.38435],[-112.03191,41.38419],[-112.03191,41.38405],[-112.03191,41.38389],[-112.03192,41.38385],[-112.03195,41.38347],[-112.03195,41.38343],[-112.03199,41.38319],[-112.03203,41.38291],[-112.03206,41.38273],[-112.03216,41.38207],[-112.03217,41.382],[-112.0323,41.38118],[-112.03237,41.38073],[-112.0324,41.3805],[-112.03241,41.38042],[-112.03245,41.38021],[-112.03251,41.3798],[-112.03257,41.37945],[-112.03262,41.37912],[-112.03264,41.37896],[-112.03265,41.37891],[-112.03268,41.37874],[-112.03269,41.37865],[-112.03285,41.37762],[-112.03285,41.37759],[-112.03287,41.37745],[-112.03294,41.37699]]}},{"type":"Feature","properties":{"highway":"primary"},"geometry":{"type":"LineString","coordinates":[[-112.03294,41.37699],[-112.033,41.37665]]}},{"type":"Feature","properties":{"highway":"primary"},"geometry":{"type":"LineString","coordinates":[[-112.033,41.37665],[-112.03302,41.37648]]}},{"type":"Feature","properties":{"highway":"primary"},"geometry":{"type":"LineString","coordinates":[[-112.03302,41.37648],[-112.03307,41.3762]]}},{"type":"Feature","properties":{"highway":"primary"},"geometry":{"type":"LineString","coordinates":[[-112.03307,41.3762],[-112.03315,41.37568]]}},{"type":"Feature","properties":{"highway":"primary"},"geometry":{"type":"LineString","coordinates":[[-112.03315,41.37568],[-112.03317,41.37553],[-112.03326,41.37495]]}},{"type":"Feature","properties":{"highway":"primary"},"geometry":{"type":"LineString","coordinates":[[-112.03326,41.37495],[-112.0333,41.37467],[-112.03338,41.37417],[-112.03339,41.37412]]}},{"type":"Feature","properties":{"highway":"primary"},"geometry":{"type":"LineString","coordinates":[[-112.03339,41.37412],[-112.03341,41.374],[-112.03362,41.3726],[-112.03362,41.37254]]}},{"type":"Feature","properties":{"highway":"primary"},"geometry":{"type":"LineString","coordinates":[[-112.03362,41.37254],[-112.03368,41.37218]]}},{"type":"Feature","properties":{"highway":"primary"},"geometry":{"type":"LineString","coordinates":[[-112.03368,41.37218],[-112.03369,41.37214],[-112.03373,41.37195],[-112.03373,41.37192],[-112.03376,41.37182],[-112.03377,41.37177]]}},{"type":"Feature","properties":{"highway":"primary"},"geometry":{"type":"LineString","coordinates":[[-112.03377,41.37177],[-112.03386,41.3714]]}},{"type":"Feature","properties":{"highway":"primary"},"geometry":{"type":"LineString","coordinates":[[-112.03386,41.3714],[-112.03395,41.37111],[-112.03401,41.37095]]}},{"type":"Feature","properties":{"highway":"primary"},"geometry":{"type":"LineString","coordinates":[[-112.03401,41.37095],[-112.03409,41.37073],[-112.03434,41.37013],[-112.03461,41.36953],[-112.0347,41.36932],[-112.0348,41.3691],[-112.03482,41.36904],[-112.03495,41.36871],[-112.03497,41.36866],[-112.03499,41.36862],[-112.03511,41.36829],[-112.03519,41.368],[-112.03521,41.36792],[-112.03527,41.36767],[-112.0353,41.36753],[-112.03533,41.36736],[-112.03534,41.36733],[-112.03534,41.36731],[-112.03538,41.36705],[-112.03539,41.36692],[-112.0354,41.36679],[-112.03541,41.36656],[-112.03541,41.36643],[-112.03542,41.36617],[-112.03543,41.36598]]}},{"type":"Feature","properties":{"highway":"primary"},"geometry":{"type":"LineString","coordinates":[[-112.03543,41.36598],[-112.03544,41.3655]]}},{"type":"Feature","properties":{"highway":"primary"},"geometry":{"type":"LineString","coordinates":[[-112.03544,41.3655],[-112.03546,41.36503]]}},{"type":"Feature","properties":{"highway":"primary"},"geometry":{"type":"LineString","coordinates":[[-112.03546,41.36503],[-112.03546,41.3649],[-112.03547,41.36462]]}},{"type":"Feature","properties":{"highway":"primary"},"geometry":{"type":"LineString","coordinates":[[-112.03547,41.36462],[-112.03547,41.36457],[-112.03551,41.36346],[-112.03551,41.36319],[-112.03552,41.36311]]}},{"type":"Feature","properties":{"highway":"primary"},"geometry":{"type":"LineString","coordinates":[[-112.03552,41.36311],[-112.03553,41.36263]]}},{"type":"Feature","properties":{"highway":"primary"},"geometry":{"type":"LineString","coordinates":[[-112.03553,41.36263],[-112.03554,41.36212]]}},{"type":"Feature","properties":{"highway":"primary"},"geometry":{"type":"LineString","coordinates":[[-112.03554,41.36212],[-112.03555,41.36181],[-112.03557,41.36131]]}},{"type":"Feature","properties":{"highway":"primary"},"geometry":{"type":"LineString","coordinates":[[-112.03557,41.36131],[-112.03558,41.3609],[-112.03559,41.3604],[-112.03562,41.35938]]}},{"type":"Feature","properties":{"highway":"primary"},"geometry":{"type":"LineString","coordinates":[[-112.03562,41.35938],[-112.03565,41.35861]]}},{"type":"Feature","properties":{"highway":"primary"},"geometry":{"type":"LineString","coordinates":[[-112.03565,41.35861],[-112.03565,41.35832],[-112.03566,41.35811]]}},{"type":"Feature","properties":{"highway":"primary"},"geometry":{"type":"LineString","coordinates":[[-112.03143,41.34181],[-112.03166,41.34235],[-112.03178,41.34262]]}},{"type":"Feature","properties":{"highway":"primary"},"geometry":{"type":"LineString","coordinates":[[-112.02975,41.33859],[-112.02881,41.33734],[-112.02856,41.337],[-112.02827,41.33661],[-112.02764,41.33577]]}},{"type":"Feature","properties":{"highway":"primary"},"geometry":{"type":"LineString","coordinates":[[-112.02764,41.33577],[-112.02731,41.33532]]}},{"type":"Feature","properties":{"highway":"primary"},"geometry":{"type":"LineString","coordinates":[[-112.02731,41.33532],[-112.02712,41.33507],[-112.02702,41.33494]]}},{"type":"Feature","properties":{"highway":"primary"},"geometry":{"type":"LineString","coordinates":[[-112.02702,41.33494],[-112.02692,41.33481],[-112.02684,41.33471],[-112.02641,41.33413]]}},{"type":"Feature","properties":{"highway":"primary"},"geometry":{"type":"LineString","coordinates":[[-112.02615,41.08922],[-112.02601,41.08921],[-112.02574,41.08921],[-112.02536,41.08921],[-112.02357,41.08921],[-112.02272,41.0892]]}},{"type":"Feature","properties":{"highway":"trunk"},"geometry":{"type":"LineString","coordinates":[[-112.11809,40.71773],[-112.11843,40.71767],[-112.11867,40.71761],[-112.11893,40.71756],[-112.11941,40.71745],[-112.1207,40.71713],[-112.12124,40.71699]]}},{"type":"Feature","properties":{"highway":"trunk"},"geometry":{"type":"LineString","coordinates":[[-112.11949,40.71733],[-112.11921,40.7174],[-112.1187,40.71751],[-112.11835,40.71758],[-112.118,40.71765]]}},{"type":"Feature","properties":{"highway":"trunk"},"geometry":{"type":"LineString","coordinates":[[-112.118,40.71765],[-112.11751,40.71774]]}},{"type":"Feature","properties":{"highway":"trunk"},"geometry":{"type":"LineString","coordinates":[[-112.11756,40.71783],[-112.11809,40.71773]]}},{"type":"Feature","properties":{"highway":"primary"},"geometry":{"type":"LineString","coordinates":[[-114.04184,40.73615],[-114.04203,40.73611],[-114.04211,40.73609],[-114.04242,40.73603]]}},{"type":"Feature","properties":{"highway":"trunk"},"geometry":{"type":"LineString","coordinates":[[-112.36432,40.44664],[-112.36456,40.44635],[-112.365,40.44587]]}},{"type":"Feature","properties":{"highway":"motorway_link"},"geometry":{"type":"LineString","coordinates":[[-112.02464,41.12356],[-112.02455,41.12333],[-112.02448,41.12323]]}},{"type":"Feature","properties":{"highway":"motorway_link"},"geometry":{"type":"LineString","coordinates":[[-112.02464,41.12356],[-112.02449,41.12335],[-112.02446,41.12332],[-112.02445,41.1233],[-112.02444,41.12328],[-112.02442,41.12327],[-112.02441,41.12326]]}},{"type":"Feature","properties":{"highway":"motorway_link"},"geometry":{"type":"LineString","coordinates":[[-112.02441,41.12326],[-112.0244,41.12325],[-112.02437,41.12323],[-112.02435,41.12322],[-112.02432,41.12322],[-112.0243,41.12321],[-112.02428,41.12321],[-112.02426,41.12321],[-112.02423,41.12321],[-112.0242,41.12322],[-112.02417,41.12322]]}},{"type":"Feature","properties":{"highway":"motorway_link"},"geometry":{"type":"LineString","coordinates":[[-112.02448,41.12323],[-112.0244,41.12313]]}},{"type":"Feature","properties":{"highway":"motorway_link"},"geometry":{"type":"LineString","coordinates":[[-112.0229,41.12385],[-112.02292,41.12382],[-112.02298,41.12374],[-112.02299,41.12373],[-112.02302,41.1237],[-112.02306,41.12366],[-112.02308,41.12364],[-112.02312,41.12361],[-112.02319,41.12357],[-112.02346,41.12343],[-112.02385,41.12325],[-112.02387,41.12323],[-112.02389,41.12322],[-112.02391,41.1232],[-112.02394,41.12318],[-112.02397,41.12315],[-112.02399,41.12313],[-112.02401,41.1231],[-112.02403,41.12307],[-112.02404,41.12304],[-112.02405,41.123],[-112.02406,41.12297],[-112.02407,41.12294],[-112.02407,41.12291],[-112.02407,41.12287],[-112.02406,41.12283],[-112.02405,41.12279],[-112.02403,41.12276],[-112.02402,41.12273],[-112.024,41.12271],[-112.02398,41.12269],[-112.02396,41.12266],[-112.02391,41.12261],[-112.02379,41.12248]]}},{"type":"Feature","properties":{"highway":"motorway_link"},"geometry":{"type":"LineString","coordinates":[[-112.02298,41.12396],[-112.0231,41.12412],[-112.02354,41.12457],[-112.02402,41.12522],[-112.0242,41.12546],[-112.0246,41.12624],[-112.02478,41.12679],[-112.02491,41.12746],[-112.02495,41.12862],[-112.02495,41.13001]]}},{"type":"Feature","properties":{"highway":"motorway_link"},"geometry":{"type":"LineString","coordinates":[[-112.22373,40.72222],[-112.22344,40.72216],[-112.22305,40.72207],[-112.22266,40.722],[-112.22244,40.72197],[-112.22214,40.72195]]}},{"type":"Feature","properties":{"highway":"trunk_link"},"geometry":{"type":"LineString","coordinates":[[-112.22214,40.72195],[-112.22223,40.72183],[-112.22222,40.72174]]}},{"type":"Feature","properties":{"highway":"motorway_link"},"geometry":{"type":"LineString","coordinates":[[-112.22144,40.72201],[-112.22174,40.72201],[-112.22209,40.72202],[-112.22226,40.72204],[-112.22251,40.72206],[-112.22281,40.72212],[-112.22301,40.72215],[-112.22323,40.7222],[-112.2235,40.72226],[-112.22369,40.72232]]}},{"type":"Feature","properties":{"highway":"trunk"},"geometry":{"type":"LineString","coordinates":[[-112.01111,40.37603],[-112.01321,40.37549],[-112.01376,40.37532],[-112.01427,40.37515],[-112.01463,40.37502],[-112.01485,40.37494],[-112.01554,40.37466],[-112.01855,40.37345],[-112.01911,40.37322],[-112.02073,40.37257]]}},{"type":"Feature","properties":{"highway":"trunk"},"geometry":{"type":"LineString","coordinates":[[-112.0027,40.37784],[-112.00321,40.37772],[-112.00395,40.37756]]}},{"type":"Feature","properties":{"highway":"trunk"},"geometry":{"type":"LineString","coordinates":[[-111.99968,40.3785],[-112.00053,40.37832],[-112.00137,40.37813],[-112.00154,40.37809]]}},{"type":"Feature","properties":{"highway":"trunk"},"geometry":{"type":"LineString","coordinates":[[-112.00154,40.37809],[-112.00174,40.37805],[-112.0027,40.37784]]}},{"type":"Feature","properties":{"highway":"trunk"},"geometry":{"type":"LineString","coordinates":[[-112.00395,40.37756],[-112.0041,40.37752],[-112.005,40.37734]]}},{"type":"Feature","properties":{"highway":"trunk"},"geometry":{"type":"LineString","coordinates":[[-112.005,40.37734],[-112.00587,40.37714],[-112.00684,40.37693],[-112.0084,40.37662],[-112.00892,40.37651],[-112.00902,40.37649]]}},{"type":"Feature","properties":{"highway":"trunk"},"geometry":{"type":"LineString","coordinates":[[-112.00902,40.37649],[-112.00997,40.37629],[-112.01005,40.37627],[-112.01015,40.37625]]}},{"type":"Feature","properties":{"highway":"trunk"},"geometry":{"type":"LineString","coordinates":[[-112.01015,40.37625],[-112.01021,40.37623],[-112.01029,40.37621],[-112.01111,40.37603]]}},{"type":"Feature","properties":{"highway":"primary"},"geometry":{"type":"LineString","coordinates":[[-112.08368,40.69648],[-112.08355,40.69645],[-112.08337,40.69645],[-112.08299,40.69646]]}},{"type":"Feature","properties":{"highway":"primary"},"geometry":{"type":"LineString","coordinates":[[-112.08228,40.6965],[-112.08242,40.69653],[-112.08297,40.69653],[-112.08304,40.69653],[-112.08311,40.69653],[-112.08317,40.69652],[-112.08325,40.69651],[-112.08334,40.69651]]}},{"type":"Feature","properties":{"highway":"primary"},"geometry":{"type":"LineString","coordinates":[[-112.08898,40.69649],[-112.08827,40.69647],[-112.08754,40.69647],[-112.08696,40.69647],[-112.08669,40.69647],[-112.08653,40.69647],[-112.08601,40.69647],[-112.08577,40.69647],[-112.08544,40.69647],[-112.08519,40.69646],[-112.08502,40.69646],[-112.08453,40.69646],[-112.08368,40.69648]]}},{"type":"Feature","properties":{"highway":"primary"},"geometry":{"type":"LineString","coordinates":[[-112.12599,41.71259],[-112.13257,41.71248]]}},{"type":"Feature","properties":{"highway":"trunk"},"geometry":{"type":"LineString","coordinates":[[-112.17125,41.78459],[-112.16592,41.78468],[-112.16463,41.7847],[-112.16419,41.78471],[-112.16387,41.78472]]}},{"type":"Feature","properties":{"highway":"trunk"},"geometry":{"type":"LineString","coordinates":[[-112.16387,41.78472],[-112.16094,41.78476],[-112.16081,41.78476]]}},{"type":"Feature","properties":{"highway":"trunk"},"geometry":{"type":"LineString","coordinates":[[-112.16081,41.78476],[-112.1606,41.78476]]}},{"type":"Feature","properties":{"highway":"trunk"},"geometry":{"type":"LineString","coordinates":[[-112.1606,41.78476],[-112.16057,41.78476],[-112.15414,41.78485],[-112.15115,41.7849],[-112.1506,41.7849]]}},{"type":"Feature","properties":{"highway":"trunk"},"geometry":{"type":"LineString","coordinates":[[-112.1506,41.7849],[-112.14935,41.78492]]}},{"type":"Feature","properties":{"highway":"trunk"},"geometry":{"type":"LineString","coordinates":[[-112.14935,41.78492],[-112.14814,41.78495]]}},{"type":"Feature","properties":{"highway":"trunk"},"geometry":{"type":"LineString","coordinates":[[-112.12396,41.78545],[-112.12218,41.78547],[-112.12027,41.7855]]}},{"type":"Feature","properties":{"highway":"trunk"},"geometry":{"type":"LineString","coordinates":[[-112.12633,41.7854],[-112.12513,41.78543]]}},{"type":"Feature","properties":{"highway":"trunk"},"geometry":{"type":"LineString","coordinates":[[-112.12513,41.78543],[-112.12396,41.78545]]}},{"type":"Feature","properties":{"highway":"trunk"},"geometry":{"type":"LineString","coordinates":[[-112.12027,41.7855],[-112.1195,41.78551]]}},{"type":"Feature","properties":{"highway":"trunk"},"geometry":{"type":"LineString","coordinates":[[-112.11927,41.78552],[-112.11906,41.78552]]}},{"type":"Feature","properties":{"highway":"trunk"},"geometry":{"type":"LineString","coordinates":[[-112.11906,41.78552],[-112.11858,41.78551],[-112.11825,41.78549],[-112.11785,41.78546],[-112.11742,41.78542]]}},{"type":"Feature","properties":{"highway":"trunk"},"geometry":{"type":"LineString","coordinates":[[-112.09158,41.78518],[-112.09083,41.78528]]}},{"type":"Feature","properties":{"highway":"trunk"},"geometry":{"type":"LineString","coordinates":[[-112.09228,41.78511],[-112.09158,41.78518]]}},{"type":"Feature","properties":{"highway":"trunk"},"geometry":{"type":"LineString","coordinates":[[-112.09083,41.78528],[-112.09023,41.78538]]}},{"type":"Feature","properties":{"highway":"trunk"},"geometry":{"type":"LineString","coordinates":[[-112.08734,41.786],[-112.08646,41.78626],[-112.08569,41.78648],[-112.08415,41.78692],[-112.08093,41.78785],[-112.07939,41.78828],[-112.07672,41.78903],[-112.06898,41.79123],[-112.06684,41.79183],[-112.06479,41.79242]]}},{"type":"Feature","properties":{"highway":"trunk"},"geometry":{"type":"LineString","coordinates":[[-112.06479,41.79242],[-112.06001,41.79377],[-112.05506,41.79519],[-112.0548,41.79527],[-112.0542,41.79544]]}},{"type":"Feature","properties":{"highway":"trunk"},"geometry":{"type":"LineString","coordinates":[[-112.04413,41.79638],[-112.04378,41.79629],[-112.04164,41.79557],[-112.04056,41.79523]]}},{"type":"Feature","properties":{"highway":"trunk"},"geometry":{"type":"LineString","coordinates":[[-112.04056,41.79523],[-112.03989,41.79503]]}},{"type":"Feature","properties":{"highway":"trunk"},"geometry":{"type":"LineString","coordinates":[[-112.03989,41.79503],[-112.03945,41.79489]]}},{"type":"Feature","properties":{"highway":"trunk"},"geometry":{"type":"LineString","coordinates":[[-112.03945,41.79489],[-112.03917,41.7948],[-112.03865,41.79463]]}},{"type":"Feature","properties":{"highway":"trunk"},"geometry":{"type":"LineString","coordinates":[[-112.03865,41.79463],[-112.03771,41.79432],[-112.03561,41.79365],[-112.03524,41.79352],[-112.03506,41.79346]]}},{"type":"Feature","properties":{"highway":"trunk"},"geometry":{"type":"LineString","coordinates":[[-112.02691,41.78534],[-112.02251,41.77957]]}},{"type":"Feature","properties":{"highway":"trunk"},"geometry":{"type":"LineString","coordinates":[[-112.02776,41.78648],[-112.02749,41.78612]]}},{"type":"Feature","properties":{"highway":"trunk"},"geometry":{"type":"LineString","coordinates":[[-112.02749,41.78612],[-112.02691,41.78534]]}},{"type":"Feature","properties":{"highway":"trunk"},"geometry":{"type":"LineString","coordinates":[[-112.0207,41.77716],[-112.02251,41.77957]]}},{"type":"Feature","properties":{"highway":"trunk"},"geometry":{"type":"LineString","coordinates":[[-112.01961,41.7757],[-112.0207,41.77716]]}},{"type":"Feature","properties":{"highway":"trunk"},"geometry":{"type":"LineString","coordinates":[[-112.01894,41.77483],[-112.01961,41.7757]]}},{"type":"Feature","properties":{"highway":"trunk"},"geometry":{"type":"LineString","coordinates":[[-112.00961,41.7638],[-112.01552,41.77058],[-112.01604,41.77122],[-112.01894,41.77483]]}},{"type":"Feature","properties":{"highway":"trunk"},"geometry":{"type":"LineString","coordinates":[[-112.00872,41.76274],[-112.00927,41.7634]]}},{"type":"Feature","properties":{"highway":"trunk"},"geometry":{"type":"LineString","coordinates":[[-112.00927,41.7634],[-112.00961,41.7638]]}},{"type":"Feature","properties":{"highway":"trunk"},"geometry":{"type":"LineString","coordinates":[[-111.98392,41.75184],[-111.98911,41.75306],[-111.9945,41.75435],[-112.00109,41.75591],[-112.00194,41.75617],[-112.00278,41.75657],[-112.00343,41.75693],[-112.00396,41.7573],[-112.00452,41.75784],[-112.00717,41.76092],[-112.00795,41.76183],[-112.0085,41.76247],[-112.00859,41.76259],[-112.00872,41.76274]]}},{"type":"Feature","properties":{"highway":"primary"},"geometry":{"type":"LineString","coordinates":[[-112.02899,40.72649],[-112.02891,40.73226],[-112.0289,40.73228]]}},{"type":"Feature","properties":{"highway":"trunk"},"geometry":{"type":"LineString","coordinates":[[-112.02934,40.72648],[-112.02934,40.7261]]}},{"type":"Feature","properties":{"highway":"trunk"},"geometry":{"type":"LineString","coordinates":[[-112.02933,40.72433],[-112.02937,40.72268],[-112.02941,40.7219],[-112.02947,40.72119],[-112.02953,40.72077],[-112.02974,40.71954],[-112.02993,40.71882],[-112.03001,40.71848],[-112.03024,40.71753],[-112.03087,40.71471]]}},{"type":"Feature","properties":{"highway":"motorway_link"},"geometry":{"type":"LineString","coordinates":[[-112.02933,40.72433],[-112.02896,40.72435]]}},{"type":"Feature","properties":{"highway":"primary"},"geometry":{"type":"LineString","coordinates":[[-112.03617,41.34228],[-112.03614,41.34232]]}},{"type":"Feature","properties":{"highway":"primary"},"geometry":{"type":"LineString","coordinates":[[-112.03719,41.34054],[-112.03717,41.34059]]}},{"type":"Feature","properties":{"highway":"motorway"},"geometry":{"type":"LineString","coordinates":[[-112.05532,41.45722],[-112.0551,41.45976],[-112.05482,41.46289],[-112.0546,41.46594],[-112.05442,41.46801],[-112.05423,41.47041],[-112.05415,41.47143]]}},{"type":"Feature","properties":{"highway":"motorway"},"geometry":{"type":"LineString","coordinates":[[-112.05328,41.48172],[-112.0532,41.48267],[-112.05317,41.48301],[-112.05313,41.48359],[-112.05304,41.48464],[-112.05297,41.48553],[-112.05292,41.48602],[-112.05287,41.48661],[-112.05283,41.48701],[-112.05281,41.48716],[-112.05276,41.48791],[-112.05277,41.48851],[-112.05281,41.4892],[-112.05289,41.48989],[-112.05301,41.49061],[-112.05313,41.49128]]}},{"type":"Feature","properties":{"highway":"motorway"},"geometry":{"type":"LineString","coordinates":[[-112.05366,41.49175],[-112.05342,41.49094],[-112.05332,41.49049],[-112.05322,41.48989],[-112.05313,41.48932],[-112.05309,41.48867],[-112.05308,41.48805],[-112.05313,41.48711],[-112.05329,41.48505]]}},{"type":"Feature","properties":{"highway":"primary"},"geometry":{"type":"LineString","coordinates":[[-112.02672,40.74022],[-112.02583,40.74022]]}},{"type":"Feature","properties":{"highway":"motorway"},"geometry":{"type":"LineString","coordinates":[[-112.49015,41.88507],[-112.49254,41.88567],[-112.4961,41.88666],[-112.49878,41.88739],[-112.5011,41.88801],[-112.50336,41.88861]]}},{"type":"Feature","properties":{"highway":"motorway"},"geometry":{"type":"LineString","coordinates":[[-112.50346,41.88838],[-112.50096,41.88771],[-112.4982,41.88694],[-112.49605,41.88636],[-112.49036,41.88483]]}},{"type":"Feature","properties":{"highway":"motorway"},"geometry":{"type":"LineString","coordinates":[[-112.21292,41.71399],[-112.21537,41.71504],[-112.21569,41.71518]]}},{"type":"Feature","properties":{"highway":"motorway"},"geometry":{"type":"LineString","coordinates":[[-112.21586,41.71497],[-112.21488,41.71455],[-112.21212,41.71336],[-112.21116,41.71295]]}},{"type":"Feature","properties":{"highway":"motorway_link"},"geometry":{"type":"LineString","coordinates":[[-112.18344,41.70032],[-112.18459,41.70094],[-112.1869,41.70214]]}},{"type":"Feature","properties":{"highway":"motorway_link"},"geometry":{"type":"LineString","coordinates":[[-112.19137,41.70381],[-112.19067,41.70342],[-112.18926,41.70266]]}},{"type":"Feature","properties":{"highway":"motorway"},"geometry":{"type":"LineString","coordinates":[[-112.17511,41.69589],[-112.17401,41.69539],[-112.17349,41.69516],[-112.17242,41.69477]]}},{"type":"Feature","properties":{"highway":"motorway_link"},"geometry":{"type":"LineString","coordinates":[[-112.19636,41.70664],[-112.19644,41.70666],[-112.19652,41.70668],[-112.19659,41.7067],[-112.19667,41.70673],[-112.19677,41.70676],[-112.19688,41.70681],[-112.19698,41.70685],[-112.19703,41.70687],[-112.19711,41.70691],[-112.19786,41.70722]]}},{"type":"Feature","properties":{"highway":"primary"},"geometry":{"type":"LineString","coordinates":[[-112.0201,41.17074],[-112.02057,41.17048],[-112.02063,41.17045]]}},{"type":"Feature","properties":{"highway":"primary"},"geometry":{"type":"LineString","coordinates":[[-112.02078,41.17036],[-112.02125,41.17008]]}},{"type":"Feature","properties":{"highway":"primary"},"geometry":{"type":"LineString","coordinates":[[-112.02284,41.16913],[-112.02331,41.16885]]}},{"type":"Feature","properties":{"highway":"primary"},"geometry":{"type":"LineString","coordinates":[[-112.02438,41.16822],[-112.02444,41.16819],[-112.0246,41.16809]]}},{"type":"Feature","properties":{"highway":"motorway_link"},"geometry":{"type":"LineString","coordinates":[[-112.01934,41.17036],[-112.0191,41.17079]]}},{"type":"Feature","properties":{"highway":"primary"},"geometry":{"type":"LineString","coordinates":[[-112.01809,41.17174],[-112.01887,41.17136]]}},{"type":"Feature","properties":{"highway":"primary"},"geometry":{"type":"LineString","coordinates":[[-112.01582,41.17269],[-112.01591,41.17265],[-112.01669,41.17232]]}},{"type":"Feature","properties":{"highway":"primary"},"geometry":{"type":"LineString","coordinates":[[-112.0139,41.17341],[-112.01518,41.17295]]}},{"type":"Feature","properties":{"highway":"motorway_link"},"geometry":{"type":"LineString","coordinates":[[-112.01089,41.17429],[-112.01085,41.17429],[-112.0108,41.17429],[-112.01075,41.17428],[-112.0107,41.17428],[-112.01065,41.17426],[-112.01061,41.17425],[-112.01056,41.17422],[-112.01052,41.1742],[-112.01048,41.17417],[-112.01044,41.17414],[-112.01041,41.1741],[-112.01038,41.17407],[-112.01031,41.17397]]}},{"type":"Feature","properties":{"highway":"motorway_link"},"geometry":{"type":"LineString","coordinates":[[-112.00856,41.17535],[-112.00898,41.17536],[-112.00903,41.17537],[-112.00904,41.17537],[-112.00909,41.17537],[-112.00915,41.17538],[-112.0092,41.17539],[-112.00925,41.17541],[-112.00929,41.17543],[-112.00934,41.17545],[-112.00938,41.17548],[-112.00941,41.1755],[-112.00945,41.17553],[-112.00948,41.17557],[-112.00956,41.17568]]}},{"type":"Feature","properties":{"highway":"motorway_link"},"geometry":{"type":"LineString","coordinates":[[-112.00956,41.17568],[-112.00959,41.17574],[-112.00962,41.1758],[-112.00965,41.17585],[-112.00968,41.17589],[-112.00971,41.17593],[-112.00975,41.17598],[-112.01033,41.17646],[-112.01043,41.17658]]}},{"type":"Feature","properties":{"highway":"motorway_link"},"geometry":{"type":"LineString","coordinates":[[-112.00837,41.17402],[-112.00843,41.17427],[-112.00847,41.17439],[-112.00851,41.17447],[-112.00856,41.17456],[-112.00864,41.1747],[-112.00878,41.17491],[-112.00879,41.17493],[-112.00881,41.17496],[-112.00881,41.17498],[-112.00882,41.175],[-112.00882,41.17502],[-112.00882,41.17504]]}},{"type":"Feature","properties":{"highway":"primary"},"geometry":{"type":"LineString","coordinates":[[-112.00512,41.17659],[-112.00624,41.17618],[-112.00711,41.17587],[-112.00798,41.17556]]}},{"type":"Feature","properties":{"highway":"primary"},"geometry":{"type":"LineString","coordinates":[[-112.0042,41.17692],[-112.0047,41.17674],[-112.00502,41.17662],[-112.00512,41.17659]]}},{"type":"Feature","properties":{"highway":"primary"},"geometry":{"type":"LineString","coordinates":[[-112.00394,41.177],[-112.00415,41.17693],[-112.0042,41.17692]]}},{"type":"Feature","properties":{"highway":"primary"},"geometry":{"type":"LineString","coordinates":[[-112.00373,41.17709],[-112.00381,41.17706],[-112.00394,41.177]]}},{"type":"Feature","properties":{"highway":"primary"},"geometry":{"type":"LineString","coordinates":[[-112.00298,41.17737],[-112.00306,41.17733],[-112.00373,41.17709]]}},{"type":"Feature","properties":{"highway":"primary"},"geometry":{"type":"LineString","coordinates":[[-112.00213,41.17767],[-112.00252,41.17753],[-112.00267,41.17748],[-112.00281,41.17743],[-112.00298,41.17737]]}},{"type":"Feature","properties":{"highway":"primary"},"geometry":{"type":"LineString","coordinates":[[-112.00139,41.17794],[-112.00201,41.17771],[-112.00213,41.17767]]}},{"type":"Feature","properties":{"highway":"primary"},"geometry":{"type":"LineString","coordinates":[[-112.00114,41.17802],[-112.00134,41.17795],[-112.00136,41.17795]]}},{"type":"Feature","properties":{"highway":"primary"},"geometry":{"type":"LineString","coordinates":[[-112.00101,41.17807],[-112.00114,41.17802]]}},{"type":"Feature","properties":{"highway":"primary"},"geometry":{"type":"LineString","coordinates":[[-111.99955,41.1786],[-111.99976,41.17853],[-111.99982,41.17851],[-112.00013,41.17839],[-112.00035,41.17832],[-112.00092,41.17811]]}},{"type":"Feature","properties":{"highway":"primary"},"geometry":{"type":"LineString","coordinates":[[-112.02063,41.17045],[-112.02078,41.17036]]}},{"type":"Feature","properties":{"highway":"primary"},"geometry":{"type":"LineString","coordinates":[[-112.01917,41.17121],[-112.01945,41.17107]]}},{"type":"Feature","properties":{"highway":"primary"},"geometry":{"type":"LineString","coordinates":[[-112.01887,41.17136],[-112.01917,41.17121]]}},{"type":"Feature","properties":{"highway":"motorway_link"},"geometry":{"type":"LineString","coordinates":[[-112.01911,41.17112],[-112.01917,41.17121]]}},{"type":"Feature","properties":{"highway":"primary"},"geometry":{"type":"LineString","coordinates":[[-112.01549,41.17282],[-112.01565,41.17277]]}},{"type":"Feature","properties":{"highway":"primary"},"geometry":{"type":"LineString","coordinates":[[-112.01565,41.17277],[-112.01582,41.17269]]}},{"type":"Feature","properties":{"highway":"primary"},"geometry":{"type":"LineString","coordinates":[[-112.04845,40.53694],[-112.05142,40.53696],[-112.05315,40.53696]]}},{"type":"Feature","properties":{"highway":"primary"},"geometry":{"type":"LineString","coordinates":[[-112.01026,41.17471],[-112.01043,41.17465]]}},{"type":"Feature","properties":{"highway":"primary"},"geometry":{"type":"LineString","coordinates":[[-112.00941,41.17503],[-112.00959,41.17496]]}},{"type":"Feature","properties":{"highway":"primary"},"geometry":{"type":"LineString","coordinates":[[-112.00136,41.17795],[-112.00139,41.17794]]}},{"type":"Feature","properties":{"highway":"primary"},"geometry":{"type":"LineString","coordinates":[[-112.00092,41.17811],[-112.00101,41.17807]]}},{"type":"Feature","properties":{"highway":"primary"},"geometry":{"type":"LineString","coordinates":[[-112.01796,41.17179],[-112.01809,41.17174]]}},{"type":"Feature","properties":{"highway":"motorway_link"},"geometry":{"type":"LineString","coordinates":[[-112.0201,41.17074],[-112.0203,41.1707],[-112.02039,41.17068],[-112.02052,41.17067],[-112.02062,41.17067],[-112.02067,41.17068],[-112.02076,41.1707],[-112.02095,41.17085]]}},{"type":"Feature","properties":{"highway":"motorway_link"},"geometry":{"type":"LineString","coordinates":[[-112.27357,40.68393],[-112.27181,40.68516]]}},{"type":"Feature","properties":{"highway":"trunk"},"geometry":{"type":"LineString","coordinates":[[-112.28919,40.65321],[-112.28923,40.65344],[-112.28926,40.65373]]}},{"type":"Feature","properties":{"highway":"trunk"},"geometry":{"type":"LineString","coordinates":[[-112.28905,40.65208],[-112.28913,40.65276],[-112.28917,40.65304],[-112.28919,40.65321]]}},{"type":"Feature","properties":{"highway":"trunk"},"geometry":{"type":"LineString","coordinates":[[-112.29155,40.62896],[-112.29114,40.63004],[-112.29109,40.63019]]}},{"type":"Feature","properties":{"highway":"trunk"},"geometry":{"type":"LineString","coordinates":[[-112.29307,40.62375],[-112.29302,40.62392],[-112.29283,40.62467]]}},{"type":"Feature","properties":{"highway":"trunk"},"geometry":{"type":"LineString","coordinates":[[-112.29327,40.6228],[-112.29304,40.62359],[-112.29307,40.62375]]}},{"type":"Feature","properties":{"highway":"trunk"},"geometry":{"type":"LineString","coordinates":[[-112.29307,40.62375],[-112.2932,40.62361],[-112.29367,40.62189],[-112.29403,40.62017],[-112.29442,40.61848],[-112.29472,40.61748],[-112.29485,40.61695],[-112.29486,40.6169],[-112.29492,40.61658],[-112.29497,40.61616],[-112.295,40.61579],[-112.295,40.61536],[-112.29498,40.6149],[-112.2948,40.61354]]}},{"type":"Feature","properties":{"highway":"trunk"},"geometry":{"type":"LineString","coordinates":[[-112.29082,40.63094],[-112.29049,40.63188]]}},{"type":"Feature","properties":{"highway":"trunk"},"geometry":{"type":"LineString","coordinates":[[-112.28812,40.64521],[-112.2883,40.64637]]}},{"type":"Feature","properties":{"highway":"trunk"},"geometry":{"type":"LineString","coordinates":[[-112.29435,40.60319],[-112.29433,40.60207],[-112.29432,40.6019]]}},{"type":"Feature","properties":{"highway":"trunk"},"geometry":{"type":"LineString","coordinates":[[-112.29412,40.60015],[-112.29416,40.60174],[-112.29416,40.6019]]}},{"type":"Feature","properties":{"highway":"trunk"},"geometry":{"type":"LineString","coordinates":[[-112.29596,40.56685],[-112.29607,40.56575],[-112.29609,40.56558]]}},{"type":"Feature","properties":{"highway":"trunk_link"},"geometry":{"type":"LineString","coordinates":[[-112.29609,40.56558],[-112.29606,40.56559],[-112.29604,40.56561],[-112.29601,40.56565],[-112.29599,40.56568],[-112.29598,40.5657],[-112.29597,40.56574],[-112.29587,40.56669]]}},{"type":"Feature","properties":{"highway":"trunk"},"geometry":{"type":"LineString","coordinates":[[-112.29609,40.56558],[-112.2961,40.56542],[-112.29618,40.56467],[-112.29613,40.56429]]}},{"type":"Feature","properties":{"highway":"trunk"},"geometry":{"type":"LineString","coordinates":[[-112.29613,40.56429],[-112.29596,40.56466],[-112.29589,40.56542]]}},{"type":"Feature","properties":{"highway":"trunk"},"geometry":{"type":"LineString","coordinates":[[-112.29725,40.55667],[-112.29725,40.55671],[-112.29724,40.55676],[-112.29713,40.5574]]}},{"type":"Feature","properties":{"highway":"trunk"},"geometry":{"type":"LineString","coordinates":[[-112.29734,40.55621],[-112.29727,40.55658],[-112.29725,40.55667]]}},{"type":"Feature","properties":{"highway":"trunk"},"geometry":{"type":"LineString","coordinates":[[-112.29811,40.55107],[-112.29809,40.55119],[-112.29805,40.55147]]}},{"type":"Feature","properties":{"highway":"trunk"},"geometry":{"type":"LineString","coordinates":[[-112.29805,40.55147],[-112.29797,40.55203]]}},{"type":"Feature","properties":{"highway":"trunk"},"geometry":{"type":"LineString","coordinates":[[-112.29821,40.55036],[-112.29822,40.5499]]}},{"type":"Feature","properties":{"highway":"trunk"},"geometry":{"type":"LineString","coordinates":[[-112.29835,40.54315],[-112.29835,40.54318],[-112.29834,40.54343],[-112.29833,40.54362],[-112.29833,40.54395],[-112.2983,40.54476],[-112.2983,40.54488],[-112.2983,40.54507],[-112.29829,40.54545],[-112.29828,40.54553],[-112.29827,40.54587],[-112.29827,40.54601],[-112.29826,40.54621],[-112.29826,40.54623],[-112.29825,40.54664],[-112.29825,40.54687],[-112.29824,40.54719],[-112.29824,40.54727],[-112.29823,40.54767],[-112.29823,40.54791],[-112.29822,40.54806],[-112.29819,40.54904]]}},{"type":"Feature","properties":{"highway":"trunk"},"geometry":{"type":"LineString","coordinates":[[-112.29837,40.54197],[-112.29837,40.54203]]}},{"type":"Feature","properties":{"highway":"trunk"},"geometry":{"type":"LineString","coordinates":[[-112.29836,40.54254],[-112.29836,40.54263],[-112.29836,40.54274]]}},{"type":"Feature","properties":{"highway":"trunk"},"geometry":{"type":"LineString","coordinates":[[-112.29842,40.53821],[-112.29842,40.53846],[-112.29842,40.53855]]}},{"type":"Feature","properties":{"highway":"trunk"},"geometry":{"type":"LineString","coordinates":[[-112.29842,40.53855],[-112.29842,40.53863],[-112.29842,40.53873],[-112.29842,40.53894],[-112.29842,40.53903]]}},{"type":"Feature","properties":{"highway":"trunk"},"geometry":{"type":"LineString","coordinates":[[-112.29856,40.53428],[-112.29856,40.53419],[-112.29856,40.53409],[-112.29857,40.53375],[-112.29857,40.53359]]}},{"type":"Feature","properties":{"highway":"trunk"},"geometry":{"type":"LineString","coordinates":[[-112.29855,40.53467],[-112.29855,40.53458],[-112.29856,40.53439],[-112.29856,40.53436],[-112.29856,40.53428]]}},{"type":"Feature","properties":{"highway":"primary"},"geometry":{"type":"LineString","coordinates":[[-112.29856,40.53428],[-112.29867,40.53428],[-112.2987,40.53428],[-112.29906,40.53428]]}},{"type":"Feature","properties":{"highway":"trunk"},"geometry":{"type":"LineString","coordinates":[[-112.29861,40.53131],[-112.29861,40.53119],[-112.29862,40.53077],[-112.2986,40.53073],[-112.29854,40.53062]]}},{"type":"Feature","properties":{"highway":"trunk"},"geometry":{"type":"LineString","coordinates":[[-112.29856,40.53015],[-112.29855,40.53051],[-112.29854,40.53062]]}},{"type":"Feature","properties":{"highway":"trunk"},"geometry":{"type":"LineString","coordinates":[[-112.2694,40.68478],[-112.27031,40.68377]]}},{"type":"Feature","properties":{"highway":"trunk"},"geometry":{"type":"LineString","coordinates":[[-112.27031,40.68377],[-112.27124,40.68273]]}},{"type":"Feature","properties":{"highway":"trunk"},"geometry":{"type":"LineString","coordinates":[[-112.27124,40.68273],[-112.27219,40.68163]]}},{"type":"Feature","properties":{"highway":"trunk"},"geometry":{"type":"LineString","coordinates":[[-112.27219,40.68163],[-112.27311,40.68058]]}},{"type":"Feature","properties":{"highway":"trunk"},"geometry":{"type":"LineString","coordinates":[[-112.27311,40.68058],[-112.27332,40.68034]]}},{"type":"Feature","properties":{"highway":"trunk"},"geometry":{"type":"LineString","coordinates":[[-112.26739,40.68696],[-112.26784,40.68649]]}},{"type":"Feature","properties":{"highway":"trunk"},"geometry":{"type":"LineString","coordinates":[[-112.26406,40.69069],[-112.26481,40.68983]]}},{"type":"Feature","properties":{"highway":"trunk"},"geometry":{"type":"LineString","coordinates":[[-112.26515,40.68943],[-112.26544,40.6891],[-112.26553,40.68899]]}},{"type":"Feature","properties":{"highway":"trunk"},"geometry":{"type":"LineString","coordinates":[[-112.26481,40.68983],[-112.26515,40.68943]]}},{"type":"Feature","properties":{"highway":"motorway_link"},"geometry":{"type":"LineString","coordinates":[[-112.26968,40.68624],[-112.26946,40.68622],[-112.26922,40.68618],[-112.26887,40.68605],[-112.26847,40.68583]]}},{"type":"Feature","properties":{"highway":"motorway_link"},"geometry":{"type":"LineString","coordinates":[[-112.27084,40.6859],[-112.27079,40.68593],[-112.27046,40.68611],[-112.27017,40.6862],[-112.26989,40.68624],[-112.26968,40.68624]]}},{"type":"Feature","properties":{"highway":"motorway_link"},"geometry":{"type":"LineString","coordinates":[[-112.27181,40.68516],[-112.27084,40.6859]]}},{"type":"Feature","properties":{"highway":"trunk"},"geometry":{"type":"LineString","coordinates":[[-112.26784,40.68649],[-112.26847,40.68583]]}},{"type":"Feature","properties":{"highway":"trunk"},"geometry":{"type":"LineString","coordinates":[[-112.26847,40.68583],[-112.2694,40.68478]]}},{"type":"Feature","properties":{"highway":"trunk"},"geometry":{"type":"LineString","coordinates":[[-112.28935,40.65436],[-112.28926,40.65373]]}},{"type":"Feature","properties":{"highway":"trunk"},"geometry":{"type":"LineString","coordinates":[[-112.2895,40.65508],[-112.28942,40.65449],[-112.28935,40.65436]]}},{"type":"Feature","properties":{"highway":"trunk"},"geometry":{"type":"LineString","coordinates":[[-112.29283,40.62467],[-112.29258,40.62563]]}},{"type":"Feature","properties":{"highway":"trunk"},"geometry":{"type":"LineString","coordinates":[[-112.29183,40.62814],[-112.29165,40.6287],[-112.29155,40.62896]]}},{"type":"Feature","properties":{"highway":"trunk"},"geometry":{"type":"LineString","coordinates":[[-112.29248,40.626],[-112.29236,40.62613],[-112.29233,40.62627],[-112.29209,40.6271],[-112.29186,40.62786],[-112.29183,40.62814]]}},{"type":"Feature","properties":{"highway":"trunk"},"geometry":{"type":"LineString","coordinates":[[-112.29049,40.63188],[-112.29034,40.63205],[-112.29013,40.63269],[-112.2898,40.6339],[-112.28953,40.6349],[-112.28909,40.63658],[-112.28891,40.63721],[-112.28869,40.638],[-112.28851,40.63865],[-112.2882,40.6398],[-112.28794,40.64081],[-112.28784,40.64133],[-112.28776,40.64172],[-112.28773,40.64236],[-112.28776,40.64297],[-112.28789,40.64409],[-112.28801,40.64501],[-112.28812,40.64521]]}},{"type":"Feature","properties":{"highway":"trunk"},"geometry":{"type":"LineString","coordinates":[[-112.28905,40.65208],[-112.28904,40.65148],[-112.28896,40.65086],[-112.28887,40.65021]]}},{"type":"Feature","properties":{"highway":"trunk"},"geometry":{"type":"LineString","coordinates":[[-112.28843,40.64679],[-112.2884,40.64665],[-112.2883,40.64637]]}},{"type":"Feature","properties":{"highway":"trunk"},"geometry":{"type":"LineString","coordinates":[[-112.28846,40.64693],[-112.28843,40.64679]]}},{"type":"Feature","properties":{"highway":"trunk"},"geometry":{"type":"LineString","coordinates":[[-112.28827,40.64694],[-112.28829,40.64711],[-112.28834,40.64749],[-112.28838,40.64776],[-112.28842,40.64802]]}},{"type":"Feature","properties":{"highway":"trunk"},"geometry":{"type":"LineString","coordinates":[[-112.28856,40.64791],[-112.28854,40.64772],[-112.28851,40.64746],[-112.28846,40.64693]]}},{"type":"Feature","properties":{"highway":"trunk"},"geometry":{"type":"LineString","coordinates":[[-112.2888,40.6497],[-112.2886,40.64825]]}},{"type":"Feature","properties":{"highway":"trunk"},"geometry":{"type":"LineString","coordinates":[[-112.28887,40.65021],[-112.28883,40.64993],[-112.2888,40.6497]]}},{"type":"Feature","properties":{"highway":"trunk"},"geometry":{"type":"LineString","coordinates":[[-112.29109,40.63019],[-112.29103,40.63037],[-112.29082,40.63094]]}},{"type":"Feature","properties":{"highway":"trunk"},"geometry":{"type":"LineString","coordinates":[[-112.29258,40.62563],[-112.29248,40.626]]}},{"type":"Feature","properties":{"highway":"trunk"},"geometry":{"type":"LineString","coordinates":[[-112.29542,40.56982],[-112.29521,40.57121]]}},{"type":"Feature","properties":{"highway":"trunk"},"geometry":{"type":"LineString","coordinates":[[-112.29506,40.57287],[-112.29533,40.57128]]}},{"type":"Feature","properties":{"highway":"trunk"},"geometry":{"type":"LineString","coordinates":[[-112.29521,40.57121],[-112.29493,40.57268],[-112.2949,40.57288]]}},{"type":"Feature","properties":{"highway":"trunk"},"geometry":{"type":"LineString","coordinates":[[-112.29571,40.56776],[-112.29559,40.56856],[-112.2955,40.56932]]}},{"type":"Feature","properties":{"highway":"trunk"},"geometry":{"type":"LineString","coordinates":[[-112.29484,40.57446],[-112.29495,40.57374]]}},{"type":"Feature","properties":{"highway":"trunk"},"geometry":{"type":"LineString","coordinates":[[-112.29495,40.57374],[-112.29503,40.57307],[-112.29506,40.57287]]}},{"type":"Feature","properties":{"highway":"trunk"},"geometry":{"type":"LineString","coordinates":[[-112.29577,40.56668],[-112.29568,40.5676],[-112.29571,40.56776]]}},{"type":"Feature","properties":{"highway":"trunk"},"geometry":{"type":"LineString","coordinates":[[-112.29743,40.55569],[-112.2974,40.5559]]}},{"type":"Feature","properties":{"highway":"trunk"},"geometry":{"type":"LineString","coordinates":[[-112.2974,40.5559],[-112.29734,40.55621]]}},{"type":"Feature","properties":{"highway":"trunk"},"geometry":{"type":"LineString","coordinates":[[-112.29811,40.55107],[-112.29818,40.55094],[-112.2982,40.55066]]}},{"type":"Feature","properties":{"highway":"trunk"},"geometry":{"type":"LineString","coordinates":[[-112.2982,40.55066],[-112.29821,40.55036]]}},{"type":"Feature","properties":{"highway":"trunk"},"geometry":{"type":"LineString","coordinates":[[-112.29835,40.54289],[-112.29835,40.54294],[-112.29835,40.54315]]}},{"type":"Feature","properties":{"highway":"trunk"},"geometry":{"type":"LineString","coordinates":[[-112.29836,40.54274],[-112.29835,40.54289]]}},{"type":"Feature","properties":{"highway":"trunk"},"geometry":{"type":"LineString","coordinates":[[-112.29837,40.54203],[-112.29836,40.54225],[-112.29836,40.54245],[-112.29836,40.54247],[-112.29836,40.54254]]}},{"type":"Feature","properties":{"highway":"trunk"},"geometry":{"type":"LineString","coordinates":[[-112.29842,40.53903],[-112.29842,40.53925]]}},{"type":"Feature","properties":{"highway":"trunk"},"geometry":{"type":"LineString","coordinates":[[-112.29854,40.53062],[-112.2985,40.53074],[-112.29849,40.53076],[-112.29848,40.53122],[-112.29848,40.53133],[-112.29849,40.53144],[-112.29849,40.53155],[-112.29849,40.53166],[-112.29849,40.53191],[-112.29848,40.53209],[-112.29848,40.53231],[-112.29848,40.53255],[-112.29847,40.53294],[-112.29846,40.53309],[-112.29846,40.53329],[-112.29845,40.53341],[-112.29844,40.53358]]}},{"type":"Feature","properties":{"highway":"trunk"},"geometry":{"type":"LineString","coordinates":[[-112.29859,40.53164],[-112.29861,40.53131]]}},{"type":"Feature","properties":{"highway":"trunk"},"geometry":{"type":"LineString","coordinates":[[-112.29842,40.53428],[-112.29842,40.53436],[-112.29842,40.53458],[-112.29842,40.5346],[-112.29841,40.53479]]}},{"type":"Feature","properties":{"highway":"trunk"},"geometry":{"type":"LineString","coordinates":[[-112.29844,40.53358],[-112.29843,40.53385]]}},{"type":"Feature","properties":{"highway":"trunk"},"geometry":{"type":"LineString","coordinates":[[-112.29843,40.53385],[-112.29842,40.53416],[-112.29842,40.53419],[-112.29842,40.53428]]}},{"type":"Feature","properties":{"highway":"trunk"},"geometry":{"type":"LineString","coordinates":[[-112.29848,40.53504],[-112.29855,40.53492],[-112.29855,40.53482],[-112.29855,40.53471],[-112.29855,40.53467]]}},{"type":"Feature","properties":{"highway":"primary"},"geometry":{"type":"LineString","coordinates":[[-112.29906,40.53428],[-112.29917,40.53428],[-112.2992,40.53428],[-112.29941,40.53428]]}},{"type":"Feature","properties":{"highway":"primary"},"geometry":{"type":"LineString","coordinates":[[-112.29842,40.53428],[-112.29856,40.53428]]}},{"type":"Feature","properties":{"highway":"trunk"},"geometry":{"type":"LineString","coordinates":[[-112.29857,40.52986],[-112.29856,40.53015]]}},{"type":"Feature","properties":{"highway":"motorway_link"},"geometry":{"type":"LineString","coordinates":[[-112.22369,40.72232],[-112.22426,40.72251]]}},{"type":"Feature","properties":{"highway":"motorway_link"},"geometry":{"type":"LineString","coordinates":[[-112.22413,40.72231],[-112.22373,40.72222]]}},{"type":"Feature","properties":{"highway":"primary"},"geometry":{"type":"LineString","coordinates":[[-112.01695,40.53938],[-112.01712,40.53929],[-112.01789,40.53885],[-112.01806,40.53876]]}},{"type":"Feature","properties":{"highway":"trunk"},"geometry":{"type":"LineString","coordinates":[[-112.20164,40.72628],[-112.20239,40.72616],[-112.20283,40.72607],[-112.20326,40.72598],[-112.20373,40.72588],[-112.20454,40.7257],[-112.2053,40.72554],[-112.20735,40.72507],[-112.20846,40.72482],[-112.21016,40.72445],[-112.21159,40.72411],[-112.21313,40.72376],[-112.21464,40.72341],[-112.21591,40.72312],[-112.2178,40.72272],[-112.21932,40.72239],[-112.2202,40.72216]]}},{"type":"Feature","properties":{"highway":"primary"},"geometry":{"type":"LineString","coordinates":[[-112.04096,40.53692],[-112.04241,40.53692]]}},{"type":"Feature","properties":{"highway":"primary"},"geometry":{"type":"LineString","coordinates":[[-112.03944,40.53694],[-112.04096,40.53692]]}},{"type":"Feature","properties":{"highway":"primary"},"geometry":{"type":"LineString","coordinates":[[-112.03899,40.53695],[-112.03944,40.53694]]}},{"type":"Feature","properties":{"highway":"primary"},"geometry":{"type":"LineString","coordinates":[[-112.0346,40.53695],[-112.03501,40.53695],[-112.036,40.53695],[-112.03699,40.53695],[-112.03899,40.53695]]}},{"type":"Feature","properties":{"highway":"primary"},"geometry":{"type":"LineString","coordinates":[[-112.01936,40.53798],[-112.01983,40.5377]]}},{"type":"Feature","properties":{"highway":"primary"},"geometry":{"type":"LineString","coordinates":[[-112.00693,40.65279],[-112.00628,40.65279],[-112.00608,40.65279]]}},{"type":"Feature","properties":{"highway":"primary"},"geometry":{"type":"LineString","coordinates":[[-112.00911,40.65304],[-112.0088,40.65304],[-112.00867,40.65303],[-112.00855,40.65302]]}},{"type":"Feature","properties":{"highway":"motorway_link"},"geometry":{"type":"LineString","coordinates":[[-112.33239,40.65892],[-112.33063,40.6623]]}},{"type":"Feature","properties":{"highway":"motorway_link"},"geometry":{"type":"LineString","coordinates":[[-112.33088,40.66227],[-112.3311,40.66185],[-112.33138,40.66134],[-112.33162,40.66087],[-112.33188,40.66032],[-112.33214,40.65982],[-112.3326,40.65911]]}},{"type":"Feature","properties":{"highway":"primary"},"geometry":{"type":"LineString","coordinates":[[-112.39495,40.60406],[-112.39421,40.60426],[-112.39265,40.6047],[-112.39192,40.6049],[-112.39002,40.60543],[-112.38993,40.60546],[-112.38911,40.60569],[-112.38837,40.60591],[-112.38766,40.60615],[-112.38658,40.60656],[-112.3858,40.60689],[-112.38541,40.60707],[-112.38503,40.60726],[-112.38235,40.60863],[-112.37956,40.61006],[-112.37731,40.61119],[-112.37533,40.61217],[-112.37376,40.61297]]}},{"type":"Feature","properties":{"highway":"primary"},"geometry":{"type":"LineString","coordinates":[[-112.36882,40.61545],[-112.36852,40.61561],[-112.36695,40.61642],[-112.3667,40.61655],[-112.36646,40.61668],[-112.36615,40.61685],[-112.36584,40.61703],[-112.36555,40.6172],[-112.36526,40.61738],[-112.36498,40.61756],[-112.3647,40.61774],[-112.36408,40.61814]]}},{"type":"Feature","properties":{"highway":"primary"},"geometry":{"type":"LineString","coordinates":[[-112.36306,40.61898],[-112.36313,40.61893],[-112.36343,40.61871],[-112.36373,40.61849],[-112.36404,40.61828],[-112.3644,40.61805],[-112.36476,40.61781],[-112.3652,40.61753],[-112.36565,40.61726],[-112.36592,40.61711],[-112.36619,40.61695],[-112.36649,40.61678],[-112.36679,40.61662],[-112.36738,40.61631],[-112.37003,40.61495],[-112.37233,40.61378],[-112.3729,40.61345],[-112.37351,40.61313],[-112.37376,40.61297]]}},{"type":"Feature","properties":{"highway":"motorway_link"},"geometry":{"type":"LineString","coordinates":[[-112.06316,40.77222],[-112.06318,40.77219],[-112.0632,40.77216],[-112.06323,40.77213],[-112.06327,40.77211],[-112.06332,40.77209],[-112.06337,40.77208]]}},{"type":"Feature","properties":{"highway":"motorway_link"},"geometry":{"type":"LineString","coordinates":[[-112.06286,40.77208],[-112.06291,40.7721],[-112.06296,40.77212],[-112.06299,40.77215],[-112.06302,40.77218],[-112.06305,40.77221],[-112.06306,40.77225]]}},{"type":"Feature","properties":{"highway":"motorway_link"},"geometry":{"type":"LineString","coordinates":[[-112.06298,40.76962],[-112.06297,40.76967],[-112.06295,40.76971],[-112.06294,40.76974],[-112.06292,40.76977],[-112.0629,40.7698],[-112.06287,40.76982],[-112.06283,40.76984],[-112.06279,40.76986],[-112.06274,40.76987],[-112.06267,40.76988],[-112.06259,40.76989]]}},{"type":"Feature","properties":{"highway":"motorway_link"},"geometry":{"type":"LineString","coordinates":[[-112.063,40.7699],[-112.06259,40.76989],[-112.06246,40.76989],[-112.06228,40.76989],[-112.06218,40.76989],[-112.06208,40.7699],[-112.06194,40.76991],[-112.06181,40.76993],[-112.06151,40.76997],[-112.06122,40.77002],[-112.06101,40.77007],[-112.06081,40.77012],[-112.06055,40.77019],[-112.06031,40.77026],[-112.05973,40.77044],[-112.05949,40.77051],[-112.05925,40.77057],[-112.05901,40.77063],[-112.05888,40.77065],[-112.05876,40.77067],[-112.05858,40.7707],[-112.0584,40.77073],[-112.05822,40.77074],[-112.05803,40.77076],[-112.05784,40.77077],[-112.05765,40.77077],[-112.05745,40.77077],[-112.05415,40.77085]]}},{"type":"Feature","properties":{"highway":"motorway_link"},"geometry":{"type":"LineString","coordinates":[[-112.02725,40.72527],[-112.02712,40.72532],[-112.02697,40.72537],[-112.02683,40.72541],[-112.02669,40.72545],[-112.02655,40.72548],[-112.0264,40.72551],[-112.02625,40.72554],[-112.02609,40.72555],[-112.02591,40.72556],[-112.02574,40.72557],[-112.02478,40.72559],[-112.02451,40.7256],[-112.02424,40.72561],[-112.02402,40.72563],[-112.02379,40.72564],[-112.02337,40.72566],[-112.0226,40.72566],[-112.02221,40.72567],[-112.02183,40.72569],[-112.02145,40.72571],[-112.02108,40.72573]]}},{"type":"Feature","properties":{"highway":"motorway_link"},"geometry":{"type":"LineString","coordinates":[[-112.02762,40.72508],[-112.02748,40.72515],[-112.02736,40.72521],[-112.02725,40.72527]]}},{"type":"Feature","properties":{"highway":"motorway_link"},"geometry":{"type":"LineString","coordinates":[[-112.02908,40.7208],[-112.02902,40.72115],[-112.02899,40.72145],[-112.02895,40.72174],[-112.02892,40.72203],[-112.02888,40.72241],[-112.02883,40.72278],[-112.02879,40.7231],[-112.02874,40.72353],[-112.02871,40.72366],[-112.02868,40.72379],[-112.02864,40.72392],[-112.02858,40.72405],[-112.02852,40.72418],[-112.02844,40.7243],[-112.02837,40.7244],[-112.02828,40.72451],[-112.0282,40.72461],[-112.0281,40.72472],[-112.02799,40.72481],[-112.02787,40.72491],[-112.02774,40.725],[-112.02762,40.72508]]}},{"type":"Feature","properties":{"highway":"motorway_link"},"geometry":{"type":"LineString","coordinates":[[-112.03232,40.72569],[-112.03202,40.72566],[-112.03173,40.72564],[-112.03149,40.72563],[-112.03125,40.72563],[-112.02916,40.72555],[-112.029,40.72554],[-112.02884,40.72552],[-112.02866,40.7255],[-112.02848,40.72547],[-112.0283,40.72544],[-112.02813,40.7254],[-112.02796,40.72535],[-112.02774,40.72529],[-112.02752,40.72522],[-112.0273,40.72514],[-112.02709,40.72506],[-112.02666,40.72492]]}},{"type":"Feature","properties":{"highway":"motorway_link"},"geometry":{"type":"LineString","coordinates":[[-112.02366,40.72493],[-112.02282,40.72518],[-112.02253,40.72525],[-112.02224,40.72531],[-112.02194,40.72536],[-112.02164,40.72541],[-112.02134,40.72547],[-112.02103,40.72551],[-112.02067,40.72555],[-112.02039,40.72557],[-112.02009,40.7256],[-112.01973,40.72562],[-112.01937,40.72563],[-112.01899,40.72564],[-112.01861,40.72565],[-112.01833,40.72566]]}},{"type":"Feature","properties":{"highway":"motorway_link"},"geometry":{"type":"LineString","coordinates":[[-112.01731,40.72591],[-112.01779,40.72594],[-112.01825,40.72596],[-112.01858,40.72599],[-112.01891,40.72601],[-112.02105,40.72612],[-112.02125,40.72614],[-112.02144,40.72616],[-112.02164,40.7262],[-112.02182,40.72624],[-112.02201,40.72628],[-112.02219,40.72633],[-112.02289,40.72656]]}},{"type":"Feature","properties":{"highway":"motorway_link"},"geometry":{"type":"LineString","coordinates":[[-112.03254,40.72476],[-112.03236,40.72468],[-112.03218,40.72459],[-112.03204,40.72451],[-112.03191,40.72442],[-112.03178,40.72434],[-112.03167,40.72425],[-112.03157,40.72415],[-112.03147,40.72406],[-112.03138,40.72395],[-112.03129,40.72384],[-112.03121,40.72372],[-112.03114,40.7236],[-112.03076,40.72282],[-112.03007,40.72141],[-112.03001,40.72125],[-112.02995,40.7211],[-112.0299,40.72094],[-112.02985,40.72078],[-112.02982,40.72062],[-112.0298,40.72045],[-112.02978,40.72029],[-112.02977,40.72012],[-112.02978,40.71995],[-112.02979,40.71978],[-112.02981,40.71961],[-112.02984,40.71944],[-112.02988,40.71927],[-112.0299,40.71912],[-112.02992,40.71897],[-112.02993,40.71882]]}},{"type":"Feature","properties":{"highway":"motorway_link"},"geometry":{"type":"LineString","coordinates":[[-112.03881,40.72513],[-112.03832,40.72517],[-112.03699,40.72534],[-112.03643,40.72541],[-112.03627,40.72543],[-112.0361,40.72544],[-112.03594,40.72545],[-112.03577,40.72545],[-112.03556,40.72545],[-112.03536,40.72543],[-112.03515,40.72541],[-112.03494,40.72537],[-112.03478,40.72534],[-112.03462,40.7253],[-112.03254,40.72476]]}},{"type":"Feature","properties":{"highway":"motorway_link"},"geometry":{"type":"LineString","coordinates":[[-112.02937,40.73077],[-112.02941,40.73043],[-112.02944,40.73011],[-112.02961,40.72825],[-112.02962,40.72814],[-112.02964,40.72804],[-112.02967,40.72793],[-112.02971,40.72782],[-112.02976,40.7277],[-112.02981,40.72757],[-112.02988,40.72745],[-112.02996,40.72732],[-112.03006,40.72719],[-112.03017,40.72706],[-112.03029,40.72693],[-112.03041,40.72681],[-112.03053,40.72672],[-112.03064,40.72663],[-112.03077,40.72655],[-112.03089,40.72647],[-112.03103,40.72639],[-112.03117,40.72632],[-112.03131,40.72626],[-112.03146,40.7262],[-112.0316,40.72615],[-112.03174,40.72611],[-112.03189,40.72607],[-112.03203,40.72604],[-112.03222,40.72601],[-112.03241,40.72598],[-112.03261,40.72596],[-112.0328,40.72595]]}},{"type":"Feature","properties":{"highway":"motorway_link"},"geometry":{"type":"LineString","coordinates":[[-112.02934,40.72648],[-112.02951,40.72647],[-112.02959,40.72647],[-112.02967,40.72646],[-112.02975,40.72645],[-112.02982,40.72643],[-112.02989,40.7264],[-112.03019,40.72628],[-112.03029,40.72624],[-112.0304,40.7262],[-112.03051,40.72617],[-112.03064,40.72613],[-112.03077,40.72611],[-112.03089,40.72608],[-112.03103,40.72607],[-112.03149,40.72602],[-112.03176,40.726],[-112.03203,40.72598],[-112.03242,40.72596],[-112.0328,40.72595]]}},{"type":"Feature","properties":{"highway":"motorway_link"},"geometry":{"type":"LineString","coordinates":[[-112.02576,40.72609],[-112.02719,40.7264],[-112.02735,40.72644],[-112.02752,40.72647],[-112.02769,40.72649],[-112.02786,40.72651],[-112.02804,40.72652],[-112.02821,40.72652],[-112.02845,40.72651],[-112.02879,40.7265],[-112.02899,40.72649]]}},{"type":"Feature","properties":{"highway":"motorway_link"},"geometry":{"type":"LineString","coordinates":[[-112.02576,40.72609],[-112.02595,40.72616],[-112.02611,40.72623],[-112.02626,40.72632],[-112.02641,40.7264],[-112.02655,40.7265],[-112.02661,40.72655],[-112.02668,40.7266],[-112.02677,40.72668],[-112.02686,40.72677],[-112.02693,40.72686],[-112.027,40.72696],[-112.02856,40.7298],[-112.02863,40.72995],[-112.02868,40.7301],[-112.02872,40.73022],[-112.02876,40.73035],[-112.02878,40.73048],[-112.02882,40.73067],[-112.02883,40.73076],[-112.02884,40.73086],[-112.02885,40.73098],[-112.02885,40.73111],[-112.02885,40.7315],[-112.02885,40.73172],[-112.02886,40.73193],[-112.02888,40.73209],[-112.02891,40.73226]]}},{"type":"Feature","properties":{"highway":"motorway_link"},"geometry":{"type":"LineString","coordinates":[[-112.02114,40.72588],[-112.02146,40.72594],[-112.02184,40.72595],[-112.02239,40.72596],[-112.02253,40.72596],[-112.02296,40.72597],[-112.02338,40.72598],[-112.02463,40.72597],[-112.02481,40.72596],[-112.02499,40.72597],[-112.02517,40.72598],[-112.02532,40.726],[-112.02548,40.72602],[-112.02563,40.72605],[-112.02576,40.72609]]}},{"type":"Feature","properties":{"highway":"primary_link"},"geometry":{"type":"LineString","coordinates":[[-112.07007,40.53741],[-112.07,40.53743],[-112.06993,40.53744],[-112.06986,40.53745],[-112.06979,40.53745],[-112.06971,40.53744],[-112.06962,40.53743],[-112.06954,40.5374]]}},{"type":"Feature","properties":{"highway":"primary"},"geometry":{"type":"LineString","coordinates":[[-112.06986,40.53759],[-112.06974,40.53752],[-112.06954,40.5374],[-112.06935,40.53729],[-112.06925,40.53724],[-112.06914,40.53718],[-112.06903,40.53714],[-112.06892,40.5371],[-112.06878,40.53705],[-112.06865,40.53702],[-112.06851,40.53699],[-112.06834,40.53698],[-112.06819,40.53697],[-112.06804,40.53696],[-112.06267,40.53696],[-112.06226,40.53696],[-112.06221,40.53696],[-112.05967,40.53694],[-112.05789,40.53694],[-112.05686,40.53694],[-112.05617,40.53694]]}},{"type":"Feature","properties":{"highway":"primary"},"geometry":{"type":"LineString","coordinates":[[-112.05566,40.53694],[-112.05617,40.53694]]}},{"type":"Feature","properties":{"highway":"primary_link"},"geometry":{"type":"LineString","coordinates":[[-112.0912,40.68201],[-112.09144,40.68205],[-112.09151,40.68207],[-112.09156,40.68209],[-112.09161,40.68212],[-112.09165,40.68216],[-112.09169,40.6822],[-112.09171,40.68225],[-112.09172,40.6823],[-112.09173,40.68235],[-112.09174,40.68248],[-112.09174,40.6826],[-112.09175,40.68271],[-112.09177,40.68281],[-112.0918,40.68292]]}},{"type":"Feature","properties":{"highway":"primary_link"},"geometry":{"type":"LineString","coordinates":[[-112.09185,40.68013],[-112.09182,40.68023],[-112.0918,40.68034],[-112.09178,40.68047],[-112.09177,40.68059],[-112.09174,40.68164],[-112.09173,40.6817],[-112.09172,40.68175],[-112.09169,40.6818],[-112.09166,40.68185],[-112.09162,40.68189],[-112.09157,40.68192],[-112.09152,40.68195],[-112.09146,40.68197],[-112.0912,40.68201]]}},{"type":"Feature","properties":{"highway":"primary_link"},"geometry":{"type":"LineString","coordinates":[[-112.08947,40.66319],[-112.08938,40.66314],[-112.0893,40.66309],[-112.0892,40.66302],[-112.08912,40.66294],[-112.08898,40.66282],[-112.08885,40.6627],[-112.08866,40.66254],[-112.08846,40.66239],[-112.08826,40.66223],[-112.08804,40.66207],[-112.088,40.66205],[-112.08795,40.66203],[-112.08789,40.66201],[-112.08783,40.66199]]}},{"type":"Feature","properties":{"highway":"primary_link"},"geometry":{"type":"LineString","coordinates":[[-112.08783,40.66199],[-112.08782,40.66196],[-112.0878,40.66192],[-112.08777,40.66189],[-112.08773,40.66186],[-112.08748,40.66169],[-112.08736,40.66161],[-112.08724,40.66152],[-112.08712,40.66143],[-112.087,40.66134]]}},{"type":"Feature","properties":{"highway":"primary_link"},"geometry":{"type":"LineString","coordinates":[[-112.08726,40.66233],[-112.08735,40.66231],[-112.08744,40.66229],[-112.08755,40.66225],[-112.08763,40.66222],[-112.08772,40.66217],[-112.08777,40.66216],[-112.08782,40.66215],[-112.08787,40.66215],[-112.08793,40.66216],[-112.08798,40.66217],[-112.08803,40.66219],[-112.08824,40.66235],[-112.08844,40.6625],[-112.08861,40.66264],[-112.08878,40.66278],[-112.08903,40.66298],[-112.08928,40.66317]]}},{"type":"Feature","properties":{"highway":"primary_link"},"geometry":{"type":"LineString","coordinates":[[-112.08622,40.66106],[-112.0863,40.66113],[-112.08638,40.66119],[-112.08647,40.66124],[-112.08675,40.6614],[-112.08703,40.66156],[-112.08722,40.66168],[-112.08742,40.66181],[-112.08745,40.66184],[-112.08748,40.66188],[-112.0875,40.66193],[-112.08751,40.66197],[-112.08751,40.66201],[-112.0875,40.66206],[-112.08748,40.6621],[-112.08746,40.66213],[-112.0874,40.6622],[-112.08734,40.66227],[-112.08726,40.66233]]}},{"type":"Feature","properties":{"highway":"primary"},"geometry":{"type":"LineString","coordinates":[[-112.09189,40.69414],[-112.0919,40.69302],[-112.0919,40.69256],[-112.0919,40.69249],[-112.0919,40.69236],[-112.0919,40.69204],[-112.09192,40.69004],[-112.09191,40.68895],[-112.09191,40.68851]]}},{"type":"Feature","properties":{"highway":"primary"},"geometry":{"type":"LineString","coordinates":[[-112.09179,40.68588],[-112.09179,40.6861],[-112.09178,40.68755],[-112.09178,40.68821],[-112.09178,40.68894],[-112.09178,40.69004],[-112.09175,40.69203],[-112.09175,40.69236],[-112.09174,40.6925],[-112.09174,40.69256],[-112.09173,40.69302],[-112.09173,40.69303],[-112.09173,40.69329],[-112.09173,40.69347],[-112.09173,40.69381],[-112.09173,40.69414],[-112.09174,40.69456],[-112.09174,40.69507],[-112.09175,40.6957],[-112.09175,40.69634],[-112.09175,40.69638],[-112.09175,40.69645],[-112.09175,40.69651]]}},{"type":"Feature","properties":{"highway":"primary"},"geometry":{"type":"LineString","coordinates":[[-112.09172,40.66684],[-112.09165,40.66661],[-112.09156,40.66634],[-112.09145,40.66608],[-112.09135,40.66584],[-112.09123,40.6656],[-112.09111,40.66536],[-112.09092,40.66503],[-112.0908,40.66483],[-112.09064,40.66457],[-112.0905,40.66438],[-112.09036,40.6642],[-112.09014,40.66392],[-112.09002,40.66378],[-112.0899,40.66364],[-112.08976,40.66349],[-112.08962,40.66334],[-112.08947,40.66319],[-112.08924,40.66297],[-112.08901,40.66276],[-112.08879,40.66257],[-112.08856,40.66238],[-112.08833,40.6622],[-112.08801,40.66197],[-112.08794,40.66192],[-112.08785,40.66185],[-112.08769,40.66174],[-112.08747,40.6616],[-112.08724,40.66146],[-112.087,40.66134],[-112.08665,40.66115],[-112.0863,40.66097],[-112.08519,40.66046],[-112.08463,40.6602],[-112.08408,40.65994],[-112.08359,40.6597],[-112.08311,40.65946],[-112.08279,40.65929],[-112.08248,40.65912],[-112.08217,40.65894],[-112.08178,40.6587],[-112.08159,40.65858],[-112.08139,40.65846],[-112.08114,40.65829],[-112.0809,40.65812],[-112.08065,40.65794],[-112.08054,40.65785]]}},{"type":"Feature","properties":{"highway":"primary"},"geometry":{"type":"LineString","coordinates":[[-112.09175,40.69675],[-112.09175,40.69706],[-112.09175,40.69731],[-112.09175,40.69756],[-112.09177,40.6978],[-112.09178,40.69808],[-112.09179,40.69814],[-112.09182,40.69844],[-112.09184,40.69881]]}},{"type":"Feature","properties":{"highway":"primary"},"geometry":{"type":"LineString","coordinates":[[-112.09187,40.6977],[-112.09188,40.69728],[-112.09188,40.6972],[-112.09189,40.69702],[-112.09188,40.69694]]}},{"type":"Feature","properties":{"highway":"primary"},"geometry":{"type":"LineString","coordinates":[[-112.07604,40.65408],[-112.07637,40.65438],[-112.07764,40.65554],[-112.07844,40.65626],[-112.0788,40.6566],[-112.07917,40.65692],[-112.07923,40.65697],[-112.07955,40.65725],[-112.07975,40.65741],[-112.07995,40.65757],[-112.08025,40.6578],[-112.08056,40.65802],[-112.08091,40.65827],[-112.08126,40.65851],[-112.08163,40.65874],[-112.08202,40.65898],[-112.08221,40.6591],[-112.08241,40.65921],[-112.08268,40.65936],[-112.08295,40.65951],[-112.08323,40.65965],[-112.08365,40.65986],[-112.08407,40.66007],[-112.08455,40.66029],[-112.08503,40.66051],[-112.08622,40.66106],[-112.08647,40.66118],[-112.08676,40.66134],[-112.08705,40.6615],[-112.08727,40.66163],[-112.0875,40.66177],[-112.08772,40.66191],[-112.08783,40.66199],[-112.08802,40.66213],[-112.08817,40.66223],[-112.08832,40.66234],[-112.08855,40.66252],[-112.08878,40.66271],[-112.08899,40.6629],[-112.0892,40.6631],[-112.08928,40.66317],[-112.08941,40.66329],[-112.0896,40.6635],[-112.08978,40.66369],[-112.08998,40.66392],[-112.09016,40.66414],[-112.09032,40.66435],[-112.09047,40.66456],[-112.09062,40.66478]]}},{"type":"Feature","properties":{"highway":"primary"},"geometry":{"type":"LineString","coordinates":[[-112.09175,40.71122],[-112.09175,40.71133],[-112.09175,40.7117],[-112.09175,40.71207],[-112.09176,40.71248],[-112.09177,40.71302],[-112.09177,40.71341],[-112.09177,40.7138],[-112.09177,40.71445],[-112.09176,40.71552],[-112.09177,40.71657]]}},{"type":"Feature","properties":{"highway":"primary"},"geometry":{"type":"LineString","coordinates":[[-112.09184,40.70773],[-112.09184,40.70866],[-112.09184,40.70875],[-112.09184,40.70966]]}},{"type":"Feature","properties":{"highway":"primary"},"geometry":{"type":"LineString","coordinates":[[-112.09178,40.71749],[-112.0918,40.71744],[-112.09183,40.71737],[-112.09185,40.71729],[-112.09185,40.71726]]}},{"type":"Feature","properties":{"highway":"primary"},"geometry":{"type":"LineString","coordinates":[[-112.09179,40.71726],[-112.09178,40.71736],[-112.09178,40.71749]]}},{"type":"Feature","properties":{"highway":"trunk"},"geometry":{"type":"LineString","coordinates":[[-112.09179,40.71726],[-112.09109,40.71725],[-112.09043,40.71725],[-112.08997,40.71726],[-112.08945,40.71728],[-112.08896,40.71732],[-112.08839,40.7174]]}},{"type":"Feature","properties":{"highway":"trunk"},"geometry":{"type":"LineString","coordinates":[[-112.09185,40.71726],[-112.09179,40.71726]]}},{"type":"Feature","properties":{"highway":"primary"},"geometry":{"type":"LineString","coordinates":[[-112.09188,40.71122],[-112.09188,40.71112],[-112.09188,40.71092],[-112.09189,40.71076],[-112.09189,40.71048],[-112.09189,40.70982],[-112.09184,40.70966]]}},{"type":"Feature","properties":{"highway":"trunk_link"},"geometry":{"type":"LineString","coordinates":[[-112.08872,40.71808],[-112.09071,40.71809],[-112.09082,40.71808],[-112.09094,40.71806],[-112.09105,40.71804],[-112.09115,40.71801],[-112.09126,40.71797],[-112.09134,40.71792],[-112.09143,40.71787],[-112.0915,40.71781],[-112.09158,40.71775],[-112.09164,40.71768],[-112.09169,40.71761],[-112.0917,40.7176],[-112.09174,40.71755],[-112.09178,40.71749]]}},{"type":"Feature","properties":{"highway":"trunk_link"},"geometry":{"type":"LineString","coordinates":[[-112.09178,40.71749],[-112.09179,40.71785],[-112.0918,40.71789],[-112.09182,40.71793],[-112.09185,40.71797],[-112.09189,40.71801],[-112.09193,40.71804],[-112.09198,40.71806],[-112.09203,40.71808],[-112.09208,40.7181],[-112.09214,40.7181],[-112.0922,40.71811],[-112.09268,40.71811],[-112.09316,40.71813],[-112.09396,40.71815],[-112.09476,40.71819]]}},{"type":"Feature","properties":{"highway":"trunk_link"},"geometry":{"type":"LineString","coordinates":[[-112.09177,40.71657],[-112.09174,40.71691],[-112.09172,40.71697],[-112.0917,40.71701],[-112.09167,40.71706],[-112.09162,40.7171],[-112.09158,40.71713],[-112.09153,40.71716],[-112.09147,40.71718],[-112.09142,40.71719],[-112.09136,40.7172],[-112.09131,40.7172],[-112.09029,40.7172],[-112.09006,40.7172],[-112.08984,40.71721],[-112.08962,40.71722],[-112.08938,40.71724],[-112.08915,40.71727],[-112.08892,40.7173],[-112.08874,40.71733],[-112.08856,40.71736],[-112.08839,40.7174]]}},{"type":"Feature","properties":{"highway":"trunk_link"},"geometry":{"type":"LineString","coordinates":[[-112.09229,40.71722],[-112.09221,40.71722],[-112.09214,40.71721],[-112.09208,40.71719],[-112.09202,40.71717],[-112.09197,40.71714],[-112.09194,40.71712],[-112.09192,40.7171],[-112.09189,40.71706],[-112.09187,40.71701],[-112.09186,40.71696]]}},{"type":"Feature","properties":{"highway":"primary"},"geometry":{"type":"LineString","coordinates":[[-112.02507,40.7559],[-112.02506,40.75604],[-112.02505,40.75617],[-112.02504,40.75643],[-112.02504,40.75666],[-112.02504,40.75688],[-112.02504,40.75804]]}},{"type":"Feature","properties":{"highway":"motorway_link"},"geometry":{"type":"LineString","coordinates":[[-112.0249,40.76837],[-112.0249,40.76881]]}},{"type":"Feature","properties":{"highway":"motorway_link"},"geometry":{"type":"LineString","coordinates":[[-112.0249,40.76881],[-112.0249,40.76891],[-112.0249,40.76895],[-112.02489,40.76898],[-112.02487,40.76901],[-112.02485,40.76904],[-112.02481,40.76906],[-112.02478,40.76909],[-112.02474,40.7691],[-112.0247,40.76911],[-112.02466,40.76912],[-112.02462,40.76912],[-112.02451,40.76913],[-112.02444,40.76913],[-112.02437,40.76914]]}},{"type":"Feature","properties":{"highway":"primary"},"geometry":{"type":"LineString","coordinates":[[-112.02493,40.74596],[-112.02491,40.74333],[-112.02491,40.74305],[-112.02492,40.74282],[-112.02493,40.74258],[-112.02494,40.74236],[-112.02494,40.74213]]}},{"type":"Feature","properties":{"highway":"primary"},"geometry":{"type":"LineString","coordinates":[[-112.02495,40.77145],[-112.02496,40.77068]]}},{"type":"Feature","properties":{"highway":"primary"},"geometry":{"type":"LineString","coordinates":[[-112.0251,40.76881],[-112.0251,40.76837]]}},{"type":"Feature","properties":{"highway":"primary"},"geometry":{"type":"LineString","coordinates":[[-112.0251,40.77086],[-112.0251,40.77145]]}},{"type":"Feature","properties":{"highway":"motorway_link"},"geometry":{"type":"LineString","coordinates":[[-112.02564,40.76917],[-112.02557,40.76918],[-112.0255,40.76919],[-112.02544,40.76921],[-112.02536,40.76924],[-112.02532,40.76926],[-112.02528,40.76928],[-112.02525,40.76931],[-112.02522,40.76934],[-112.02519,40.76937],[-112.02516,40.76941],[-112.02514,40.76945],[-112.02512,40.76951],[-112.02511,40.76957]]}},{"type":"Feature","properties":{"highway":"primary"},"geometry":{"type":"LineString","coordinates":[[-112.02497,40.76881],[-112.02497,40.76887],[-112.02497,40.76894],[-112.02498,40.76901],[-112.02499,40.76903],[-112.025,40.76908],[-112.02503,40.76919]]}},{"type":"Feature","properties":{"highway":"primary"},"geometry":{"type":"LineString","coordinates":[[-112.02497,40.76837],[-112.02497,40.76881]]}},{"type":"Feature","properties":{"highway":"primary"},"geometry":{"type":"LineString","coordinates":[[-112.025,40.74729],[-112.02498,40.74712],[-112.02496,40.74673],[-112.02495,40.74654],[-112.02494,40.74635],[-112.02493,40.74615],[-112.02493,40.74596]]}},{"type":"Feature","properties":{"highway":"primary"},"geometry":{"type":"LineString","coordinates":[[-112.02525,40.74898],[-112.02531,40.74938],[-112.02536,40.74977],[-112.0254,40.75017],[-112.02542,40.75043],[-112.02543,40.75069]]}},{"type":"Feature","properties":{"highway":"trunk"},"geometry":{"type":"LineString","coordinates":[[-112.0474,41.7968],[-112.04684,41.79678],[-112.04603,41.79673],[-112.04521,41.79662],[-112.0445,41.79648],[-112.04413,41.79638]]}},{"type":"Feature","properties":{"highway":"trunk"},"geometry":{"type":"LineString","coordinates":[[-112.29432,40.6019],[-112.29427,40.60001],[-112.29416,40.59519]]}},{"type":"Feature","properties":{"highway":"trunk"},"geometry":{"type":"LineString","coordinates":[[-112.29416,40.59519],[-112.29414,40.59431]]}},{"type":"Feature","properties":{"highway":"trunk"},"geometry":{"type":"LineString","coordinates":[[-112.29414,40.59431],[-112.29413,40.59328]]}},{"type":"Feature","properties":{"highway":"trunk"},"geometry":{"type":"LineString","coordinates":[[-112.29395,40.59159],[-112.29398,40.59329]]}},{"type":"Feature","properties":{"highway":"trunk"},"geometry":{"type":"LineString","coordinates":[[-112.2955,40.56932],[-112.29542,40.56982]]}},{"type":"Feature","properties":{"highway":"trunk"},"geometry":{"type":"LineString","coordinates":[[-112.29589,40.56542],[-112.29586,40.56573],[-112.29577,40.56668]]}},{"type":"Feature","properties":{"highway":"motorway_link"},"geometry":{"type":"LineString","coordinates":[[-112.01178,41.17417],[-112.01114,41.17424],[-112.01107,41.17426],[-112.01103,41.17427],[-112.01098,41.17428],[-112.01093,41.17429],[-112.01089,41.17429]]}},{"type":"Feature","properties":{"highway":"motorway_link"},"geometry":{"type":"LineString","coordinates":[[-112.01021,41.17453],[-112.01023,41.17451]]}},{"type":"Feature","properties":{"highway":"motorway_link"},"geometry":{"type":"LineString","coordinates":[[-112.0098,41.1749],[-112.00977,41.17491],[-112.00974,41.17491]]}},{"type":"Feature","properties":{"highway":"motorway_link"},"geometry":{"type":"LineString","coordinates":[[-112.01029,41.1749],[-112.01023,41.17489],[-112.01018,41.17489],[-112.01012,41.17489],[-112.01005,41.17489],[-112.00997,41.17489],[-112.00995,41.17489]]}},{"type":"Feature","properties":{"highway":"motorway_link"},"geometry":{"type":"LineString","coordinates":[[-112.01071,41.17498],[-112.01065,41.17496],[-112.01057,41.17494],[-112.0105,41.17493],[-112.01041,41.17491],[-112.01038,41.17491],[-112.01035,41.1749],[-112.01029,41.1749]]}},{"type":"Feature","properties":{"highway":"motorway_link"},"geometry":{"type":"LineString","coordinates":[[-112.01026,41.17471],[-112.01012,41.1748],[-112.01007,41.17482],[-112.01002,41.17485],[-112.00998,41.17487],[-112.00995,41.17489]]}},{"type":"Feature","properties":{"highway":"motorway_link"},"geometry":{"type":"LineString","coordinates":[[-112.00949,41.17479],[-112.00954,41.1748],[-112.0096,41.1748],[-112.00965,41.1748],[-112.00971,41.1748],[-112.00977,41.17481],[-112.00982,41.1748],[-112.00988,41.1748],[-112.00991,41.1748]]}},{"type":"Feature","properties":{"highway":"motorway_link"},"geometry":{"type":"LineString","coordinates":[[-112.00969,41.17493],[-112.00973,41.17491]]}},{"type":"Feature","properties":{"highway":"motorway_link"},"geometry":{"type":"LineString","coordinates":[[-112.00973,41.17491],[-112.00977,41.17488]]}},{"type":"Feature","properties":{"highway":"motorway_link"},"geometry":{"type":"LineString","coordinates":[[-112.00977,41.17488],[-112.00982,41.17486],[-112.00986,41.17483],[-112.00991,41.1748]]}},{"type":"Feature","properties":{"highway":"motorway_link"},"geometry":{"type":"LineString","coordinates":[[-112.01016,41.17459],[-112.01019,41.17456],[-112.01021,41.17453]]}},{"type":"Feature","properties":{"highway":"motorway"},"geometry":{"type":"LineString","coordinates":[[-112.00262,40.76911],[-112.00325,40.76931],[-112.00454,40.76967],[-112.00558,40.76995],[-112.00648,40.77015],[-112.00754,40.77036],[-112.00805,40.77046],[-112.00862,40.77056]]}},{"type":"Feature","properties":{"highway":"primary"},"geometry":{"type":"LineString","coordinates":[[-112.16172,41.71189],[-112.16158,41.7119],[-112.1611,41.71191]]}},{"type":"Feature","properties":{"highway":"primary"},"geometry":{"type":"LineString","coordinates":[[-112.01551,41.52675],[-112.01547,41.52665]]}},{"type":"Feature","properties":{"highway":"trunk_link"},"geometry":{"type":"LineString","coordinates":[[-112.08087,40.7184],[-112.08096,40.71843],[-112.08105,40.71844],[-112.08114,40.71845],[-112.08122,40.71845],[-112.0819,40.71845],[-112.08195,40.71845],[-112.082,40.71846],[-112.08205,40.71848],[-112.08209,40.71849],[-112.08214,40.71852],[-112.08218,40.71856],[-112.08221,40.7186],[-112.08225,40.71865],[-112.08228,40.7187]]}},{"type":"Feature","properties":{"highway":"trunk_link"},"geometry":{"type":"LineString","coordinates":[[-112.08228,40.7187],[-112.0823,40.71866],[-112.08233,40.71861],[-112.08237,40.71857],[-112.08242,40.71854],[-112.08247,40.7185],[-112.08253,40.71848],[-112.08256,40.71846],[-112.08259,40.71846],[-112.08264,40.71845],[-112.08269,40.71845],[-112.08295,40.71844],[-112.08322,40.71844],[-112.08361,40.71843],[-112.08371,40.71842],[-112.08381,40.7184],[-112.08391,40.71838],[-112.08401,40.71836]]}},{"type":"Feature","properties":{"highway":"trunk_link"},"geometry":{"type":"LineString","coordinates":[[-112.08227,40.71786],[-112.08225,40.71792],[-112.08223,40.71797],[-112.08221,40.71801],[-112.08218,40.71805],[-112.08214,40.71809],[-112.0821,40.71812],[-112.08206,40.71814],[-112.08201,40.71816],[-112.08196,40.71817],[-112.08191,40.71817],[-112.081,40.71818],[-112.08088,40.71818],[-112.08075,40.71819],[-112.08063,40.71821],[-112.08051,40.71823]]}},{"type":"Feature","properties":{"highway":"trunk_link"},"geometry":{"type":"LineString","coordinates":[[-112.08426,40.71803],[-112.08415,40.71802],[-112.08404,40.71803],[-112.08392,40.71803],[-112.0838,40.71805],[-112.08353,40.71808],[-112.08325,40.71811],[-112.08296,40.71814],[-112.08268,40.71815],[-112.08263,40.71816],[-112.08257,40.71815],[-112.08252,40.71814],[-112.08247,40.71812],[-112.08243,40.71809],[-112.08239,40.71806],[-112.08236,40.71803],[-112.08232,40.71798],[-112.08229,40.71792],[-112.08227,40.71786]]}},{"type":"Feature","properties":{"highway":"primary_link"},"geometry":{"type":"LineString","coordinates":[[-112.018,40.55786],[-112.01804,40.5578],[-112.01808,40.55775],[-112.01813,40.55771],[-112.01819,40.55766],[-112.01852,40.55743],[-112.01855,40.55741],[-112.01856,40.55739],[-112.01857,40.55736],[-112.01858,40.55734]]}},{"type":"Feature","properties":{"highway":"motorway"},"geometry":{"type":"LineString","coordinates":[[-112.03232,40.72569],[-112.02918,40.7257],[-112.02709,40.72571],[-112.02565,40.72573],[-112.0212,40.72574]]}},{"type":"Feature","properties":{"highway":"motorway"},"geometry":{"type":"LineString","coordinates":[[-112.01735,40.72574],[-112.01671,40.72574],[-112.01352,40.72574],[-112.01035,40.72576]]}},{"type":"Feature","properties":{"highway":"motorway"},"geometry":{"type":"LineString","coordinates":[[-112.00399,41.10328],[-112.00189,41.10105],[-112.00024,41.09924]]}},{"type":"Feature","properties":{"highway":"motorway"},"geometry":{"type":"LineString","coordinates":[[-112.00024,41.09924],[-111.99724,41.09595],[-111.99493,41.09349]]}},{"type":"Feature","properties":{"highway":"motorway"},"geometry":{"type":"LineString","coordinates":[[-112.05364,40.71925],[-112.05307,40.71941],[-112.05239,40.71963],[-112.05181,40.71983],[-112.05134,40.72001],[-112.05083,40.72022],[-112.04977,40.72069],[-112.04903,40.72105],[-112.04748,40.7218],[-112.04599,40.72252],[-112.04508,40.72297],[-112.04421,40.72338],[-112.04333,40.72376],[-112.04243,40.7241],[-112.04183,40.72432],[-112.04096,40.7246],[-112.0404,40.72476],[-112.03986,40.72489],[-112.03915,40.72506],[-112.03881,40.72513]]}},{"type":"Feature","properties":{"highway":"motorway_link"},"geometry":{"type":"LineString","coordinates":[[-112.03254,40.72476],[-112.0324,40.72472],[-112.03225,40.72468],[-112.0321,40.72463],[-112.03195,40.72457],[-112.03156,40.72443],[-112.03143,40.72439],[-112.03129,40.72436],[-112.03114,40.72433],[-112.03102,40.72432],[-112.0309,40.72431],[-112.03077,40.7243],[-112.03067,40.7243],[-112.03056,40.7243],[-112.02933,40.72433]]}},{"type":"Feature","properties":{"highway":"motorway"},"geometry":{"type":"LineString","coordinates":[[-112.03881,40.72513],[-112.03849,40.72519],[-112.03804,40.72527],[-112.03747,40.72536],[-112.0369,40.72544],[-112.03634,40.7255],[-112.0359,40.72555],[-112.03548,40.72558],[-112.03505,40.72561],[-112.03463,40.72563],[-112.03418,40.72565],[-112.03361,40.72567],[-112.03304,40.72568],[-112.03232,40.72569]]}},{"type":"Feature","properties":{"highway":"primary"},"geometry":{"type":"LineString","coordinates":[[-112.02496,40.77068],[-112.02496,40.77039]]}},{"type":"Feature","properties":{"highway":"primary"},"geometry":{"type":"LineString","coordinates":[[-112.02503,40.76919],[-112.02505,40.76914],[-112.02508,40.76904],[-112.02509,40.76898],[-112.0251,40.76893],[-112.0251,40.76889],[-112.0251,40.76881]]}},{"type":"Feature","properties":{"highway":"primary"},"geometry":{"type":"LineString","coordinates":[[-112.02511,40.76957],[-112.0251,40.77069]]}},{"type":"Feature","properties":{"highway":"primary"},"geometry":{"type":"LineString","coordinates":[[-112.02503,40.76919],[-112.02507,40.76929],[-112.02509,40.76937],[-112.0251,40.76947],[-112.02511,40.76957]]}},{"type":"Feature","properties":{"highway":"primary"},"geometry":{"type":"LineString","coordinates":[[-112.02494,40.77176],[-112.02495,40.77145]]}},{"type":"Feature","properties":{"highway":"primary"},"geometry":{"type":"LineString","coordinates":[[-112.02496,40.77039],[-112.02497,40.76964],[-112.02497,40.76952],[-112.02497,40.76943],[-112.02499,40.76934],[-112.02502,40.76924],[-112.02503,40.76919]]}},{"type":"Feature","properties":{"highway":"motorway_link"},"geometry":{"type":"LineString","coordinates":[[-112.0251,40.77086],[-112.02513,40.77092],[-112.02515,40.77099],[-112.02516,40.77104],[-112.02516,40.7711],[-112.02516,40.77146]]}},{"type":"Feature","properties":{"highway":"motorway_link"},"geometry":{"type":"LineString","coordinates":[[-112.02516,40.77146],[-112.02516,40.7719],[-112.02517,40.77194],[-112.02518,40.77197],[-112.02519,40.772],[-112.02522,40.77204],[-112.02526,40.77207],[-112.0253,40.7721],[-112.02537,40.77212],[-112.02544,40.77214],[-112.02551,40.77215]]}},{"type":"Feature","properties":{"highway":"motorway_link"},"geometry":{"type":"LineString","coordinates":[[-112.01763,40.77119],[-112.01791,40.77124],[-112.01831,40.77126],[-112.01874,40.77128],[-112.02044,40.77136],[-112.02069,40.77138],[-112.02093,40.7714],[-112.02111,40.77143],[-112.02128,40.77146],[-112.02146,40.77149],[-112.02166,40.77153],[-112.02185,40.77158],[-112.02206,40.77165],[-112.02227,40.77172],[-112.02248,40.77179]]}},{"type":"Feature","properties":{"highway":"motorway_link"},"geometry":{"type":"LineString","coordinates":[[-112.02424,40.77216],[-112.02458,40.77219],[-112.02465,40.77221],[-112.02471,40.77223],[-112.02477,40.77225],[-112.02482,40.77228],[-112.02487,40.77232],[-112.0249,40.77235],[-112.02494,40.7724],[-112.02496,40.77245],[-112.02497,40.77251]]}},{"type":"Feature","properties":{"highway":"primary"},"geometry":{"type":"LineString","coordinates":[[-112.0251,40.77145],[-112.0251,40.77172],[-112.0251,40.77181],[-112.0251,40.77191],[-112.02508,40.77201],[-112.02506,40.77211],[-112.02505,40.77216]]}},{"type":"Feature","properties":{"highway":"primary"},"geometry":{"type":"LineString","coordinates":[[-112.02505,40.77216],[-112.02503,40.77213],[-112.025,40.77205],[-112.02498,40.77197],[-112.02496,40.7719],[-112.02495,40.77183],[-112.02494,40.77176]]}},{"type":"Feature","properties":{"highway":"motorway_link"},"geometry":{"type":"LineString","coordinates":[[-112.02496,40.77039],[-112.02494,40.77033],[-112.02492,40.77028],[-112.02491,40.77022],[-112.0249,40.77017],[-112.0249,40.76952],[-112.0249,40.76948],[-112.02489,40.76945],[-112.02488,40.76941],[-112.02486,40.76936],[-112.02483,40.76932],[-112.0248,40.76929],[-112.02477,40.76926],[-112.02473,40.76923],[-112.02468,40.76921],[-112.02461,40.76918],[-112.02453,40.76916],[-112.02445,40.76914],[-112.02437,40.76914]]}},{"type":"Feature","properties":{"highway":"motorway_link"},"geometry":{"type":"LineString","coordinates":[[-112.02496,40.76739],[-112.02491,40.76752],[-112.0249,40.76763],[-112.0249,40.76837]]}},{"type":"Feature","properties":{"highway":"primary"},"geometry":{"type":"LineString","coordinates":[[-112.02846,40.73837],[-112.02841,40.7386],[-112.02838,40.73882],[-112.02835,40.73905],[-112.02832,40.73934],[-112.0283,40.73963],[-112.02827,40.74003],[-112.02825,40.74022]]}},{"type":"Feature","properties":{"highway":"primary"},"geometry":{"type":"LineString","coordinates":[[-112.00056,40.52241],[-112.00089,40.52241],[-112.00186,40.52243],[-112.00196,40.52243]]}},{"type":"Feature","properties":{"highway":"primary_link"},"geometry":{"type":"LineString","coordinates":[[-112.06275,40.57544],[-112.0624,40.57552],[-112.06215,40.57562],[-112.06211,40.57564],[-112.06206,40.57564],[-112.06202,40.57564],[-112.06197,40.57563],[-112.06193,40.57562],[-112.06189,40.5756],[-112.06185,40.57557],[-112.06183,40.57554],[-112.06181,40.57551],[-112.0618,40.57548],[-112.0618,40.57546],[-112.06176,40.57531]]}},{"type":"Feature","properties":{"highway":"primary_link"},"geometry":{"type":"LineString","coordinates":[[-112.06066,40.5733],[-112.06077,40.5733],[-112.06092,40.5733],[-112.06106,40.57331],[-112.0612,40.57332]]}},{"type":"Feature","properties":{"highway":"primary_link"},"geometry":{"type":"LineString","coordinates":[[-112.0612,40.57332],[-112.06131,40.57332],[-112.06141,40.57332],[-112.06183,40.57333],[-112.06186,40.57334],[-112.0619,40.57335],[-112.06193,40.57336],[-112.06197,40.57339],[-112.062,40.57341],[-112.06203,40.57344],[-112.06205,40.57348],[-112.06208,40.57357]]}},{"type":"Feature","properties":{"highway":"primary"},"geometry":{"type":"LineString","coordinates":[[-112.06208,40.57357],[-112.06211,40.57343],[-112.06215,40.57321]]}},{"type":"Feature","properties":{"highway":"primary"},"geometry":{"type":"LineString","coordinates":[[-112.06164,40.57595],[-112.06168,40.57572],[-112.06173,40.57545],[-112.06176,40.57531]]}},{"type":"Feature","properties":{"highway":"primary"},"geometry":{"type":"LineString","coordinates":[[-112.0251,40.76837],[-112.02512,40.7667]]}},{"type":"Feature","properties":{"highway":"primary"},"geometry":{"type":"LineString","coordinates":[[-112.09188,40.71193],[-112.09188,40.71134],[-112.09188,40.71132],[-112.09188,40.71122]]}},{"type":"Feature","properties":{"highway":"primary"},"geometry":{"type":"LineString","coordinates":[[-112.09185,40.71726],[-112.09186,40.71721],[-112.09186,40.71696],[-112.09186,40.71339],[-112.09188,40.71193]]}},{"type":"Feature","properties":{"highway":"primary"},"geometry":{"type":"LineString","coordinates":[[-112.09178,40.71049],[-112.09178,40.71061],[-112.09177,40.71085],[-112.09176,40.71109],[-112.09176,40.71113],[-112.09175,40.71122]]}},{"type":"Feature","properties":{"highway":"primary"},"geometry":{"type":"LineString","coordinates":[[-112.09184,40.70966],[-112.09178,40.70984],[-112.09178,40.71049]]}},{"type":"Feature","properties":{"highway":"primary"},"geometry":{"type":"LineString","coordinates":[[-112.0248,40.69658],[-112.02498,40.69658],[-112.02516,40.69658],[-112.02519,40.69658],[-112.02554,40.69658],[-112.02596,40.69658],[-112.02614,40.69658],[-112.02674,40.69658],[-112.02696,40.69658],[-112.02726,40.69658]]}},{"type":"Feature","properties":{"highway":"primary"},"geometry":{"type":"LineString","coordinates":[[-112.02837,40.69643],[-112.0282,40.69643],[-112.0273,40.69643],[-112.02675,40.6964],[-112.0263,40.6964]]}},{"type":"Feature","properties":{"highway":"trunk"},"geometry":{"type":"LineString","coordinates":[[-112.02838,40.69658],[-112.02838,40.69673],[-112.02838,40.69693],[-112.0284,40.69789],[-112.02845,40.69867],[-112.02847,40.69897],[-112.0285,40.69925],[-112.02856,40.69956],[-112.02868,40.70084],[-112.0287,40.70107],[-112.02872,40.70162],[-112.02873,40.70202],[-112.02874,40.70243],[-112.02874,40.7041],[-112.02876,40.70435]]}},{"type":"Feature","properties":{"highway":"primary"},"geometry":{"type":"LineString","coordinates":[[-112.02879,40.69658],[-112.02897,40.69658]]}},{"type":"Feature","properties":{"highway":"primary"},"geometry":{"type":"LineString","coordinates":[[-112.0263,40.6964],[-112.0257,40.6964],[-112.0252,40.6964],[-112.02514,40.6964],[-112.02498,40.6964],[-112.02479,40.6964]]}},{"type":"Feature","properties":{"highway":"motorway"},"geometry":{"type":"LineString","coordinates":[[-111.99151,41.03287],[-111.99178,41.03307],[-111.99201,41.03325],[-111.99223,41.03344],[-111.99245,41.03363],[-111.99266,41.03382],[-111.99426,41.03531],[-111.99914,41.03984],[-111.99966,41.04031],[-112.00324,41.04364],[-112.00345,41.04383],[-112.00366,41.04403],[-112.00388,41.04421],[-112.00411,41.0444],[-112.00437,41.04459],[-112.00463,41.04479],[-112.0049,41.04497],[-112.00525,41.04521],[-112.00561,41.04544],[-112.00595,41.04565],[-112.0063,41.04585],[-112.00665,41.04603],[-112.00699,41.04621],[-112.00717,41.0463],[-112.00735,41.04638],[-112.00767,41.04653],[-112.01015,41.04765]]}},{"type":"Feature","properties":{"highway":"motorway"},"geometry":{"type":"LineString","coordinates":[[-112.02343,41.05305],[-112.02294,41.0529],[-112.02245,41.05274],[-112.02201,41.05259],[-112.02157,41.05243],[-112.02113,41.05227],[-112.02069,41.0521],[-112.02021,41.05191],[-112.01973,41.05171],[-112.01935,41.05154],[-112.01896,41.05137],[-112.01501,41.04959],[-112.00759,41.04625],[-112.00725,41.04608],[-112.00692,41.04591],[-112.00659,41.04574],[-112.00626,41.04555],[-112.00594,41.04536],[-112.00563,41.04517],[-112.00536,41.045],[-112.0051,41.04482],[-112.00485,41.04464],[-112.0046,41.04445],[-112.00435,41.04426],[-112.00411,41.04407],[-112.00387,41.04387],[-112.00367,41.0437],[-112.00348,41.04352],[-111.99988,41.04017],[-111.99938,41.03971],[-111.998,41.03843]]}},{"type":"Feature","properties":{"highway":"motorway"},"geometry":{"type":"LineString","coordinates":[[-112.04153,41.06004],[-112.04213,41.0604]]}},{"type":"Feature","properties":{"highway":"motorway"},"geometry":{"type":"LineString","coordinates":[[-112.05079,41.06362],[-112.05355,41.06438],[-112.05409,41.06453],[-112.05461,41.06469],[-112.05503,41.06483],[-112.05514,41.06486],[-112.0557,41.06504],[-112.05626,41.06524],[-112.05681,41.06544],[-112.05751,41.0657],[-112.0582,41.06596],[-112.05896,41.06626],[-112.05971,41.06657]]}},{"type":"Feature","properties":{"highway":"motorway"},"geometry":{"type":"LineString","coordinates":[[-112.0426,41.0604],[-112.04204,41.06004]]}},{"type":"Feature","properties":{"highway":"motorway"},"geometry":{"type":"LineString","coordinates":[[-112.06431,41.0682],[-112.0606,41.06669],[-112.05966,41.0663],[-112.05839,41.06578],[-112.05802,41.06563],[-112.05765,41.06548],[-112.05728,41.06534],[-112.0569,41.06521],[-112.05652,41.06508],[-112.05614,41.06495],[-112.05529,41.06467],[-112.05504,41.0646],[-112.05459,41.06445],[-112.05443,41.0644],[-112.05357,41.06414],[-112.04705,41.06236],[-112.04664,41.06224],[-112.04624,41.06212],[-112.04584,41.06198],[-112.04549,41.06186],[-112.04515,41.06172],[-112.04481,41.06158],[-112.04464,41.06151],[-112.04447,41.06143],[-112.04423,41.06132],[-112.044,41.0612],[-112.04377,41.06108],[-112.04352,41.06096],[-112.04326,41.06081],[-112.04301,41.06067],[-112.04277,41.06051],[-112.0426,41.0604]]}},{"type":"Feature","properties":{"highway":"motorway"},"geometry":{"type":"LineString","coordinates":[[-112.06503,41.0685],[-112.06431,41.0682]]}},{"type":"Feature","properties":{"highway":"motorway"},"geometry":{"type":"LineString","coordinates":[[-112.0688,41.07091],[-112.0684,41.07052],[-112.06819,41.07033],[-112.06797,41.07015],[-112.06775,41.06999],[-112.06752,41.06982],[-112.06729,41.06965],[-112.06703,41.06949],[-112.06678,41.06933],[-112.06651,41.06918],[-112.06614,41.06899],[-112.06595,41.06889],[-112.06576,41.0688],[-112.06553,41.0687],[-112.0653,41.06861],[-112.06503,41.0685]]}},{"type":"Feature","properties":{"highway":"motorway"},"geometry":{"type":"LineString","coordinates":[[-112.06431,41.06843],[-112.06502,41.06873]]}},{"type":"Feature","properties":{"highway":"motorway"},"geometry":{"type":"LineString","coordinates":[[-112.06502,41.06873],[-112.06513,41.06877],[-112.06542,41.06889],[-112.0657,41.06902],[-112.06596,41.06914],[-112.06621,41.06927],[-112.06645,41.0694],[-112.06669,41.06954],[-112.06691,41.06968],[-112.06713,41.06982],[-112.06734,41.06997],[-112.06754,41.07012],[-112.06774,41.07027],[-112.06796,41.07044],[-112.06816,41.07062],[-112.06837,41.07081],[-112.06875,41.0712],[-112.06893,41.07141],[-112.06911,41.07162],[-112.06928,41.07184],[-112.06945,41.07208],[-112.0696,41.07232],[-112.06975,41.07256],[-112.06983,41.07269],[-112.06989,41.07281],[-112.07,41.07304],[-112.0701,41.07325],[-112.07019,41.07349],[-112.07028,41.07371],[-112.07035,41.07392],[-112.07041,41.07415],[-112.07047,41.07436],[-112.0705,41.07451]]}},{"type":"Feature","properties":{"highway":"motorway"},"geometry":{"type":"LineString","coordinates":[[-112.0836,41.09488],[-112.08412,41.09557]]}},{"type":"Feature","properties":{"highway":"motorway"},"geometry":{"type":"LineString","coordinates":[[-112.08041,41.08957],[-112.0814,41.09135],[-112.08212,41.09263],[-112.08236,41.09302],[-112.08263,41.09345],[-112.08273,41.09361],[-112.08296,41.09395],[-112.08319,41.09428],[-112.0836,41.09488]]}},{"type":"Feature","properties":{"highway":"motorway_link"},"geometry":{"type":"LineString","coordinates":[[-112.01878,41.05199],[-112.01888,41.05203],[-112.01916,41.05216],[-112.01939,41.05226],[-112.01956,41.05233],[-112.01977,41.0524],[-112.01996,41.05245],[-112.02015,41.05249],[-112.02087,41.05266],[-112.02151,41.05281],[-112.02214,41.05297],[-112.02342,41.05329]]}},{"type":"Feature","properties":{"highway":"motorway_link"},"geometry":{"type":"LineString","coordinates":[[-112.02343,41.05305],[-112.02315,41.05294],[-112.02287,41.05282],[-112.02259,41.05269],[-112.02236,41.05258],[-112.02214,41.05246],[-112.02192,41.05234],[-112.02166,41.05219],[-112.0214,41.05203],[-112.02051,41.05146],[-112.02033,41.05136],[-112.02015,41.05126],[-112.01999,41.05118],[-112.01982,41.05111],[-112.01966,41.05104],[-112.01964,41.05103],[-112.01954,41.051]]}},{"type":"Feature","properties":{"highway":"motorway_link"},"geometry":{"type":"LineString","coordinates":[[-112.05971,41.06657],[-112.05988,41.06667],[-112.06005,41.06677],[-112.06022,41.06686],[-112.06039,41.06695],[-112.06059,41.06705],[-112.0608,41.06715],[-112.06098,41.06725],[-112.06116,41.06734],[-112.06133,41.06744],[-112.06155,41.06758],[-112.06176,41.06772],[-112.06287,41.06849],[-112.06298,41.06857],[-112.06311,41.06865],[-112.06324,41.06872],[-112.06338,41.06879],[-112.06352,41.06885],[-112.06367,41.06891],[-112.06382,41.06896],[-112.06397,41.069],[-112.06468,41.06914]]}},{"type":"Feature","properties":{"highway":"motorway_link"},"geometry":{"type":"LineString","coordinates":[[-112.06468,41.06914],[-112.06484,41.06917],[-112.065,41.0692],[-112.06516,41.06923],[-112.06534,41.06928],[-112.06551,41.06932],[-112.06567,41.06938],[-112.06588,41.06946],[-112.06608,41.06955],[-112.06699,41.06997],[-112.06719,41.07007],[-112.06739,41.07018],[-112.06756,41.07029],[-112.06774,41.07039],[-112.06796,41.07055],[-112.06826,41.0708],[-112.06854,41.07106],[-112.06875,41.0712]]}},{"type":"Feature","properties":{"highway":"motorway_link"},"geometry":{"type":"LineString","coordinates":[[-112.06469,41.06777],[-112.06422,41.06768],[-112.06401,41.06764],[-112.06381,41.06758],[-112.06361,41.06752],[-112.06342,41.06746],[-112.06113,41.06675],[-112.06063,41.06659],[-112.06014,41.06645],[-112.05966,41.0663]]}},{"type":"Feature","properties":{"highway":"motorway_link"},"geometry":{"type":"LineString","coordinates":[[-112.0688,41.07091],[-112.06853,41.07057],[-112.06804,41.07006],[-112.06677,41.06874],[-112.06668,41.06865],[-112.06658,41.06857],[-112.06648,41.06848],[-112.06638,41.0684],[-112.06627,41.06833],[-112.06615,41.06826],[-112.06603,41.06819],[-112.06589,41.06811],[-112.06574,41.06804],[-112.06558,41.06798],[-112.06543,41.06793],[-112.06527,41.06789],[-112.06512,41.06785],[-112.06469,41.06777]]}},{"type":"Feature","properties":{"highway":"motorway"},"geometry":{"type":"LineString","coordinates":[[-112.0705,41.07451],[-112.07057,41.07488]]}},{"type":"Feature","properties":{"highway":"motorway"},"geometry":{"type":"LineString","coordinates":[[-112.07312,41.08013],[-112.07326,41.08027],[-112.07486,41.08184],[-112.07576,41.08273],[-112.07604,41.083],[-112.07629,41.08327],[-112.07655,41.08355],[-112.07682,41.08385],[-112.07707,41.08416],[-112.07732,41.08447],[-112.07761,41.08484],[-112.07775,41.08503]]}},{"type":"Feature","properties":{"highway":"motorway"},"geometry":{"type":"LineString","coordinates":[[-112.07085,41.07488],[-112.07077,41.07451]]}},{"type":"Feature","properties":{"highway":"motorway"},"geometry":{"type":"LineString","coordinates":[[-112.08036,41.08896],[-112.07943,41.0873],[-112.07889,41.08629],[-112.0787,41.08597],[-112.07844,41.08558],[-112.07805,41.08499],[-112.07781,41.08466],[-112.07768,41.0845],[-112.07755,41.08434],[-112.07732,41.08406],[-112.07709,41.08378],[-112.07685,41.08351],[-112.07661,41.08325],[-112.076,41.08262],[-112.07482,41.08147],[-112.07305,41.07972],[-112.07287,41.07954],[-112.0727,41.07935],[-112.07253,41.07916],[-112.07238,41.07897],[-112.07223,41.07878],[-112.07209,41.07858],[-112.07197,41.07838],[-112.07183,41.07815],[-112.07171,41.07792],[-112.0716,41.07769],[-112.0715,41.07748],[-112.07142,41.07726],[-112.07134,41.07704],[-112.07128,41.07683],[-112.07122,41.07662],[-112.07117,41.07641],[-112.07085,41.07488]]}},{"type":"Feature","properties":{"highway":"motorway_link"},"geometry":{"type":"LineString","coordinates":[[-112.08126,41.08921],[-112.08096,41.08912],[-112.0809,41.0891],[-112.08087,41.08909],[-112.08083,41.08906],[-112.08079,41.08903],[-112.08077,41.08899],[-112.08071,41.0889],[-112.08061,41.08875]]}},{"type":"Feature","properties":{"highway":"motorway_link"},"geometry":{"type":"LineString","coordinates":[[-112.08054,41.0892],[-112.08057,41.08916],[-112.08061,41.08911],[-112.08063,41.08908],[-112.08065,41.08902],[-112.08066,41.08896],[-112.08066,41.08891],[-112.08065,41.08887],[-112.08061,41.08875]]}},{"type":"Feature","properties":{"highway":"motorway_link"},"geometry":{"type":"LineString","coordinates":[[-112.0802,41.08985],[-112.08037,41.09007],[-112.08054,41.09029],[-112.08106,41.09108],[-112.08216,41.09279],[-112.08224,41.09293],[-112.08233,41.09306],[-112.08244,41.09322],[-112.08263,41.09345]]}},{"type":"Feature","properties":{"highway":"motorway_link"},"geometry":{"type":"LineString","coordinates":[[-112.07775,41.08503],[-112.07785,41.08527],[-112.07805,41.08561],[-112.07827,41.08601],[-112.07837,41.0862],[-112.07847,41.08638],[-112.07858,41.08659],[-112.07869,41.08679],[-112.0788,41.08699],[-112.07893,41.08722],[-112.07905,41.08746],[-112.07918,41.08775],[-112.07928,41.08801]]}},{"type":"Feature","properties":{"highway":"motorway"},"geometry":{"type":"LineString","coordinates":[[-112.08005,41.08893],[-112.08041,41.08957]]}},{"type":"Feature","properties":{"highway":"motorway"},"geometry":{"type":"LineString","coordinates":[[-112.08072,41.08961],[-112.08036,41.08896]]}},{"type":"Feature","properties":{"highway":"motorway_link"},"geometry":{"type":"LineString","coordinates":[[-112.08291,41.0934],[-112.08279,41.09311],[-112.08264,41.09279],[-112.08243,41.09237],[-112.08225,41.09197],[-112.08207,41.09157],[-112.08184,41.09102],[-112.0816,41.09048],[-112.08144,41.09008]]}},{"type":"Feature","properties":{"highway":"motorway_link"},"geometry":{"type":"LineString","coordinates":[[-112.08061,41.08875],[-112.08043,41.08845],[-112.08024,41.08811],[-112.08005,41.0878],[-112.07986,41.0875],[-112.07966,41.0872],[-112.07944,41.08688],[-112.07923,41.08657],[-112.079,41.08627],[-112.07877,41.08595],[-112.07826,41.08523],[-112.07805,41.08499]]}},{"type":"Feature","properties":{"highway":"motorway_link"},"geometry":{"type":"LineString","coordinates":[[-112.08144,41.09008],[-112.08136,41.08974],[-112.08135,41.08965],[-112.08135,41.08957],[-112.08135,41.08946],[-112.08135,41.08944],[-112.08135,41.08934]]}},{"type":"Feature","properties":{"highway":"motorway"},"geometry":{"type":"LineString","coordinates":[[-112.08419,41.09525],[-112.08369,41.09455]]}},{"type":"Feature","properties":{"highway":"motorway"},"geometry":{"type":"LineString","coordinates":[[-112.08291,41.0934],[-112.08251,41.09278],[-112.08222,41.09228],[-112.08192,41.09175],[-112.08163,41.09123],[-112.08133,41.0907],[-112.08072,41.08961]]}},{"type":"Feature","properties":{"highway":"motorway"},"geometry":{"type":"LineString","coordinates":[[-112.08896,41.10045],[-112.0887,41.10021],[-112.0882,41.09975],[-112.08784,41.09939],[-112.08748,41.09904],[-112.08713,41.09869],[-112.08676,41.0983],[-112.08639,41.09791],[-112.08603,41.09751],[-112.08568,41.09711],[-112.08533,41.0967],[-112.08483,41.09608],[-112.0845,41.09566],[-112.08419,41.09525]]}},{"type":"Feature","properties":{"highway":"motorway"},"geometry":{"type":"LineString","coordinates":[[-112.08412,41.09557],[-112.08479,41.09643],[-112.08514,41.09685],[-112.08549,41.09726],[-112.08585,41.09767],[-112.08628,41.09815],[-112.08673,41.09862],[-112.08708,41.09898],[-112.08744,41.09933],[-112.08776,41.09966],[-112.0881,41.09998],[-112.08845,41.1003],[-112.08887,41.10068],[-112.0893,41.10106],[-112.09017,41.1018],[-112.09047,41.10206],[-112.09075,41.1023],[-112.09103,41.10255],[-112.09136,41.10283],[-112.09172,41.10309]]}},{"type":"Feature","properties":{"highway":"primary"},"geometry":{"type":"LineString","coordinates":[[-112.09222,41.10352],[-112.09172,41.10309]]}},{"type":"Feature","properties":{"highway":"primary"},"geometry":{"type":"LineString","coordinates":[[-112.09267,41.10391],[-112.09222,41.10352]]}},{"type":"Feature","properties":{"highway":"primary"},"geometry":{"type":"LineString","coordinates":[[-112.09369,41.10481],[-112.09388,41.105],[-112.09406,41.10519],[-112.09424,41.10538],[-112.09429,41.10544],[-112.09441,41.10558],[-112.09454,41.10575],[-112.09467,41.10593],[-112.0948,41.1061],[-112.09494,41.10632],[-112.09503,41.10646]]}},{"type":"Feature","properties":{"highway":"primary"},"geometry":{"type":"LineString","coordinates":[[-112.0646,41.11057],[-112.06473,41.1106],[-112.06482,41.11061],[-112.0649,41.11062],[-112.06492,41.11062],[-112.06655,41.11063],[-112.06723,41.11065],[-112.06765,41.11067],[-112.06806,41.11069],[-112.06852,41.11071],[-112.06897,41.11073],[-112.06951,41.11075],[-112.07006,41.11076],[-112.07051,41.11077],[-112.07096,41.11077],[-112.08356,41.11078],[-112.08361,41.11078],[-112.08379,41.11078]]}},{"type":"Feature","properties":{"highway":"primary"},"geometry":{"type":"LineString","coordinates":[[-112.08379,41.11062],[-112.08361,41.11062],[-112.07036,41.1106],[-112.0699,41.1106],[-112.06944,41.11059],[-112.06884,41.11057],[-112.06824,41.11054],[-112.06763,41.11052],[-112.06702,41.1105],[-112.0649,41.11048],[-112.06489,41.11049],[-112.06482,41.1105],[-112.06473,41.11051],[-112.0646,41.11057]]}},{"type":"Feature","properties":{"highway":"primary"},"geometry":{"type":"LineString","coordinates":[[-112.02808,40.60931],[-112.02788,40.60933],[-112.02781,40.60935],[-112.02774,40.60936],[-112.02767,40.60937],[-112.02761,40.60938],[-112.02733,40.60939],[-112.02712,40.6094]]}},{"type":"Feature","properties":{"highway":"primary"},"geometry":{"type":"LineString","coordinates":[[-112.00635,40.69658],[-112.00688,40.69658],[-112.00699,40.69658],[-112.00711,40.69658],[-112.00796,40.69658],[-112.00882,40.69658],[-112.00949,40.69658],[-112.01037,40.69657],[-112.01091,40.69658],[-112.0119,40.69658],[-112.0123,40.69657],[-112.01247,40.69657],[-112.01336,40.69657],[-112.01445,40.69657],[-112.0152,40.69657],[-112.0153,40.69657]]}},{"type":"Feature","properties":{"highway":"primary_link"},"geometry":{"type":"LineString","coordinates":[[-112.01731,40.69676],[-112.01732,40.69674],[-112.01734,40.69672],[-112.01736,40.6967],[-112.01738,40.69668],[-112.01741,40.69666],[-112.01745,40.69665],[-112.0179,40.69657]]}},{"type":"Feature","properties":{"highway":"primary"},"geometry":{"type":"LineString","coordinates":[[-112.0235,40.69658],[-112.02363,40.69658],[-112.02391,40.69658],[-112.02457,40.69658],[-112.02462,40.69658],[-112.0248,40.69658]]}},{"type":"Feature","properties":{"highway":"primary"},"geometry":{"type":"LineString","coordinates":[[-112.02479,40.6964],[-112.02461,40.6964],[-112.02379,40.6964],[-112.02351,40.69641],[-112.02338,40.69641],[-112.02324,40.69641],[-112.0231,40.69642],[-112.02306,40.69643],[-112.02296,40.69643],[-112.02293,40.69644],[-112.0227,40.69646],[-112.02254,40.69647],[-112.0224,40.69648],[-112.02232,40.69649]]}},{"type":"Feature","properties":{"highway":"primary"},"geometry":{"type":"LineString","coordinates":[[-112.02127,40.69657],[-112.02161,40.69657]]}},{"type":"Feature","properties":{"highway":"trunk_link"},"geometry":{"type":"LineString","coordinates":[[-112.02674,40.69658],[-112.0268,40.6966],[-112.02686,40.69663],[-112.02693,40.69664],[-112.02699,40.69664],[-112.02726,40.69664]]}},{"type":"Feature","properties":{"highway":"trunk_link"},"geometry":{"type":"LineString","coordinates":[[-112.02836,40.69493],[-112.02833,40.695],[-112.02831,40.69508],[-112.0283,40.69514],[-112.02829,40.6952],[-112.0283,40.69624],[-112.0283,40.69626],[-112.02829,40.69628],[-112.02828,40.69633],[-112.02826,40.69636],[-112.02823,40.6964],[-112.0282,40.69643]]}},{"type":"Feature","properties":{"highway":"trunk_link"},"geometry":{"type":"LineString","coordinates":[[-112.02726,40.69664],[-112.02805,40.69664],[-112.0281,40.69664],[-112.02816,40.69666],[-112.02821,40.69668],[-112.02825,40.6967],[-112.02828,40.69673],[-112.0283,40.69676],[-112.02831,40.69678],[-112.02832,40.69681],[-112.02833,40.69755],[-112.02833,40.69764],[-112.02835,40.69773],[-112.02837,40.69781],[-112.0284,40.69789]]}},{"type":"Feature","properties":{"highway":"trunk"},"geometry":{"type":"LineString","coordinates":[[-112.02837,40.69643],[-112.02838,40.69658]]}},{"type":"Feature","properties":{"highway":"primary"},"geometry":{"type":"LineString","coordinates":[[-112.02838,40.69658],[-112.02879,40.69658]]}},{"type":"Feature","properties":{"highway":"primary"},"geometry":{"type":"LineString","coordinates":[[-112.02726,40.69658],[-112.0282,40.69658],[-112.02838,40.69658]]}},{"type":"Feature","properties":{"highway":"primary"},"geometry":{"type":"LineString","coordinates":[[-112.02898,40.69643],[-112.02884,40.69643]]}},{"type":"Feature","properties":{"highway":"primary"},"geometry":{"type":"LineString","coordinates":[[-112.02942,40.69643],[-112.02898,40.69643]]}},{"type":"Feature","properties":{"highway":"primary"},"geometry":{"type":"LineString","coordinates":[[-112.03046,40.69643],[-112.02955,40.69643],[-112.02942,40.69643]]}},{"type":"Feature","properties":{"highway":"primary"},"geometry":{"type":"LineString","coordinates":[[-112.02884,40.69643],[-112.02859,40.69643]]}},{"type":"Feature","properties":{"highway":"primary"},"geometry":{"type":"LineString","coordinates":[[-112.02942,40.69658],[-112.02965,40.69658]]}},{"type":"Feature","properties":{"highway":"primary"},"geometry":{"type":"LineString","coordinates":[[-112.02919,40.69658],[-112.02942,40.69658]]}},{"type":"Feature","properties":{"highway":"trunk"},"geometry":{"type":"LineString","coordinates":[[-112.02942,40.69658],[-112.02942,40.69643]]}},{"type":"Feature","properties":{"highway":"trunk"},"geometry":{"type":"LineString","coordinates":[[-112.02929,40.70434],[-112.02929,40.70403],[-112.02929,40.70379],[-112.0293,40.7009],[-112.02934,40.70043],[-112.02937,40.69995],[-112.02941,40.69956],[-112.02943,40.69937],[-112.02944,40.69918],[-112.02946,40.69896],[-112.02947,40.69874],[-112.02947,40.6984],[-112.02945,40.69808],[-112.02942,40.69674],[-112.02942,40.69671],[-112.02942,40.69658]]}},{"type":"Feature","properties":{"highway":"trunk_link"},"geometry":{"type":"LineString","coordinates":[[-112.0289,40.69654],[-112.02879,40.69658]]}},{"type":"Feature","properties":{"highway":"trunk_link"},"geometry":{"type":"LineString","coordinates":[[-112.02899,40.69651],[-112.0289,40.69654]]}},{"type":"Feature","properties":{"highway":"trunk_link"},"geometry":{"type":"LineString","coordinates":[[-112.02942,40.69643],[-112.02932,40.69644],[-112.02923,40.69645],[-112.02911,40.69647],[-112.02899,40.69651]]}},{"type":"Feature","properties":{"highway":"trunk_link"},"geometry":{"type":"LineString","coordinates":[[-112.02899,40.69651],[-112.02903,40.69653],[-112.02908,40.69655],[-112.02913,40.69656],[-112.02919,40.69658]]}},{"type":"Feature","properties":{"highway":"trunk_link"},"geometry":{"type":"LineString","coordinates":[[-112.0289,40.69646],[-112.02899,40.69651]]}},{"type":"Feature","properties":{"highway":"trunk_link"},"geometry":{"type":"LineString","coordinates":[[-112.02884,40.69643],[-112.0289,40.69646]]}},{"type":"Feature","properties":{"highway":"trunk_link"},"geometry":{"type":"LineString","coordinates":[[-112.0289,40.69646],[-112.02898,40.69643]]}},{"type":"Feature","properties":{"highway":"trunk_link"},"geometry":{"type":"LineString","coordinates":[[-112.02881,40.69649],[-112.0289,40.69646]]}},{"type":"Feature","properties":{"highway":"trunk_link"},"geometry":{"type":"LineString","coordinates":[[-112.02838,40.69658],[-112.02851,40.69656],[-112.02864,40.69654],[-112.02876,40.69651],[-112.02881,40.69649]]}},{"type":"Feature","properties":{"highway":"trunk_link"},"geometry":{"type":"LineString","coordinates":[[-112.02881,40.69649],[-112.02877,40.69647],[-112.02871,40.69645],[-112.02865,40.69644],[-112.02859,40.69643]]}},{"type":"Feature","properties":{"highway":"trunk_link"},"geometry":{"type":"LineString","coordinates":[[-112.0289,40.69654],[-112.02881,40.69649]]}},{"type":"Feature","properties":{"highway":"trunk_link"},"geometry":{"type":"LineString","coordinates":[[-112.02897,40.69658],[-112.0289,40.69654]]}},{"type":"Feature","properties":{"highway":"trunk_link"},"geometry":{"type":"LineString","coordinates":[[-112.02918,40.69634],[-112.02923,40.69631],[-112.02928,40.69627],[-112.02928,40.69626],[-112.02932,40.69623],[-112.02936,40.69618],[-112.02939,40.69613],[-112.02941,40.69607]]}},{"type":"Feature","properties":{"highway":"trunk_link"},"geometry":{"type":"LineString","coordinates":[[-112.02835,40.69517],[-112.02839,40.69524],[-112.02841,40.6953],[-112.02842,40.69535],[-112.02843,40.6954],[-112.02843,40.69595],[-112.02844,40.696],[-112.02845,40.69604],[-112.02846,40.69609],[-112.02848,40.69613],[-112.02851,40.69617],[-112.02854,40.69621],[-112.02857,40.69624],[-112.02859,40.69626],[-112.02864,40.69631],[-112.0287,40.69635],[-112.02877,40.69639],[-112.02884,40.69643]]}},{"type":"Feature","properties":{"highway":"trunk_link"},"geometry":{"type":"LineString","coordinates":[[-112.02879,40.69658],[-112.02873,40.6966],[-112.02867,40.69663],[-112.02861,40.69667],[-112.02854,40.69672],[-112.02853,40.69673],[-112.0285,40.69675],[-112.02847,40.69678],[-112.02844,40.69683],[-112.02841,40.69688],[-112.02838,40.69693]]}},{"type":"Feature","properties":{"highway":"trunk_link"},"geometry":{"type":"LineString","coordinates":[[-112.02945,40.69808],[-112.02941,40.69801],[-112.02938,40.69794],[-112.02936,40.69787],[-112.02936,40.6978],[-112.02934,40.697],[-112.02933,40.69694],[-112.0293,40.69688],[-112.02928,40.69683],[-112.02925,40.69679],[-112.02921,40.69675],[-112.02918,40.69672],[-112.02917,40.6967],[-112.02913,40.69667],[-112.02908,40.69664],[-112.02897,40.69658]]}},{"type":"Feature","properties":{"highway":"trunk_link"},"geometry":{"type":"LineString","coordinates":[[-112.02947,40.6984],[-112.02948,40.69829],[-112.0295,40.69818],[-112.02951,40.69811],[-112.02951,40.69804],[-112.02949,40.69681],[-112.0295,40.69676],[-112.0295,40.69674],[-112.02951,40.69672],[-112.02952,40.69671],[-112.02953,40.69668],[-112.02957,40.69664],[-112.0296,40.6966],[-112.02965,40.69658]]}},{"type":"Feature","properties":{"highway":"trunk_link"},"geometry":{"type":"LineString","coordinates":[[-112.02963,40.69635],[-112.02959,40.69634],[-112.02956,40.69631],[-112.02953,40.69629],[-112.02951,40.69627],[-112.02949,40.69623],[-112.02948,40.6962],[-112.02948,40.69617],[-112.02947,40.69563],[-112.02945,40.69549],[-112.02943,40.69532],[-112.0294,40.69515]]}},{"type":"Feature","properties":{"highway":"primary"},"geometry":{"type":"LineString","coordinates":[[-112.03247,40.69655],[-112.03181,40.69655]]}},{"type":"Feature","properties":{"highway":"primary"},"geometry":{"type":"LineString","coordinates":[[-112.03181,40.69655],[-112.0317,40.69648],[-112.03156,40.69647],[-112.03144,40.69646],[-112.03134,40.69645],[-112.03123,40.69645],[-112.03113,40.69644],[-112.03104,40.69644],[-112.03052,40.69643],[-112.03046,40.69643]]}},{"type":"Feature","properties":{"highway":"primary"},"geometry":{"type":"LineString","coordinates":[[-112.0344,40.69654],[-112.03434,40.69654],[-112.03375,40.69654],[-112.03349,40.69654],[-112.03247,40.69655]]}},{"type":"Feature","properties":{"highway":"primary"},"geometry":{"type":"LineString","coordinates":[[-112.02965,40.69658],[-112.03027,40.69658],[-112.03127,40.69658],[-112.03158,40.69658],[-112.03171,40.69658],[-112.03181,40.69655]]}},{"type":"Feature","properties":{"highway":"primary"},"geometry":{"type":"LineString","coordinates":[[-112.043,40.69654],[-112.04125,40.69654],[-112.03997,40.69654],[-112.03952,40.69654],[-112.0387,40.69654],[-112.0386,40.69654],[-112.03824,40.69654],[-112.03636,40.69654],[-112.03601,40.69654]]}},{"type":"Feature","properties":{"highway":"primary"},"geometry":{"type":"LineString","coordinates":[[-112.08165,40.69649],[-112.08123,40.69649],[-112.08032,40.69649],[-112.07732,40.69648],[-112.07703,40.69648],[-112.0759,40.69648],[-112.07574,40.69648]]}},{"type":"Feature","properties":{"highway":"primary"},"geometry":{"type":"LineString","coordinates":[[-112.08299,40.69646],[-112.08241,40.69646],[-112.08228,40.6965]]}},{"type":"Feature","properties":{"highway":"motorway"},"geometry":{"type":"LineString","coordinates":[[-112.00862,40.77056],[-112.00919,40.77065],[-112.01054,40.77084],[-112.01124,40.77092],[-112.01182,40.77099],[-112.01277,40.77107],[-112.01369,40.77113],[-112.01445,40.77117],[-112.01594,40.77121],[-112.01763,40.77119]]}},{"type":"Feature","properties":{"highway":"primary"},"geometry":{"type":"LineString","coordinates":[[-112.09175,40.69651],[-112.09175,40.69663],[-112.09175,40.69675]]}},{"type":"Feature","properties":{"highway":"primary"},"geometry":{"type":"LineString","coordinates":[[-112.06462,41.1123],[-112.06458,41.11288],[-112.06459,41.11347]]}},{"type":"Feature","properties":{"highway":"primary"},"geometry":{"type":"LineString","coordinates":[[-112.06462,41.1123],[-112.06469,41.11222],[-112.06469,41.11183],[-112.06468,41.11131],[-112.06468,41.11116],[-112.06468,41.11113],[-112.06468,41.11098],[-112.06468,41.11096],[-112.06468,41.11076],[-112.06467,41.11075],[-112.06467,41.11072],[-112.06466,41.11066],[-112.0646,41.11057]]}},{"type":"Feature","properties":{"highway":"primary"},"geometry":{"type":"LineString","coordinates":[[-112.09113,40.69651],[-112.09157,40.69651],[-112.09162,40.69651],[-112.09175,40.69651]]}},{"type":"Feature","properties":{"highway":"motorway"},"geometry":{"type":"LineString","coordinates":[[-112.01943,41.1204],[-112.02048,41.12119],[-112.02182,41.12214],[-112.02232,41.12251],[-112.02274,41.12285],[-112.02327,41.12337]]}},{"type":"Feature","properties":{"highway":"motorway"},"geometry":{"type":"LineString","coordinates":[[-112.02521,41.26429],[-112.02603,41.2672],[-112.0261,41.26771],[-112.02615,41.26823]]}},{"type":"Feature","properties":{"highway":"motorway"},"geometry":{"type":"LineString","coordinates":[[-112.02517,41.26413],[-112.02521,41.26429]]}},{"type":"Feature","properties":{"highway":"primary"},"geometry":{"type":"LineString","coordinates":[[-112.48888,40.60651],[-112.4885,40.60613],[-112.48719,40.60483],[-112.48677,40.60442],[-112.48656,40.60422],[-112.48608,40.60374],[-112.48568,40.60335],[-112.48456,40.60224],[-112.48363,40.60132],[-112.48332,40.60109],[-112.48303,40.60089],[-112.48274,40.60072],[-112.48266,40.60068],[-112.48229,40.60049],[-112.48209,40.60041],[-112.48172,40.60029],[-112.48135,40.60018],[-112.48093,40.60009],[-112.48049,40.60002]]}},{"type":"Feature","properties":{"highway":"primary"},"geometry":{"type":"LineString","coordinates":[[-112.50266,40.62011],[-112.502,40.61945]]}},{"type":"Feature","properties":{"highway":"motorway_link"},"geometry":{"type":"LineString","coordinates":[[-112.01084,41.22795],[-112.01071,41.22821]]}},{"type":"Feature","properties":{"highway":"motorway"},"geometry":{"type":"LineString","coordinates":[[-112.21708,40.72652],[-112.21227,40.72842],[-112.20791,40.73021],[-112.20335,40.73248],[-112.20156,40.7334],[-112.19804,40.73517],[-112.19253,40.73812],[-112.1884,40.74085]]}},{"type":"Feature","properties":{"highway":"primary"},"geometry":{"type":"LineString","coordinates":[[-112.03085,40.60939],[-112.0303,40.60939],[-112.02949,40.6094]]}},{"type":"Feature","properties":{"highway":"primary"},"geometry":{"type":"LineString","coordinates":[[-112.09175,40.69651],[-112.09189,40.69648]]}},{"type":"Feature","properties":{"highway":"primary"},"geometry":{"type":"LineString","coordinates":[[-112.04531,41.08911],[-112.04516,41.08911],[-112.04462,41.08911],[-112.04445,41.08911],[-112.04411,41.08911],[-112.04383,41.08917]]}},{"type":"Feature","properties":{"highway":"primary"},"geometry":{"type":"LineString","coordinates":[[-112.04542,41.08922],[-112.0455,41.08922],[-112.04611,41.08919],[-112.04664,41.08916]]}},{"type":"Feature","properties":{"highway":"motorway"},"geometry":{"type":"LineString","coordinates":[[-112.01078,41.11063],[-112.00865,41.10826],[-112.00793,41.10747]]}},{"type":"Feature","properties":{"highway":"motorway"},"geometry":{"type":"LineString","coordinates":[[-111.99973,41.09909],[-112.00169,41.10121],[-112.00364,41.10331]]}},{"type":"Feature","properties":{"highway":"motorway"},"geometry":{"type":"LineString","coordinates":[[-112.02124,41.16725],[-112.0217,41.16602],[-112.02187,41.16556]]}},{"type":"Feature","properties":{"highway":"trunk"},"geometry":{"type":"LineString","coordinates":[[-112.03838,40.3653],[-112.03858,40.36522],[-112.04005,40.36464]]}},{"type":"Feature","properties":{"highway":"motorway"},"geometry":{"type":"LineString","coordinates":[[-111.98015,40.72597],[-111.981,40.72594],[-111.98292,40.72591],[-111.9861,40.7259],[-111.98919,40.7259],[-111.99349,40.7259],[-112.00554,40.72593],[-112.01202,40.72592]]}},{"type":"Feature","properties":{"highway":"motorway"},"geometry":{"type":"LineString","coordinates":[[-112.01202,40.72592],[-112.01731,40.72591]]}},{"type":"Feature","properties":{"highway":"motorway_link"},"geometry":{"type":"LineString","coordinates":[[-112.02289,40.72656],[-112.02326,40.72666],[-112.02352,40.72672],[-112.02365,40.72676],[-112.02375,40.72678],[-112.02392,40.72681],[-112.02422,40.72684],[-112.02462,40.72689],[-112.02471,40.72689],[-112.02491,40.7269]]}},{"type":"Feature","properties":{"highway":"primary"},"geometry":{"type":"LineString","coordinates":[[-112.06445,41.15982],[-112.06445,41.16016],[-112.06445,41.16056],[-112.06445,41.16106],[-112.06445,41.16145],[-112.06445,41.16158]]}},{"type":"Feature","properties":{"highway":"trunk"},"geometry":{"type":"LineString","coordinates":[[-112.09687,40.7182],[-112.10025,40.71823],[-112.1032,40.7182],[-112.10726,40.71819],[-112.11004,40.71817]]}},{"type":"Feature","properties":{"highway":"primary"},"geometry":{"type":"LineString","coordinates":[[-112.02907,40.32004],[-112.02907,40.31992],[-112.02909,40.31877]]}},{"type":"Feature","properties":{"highway":"primary"},"geometry":{"type":"LineString","coordinates":[[-112.03472,40.65308],[-112.03374,40.65308],[-112.03142,40.65307]]}},{"type":"Feature","properties":{"highway":"primary"},"geometry":{"type":"LineString","coordinates":[[-112.00012,40.65276],[-111.99946,40.65276],[-111.99741,40.65276],[-111.99712,40.65276],[-111.99689,40.65276],[-111.99657,40.65276],[-111.99644,40.65276]]}},{"type":"Feature","properties":{"highway":"primary"},"geometry":{"type":"LineString","coordinates":[[-112.00046,40.50779],[-112.00027,40.50779],[-111.99932,40.50779],[-111.99898,40.50779],[-111.99889,40.50779],[-111.99862,40.50779]]}},{"type":"Feature","properties":{"highway":"primary"},"geometry":{"type":"LineString","coordinates":[[-111.99862,40.50797],[-111.99886,40.50797],[-112.00062,40.50798],[-112.00126,40.50799],[-112.00238,40.50802]]}},{"type":"Feature","properties":{"highway":"primary"},"geometry":{"type":"LineString","coordinates":[[-112.02336,40.53695],[-112.02299,40.53694],[-112.02292,40.53694],[-112.02274,40.53694]]}},{"type":"Feature","properties":{"highway":"primary"},"geometry":{"type":"LineString","coordinates":[[-112.02985,40.74022],[-112.02984,40.74004],[-112.02983,40.7397],[-112.02983,40.73955],[-112.02981,40.73918]]}},{"type":"Feature","properties":{"highway":"trunk"},"geometry":{"type":"LineString","coordinates":[[-112.03138,40.68364],[-112.0314,40.68344],[-112.03141,40.6831]]}},{"type":"Feature","properties":{"highway":"trunk"},"geometry":{"type":"LineString","coordinates":[[-112.04471,40.65459],[-112.0449,40.65374],[-112.04497,40.65336],[-112.04501,40.65317]]}},{"type":"Feature","properties":{"highway":"trunk"},"geometry":{"type":"LineString","coordinates":[[-112.04635,40.63967],[-112.04639,40.63874],[-112.0464,40.63866]]}},{"type":"Feature","properties":{"highway":"trunk"},"geometry":{"type":"LineString","coordinates":[[-112.03582,40.60995],[-112.03566,40.60959],[-112.03565,40.60957],[-112.03559,40.60944]]}},{"type":"Feature","properties":{"highway":"trunk"},"geometry":{"type":"LineString","coordinates":[[-112.02899,40.725],[-112.02899,40.72536]]}},{"type":"Feature","properties":{"highway":"trunk"},"geometry":{"type":"LineString","coordinates":[[-112.02896,40.72435],[-112.02899,40.725]]}},{"type":"Feature","properties":{"highway":"motorway"},"geometry":{"type":"LineString","coordinates":[[-112.06133,40.71878],[-112.06204,40.71881],[-112.06245,40.71882],[-112.06272,40.71882],[-112.06302,40.71882],[-112.06319,40.71882]]}},{"type":"Feature","properties":{"highway":"primary"},"geometry":{"type":"LineString","coordinates":[[-112.07147,40.64982],[-112.07109,40.64947],[-112.0707,40.64912],[-112.0701,40.64856],[-112.06936,40.64789],[-112.06857,40.64717],[-112.06764,40.64632],[-112.06701,40.64574],[-112.06646,40.64524],[-112.06591,40.64474],[-112.06487,40.64381],[-112.06423,40.64323],[-112.06414,40.64315],[-112.06239,40.64154],[-112.06065,40.63992]]}},{"type":"Feature","properties":{"highway":"primary"},"geometry":{"type":"LineString","coordinates":[[-112.05987,40.6392],[-112.05907,40.63847],[-112.05857,40.63801]]}},{"type":"Feature","properties":{"highway":"primary"},"geometry":{"type":"LineString","coordinates":[[-112.05857,40.63801],[-112.05769,40.6372]]}},{"type":"Feature","properties":{"highway":"primary"},"geometry":{"type":"LineString","coordinates":[[-112.05344,40.62106],[-112.05347,40.62092],[-112.05378,40.61894],[-112.05388,40.61837],[-112.05397,40.61787]]}},{"type":"Feature","properties":{"highway":"primary"},"geometry":{"type":"LineString","coordinates":[[-112.05557,40.6094],[-112.0556,40.60925],[-112.05573,40.60851]]}},{"type":"Feature","properties":{"highway":"trunk"},"geometry":{"type":"LineString","coordinates":[[-112.04462,40.63776],[-112.0446,40.63837],[-112.0446,40.63852]]}},{"type":"Feature","properties":{"highway":"trunk"},"geometry":{"type":"LineString","coordinates":[[-112.04467,40.63695],[-112.04464,40.6373],[-112.04462,40.63776]]}},{"type":"Feature","properties":{"highway":"trunk"},"geometry":{"type":"LineString","coordinates":[[-112.0446,40.63852],[-112.04459,40.63867]]}},{"type":"Feature","properties":{"highway":"motorway"},"geometry":{"type":"LineString","coordinates":[[-111.99765,41.21078],[-111.99944,41.21307],[-112.00026,41.21413],[-112.00057,41.21455]]}},{"type":"Feature","properties":{"highway":"trunk_link"},"geometry":{"type":"LineString","coordinates":[[-112.0632,40.71953],[-112.06322,40.71943],[-112.06323,40.71932],[-112.06324,40.71922],[-112.06324,40.71917],[-112.06326,40.71911],[-112.06328,40.71906],[-112.0633,40.71902],[-112.06333,40.71898],[-112.06336,40.71895],[-112.0634,40.71893],[-112.06344,40.7189],[-112.06349,40.71888],[-112.06354,40.71887],[-112.06359,40.71886],[-112.06364,40.71886],[-112.06378,40.71886],[-112.06391,40.71885],[-112.06407,40.71884],[-112.06422,40.71882]]}},{"type":"Feature","properties":{"highway":"primary"},"geometry":{"type":"LineString","coordinates":[[-112.06319,40.71439],[-112.06319,40.71432],[-112.0632,40.71385],[-112.0632,40.71369]]}},{"type":"Feature","properties":{"highway":"primary"},"geometry":{"type":"LineString","coordinates":[[-112.06319,40.71577],[-112.06318,40.71537],[-112.06319,40.71439]]}},{"type":"Feature","properties":{"highway":"primary"},"geometry":{"type":"LineString","coordinates":[[-112.0632,40.71682],[-112.06321,40.71631],[-112.06321,40.71626],[-112.0632,40.71591],[-112.06319,40.71577]]}},{"type":"Feature","properties":{"highway":"primary"},"geometry":{"type":"LineString","coordinates":[[-112.06319,40.71856],[-112.06319,40.71828]]}},{"type":"Feature","properties":{"highway":"trunk"},"geometry":{"type":"LineString","coordinates":[[-112.08401,40.71836],[-112.08443,40.71833],[-112.08486,40.7183],[-112.08529,40.71826]]}},{"type":"Feature","properties":{"highway":"trunk"},"geometry":{"type":"LineString","coordinates":[[-112.08839,40.7174],[-112.08792,40.71747],[-112.08654,40.71768],[-112.08426,40.71803],[-112.08383,40.71809],[-112.08357,40.71813],[-112.08332,40.71816],[-112.08305,40.71818],[-112.08278,40.7182],[-112.08249,40.71821],[-112.08227,40.71822]]}},{"type":"Feature","properties":{"highway":"trunk"},"geometry":{"type":"LineString","coordinates":[[-112.2202,40.72216],[-112.22039,40.72212],[-112.22068,40.72208],[-112.22112,40.72203],[-112.22138,40.72201],[-112.22144,40.72201]]}},{"type":"Feature","properties":{"highway":"trunk"},"geometry":{"type":"LineString","coordinates":[[-112.22214,40.72195],[-112.22184,40.72194],[-112.22153,40.72194],[-112.22114,40.72196],[-112.22062,40.72201],[-112.22014,40.72208]]}},{"type":"Feature","properties":{"highway":"motorway"},"geometry":{"type":"LineString","coordinates":[[-112.22527,40.72323],[-112.22305,40.72414],[-112.22143,40.72477],[-112.22096,40.72498],[-112.22065,40.72512]]}},{"type":"Feature","properties":{"highway":"motorway"},"geometry":{"type":"LineString","coordinates":[[-112.2213,40.72503],[-112.2229,40.72439],[-112.22413,40.72389],[-112.22541,40.72337]]}},{"type":"Feature","properties":{"highway":"motorway"},"geometry":{"type":"LineString","coordinates":[[-112.21815,40.72632],[-112.22017,40.72552]]}},{"type":"Feature","properties":{"highway":"motorway"},"geometry":{"type":"LineString","coordinates":[[-112.21955,40.72555],[-112.21708,40.72652]]}},{"type":"Feature","properties":{"highway":"motorway"},"geometry":{"type":"LineString","coordinates":[[-112.00399,41.10369],[-112.0047,41.10446]]}},{"type":"Feature","properties":{"highway":"motorway"},"geometry":{"type":"LineString","coordinates":[[-112.00504,41.10442],[-112.0044,41.10373]]}},{"type":"Feature","properties":{"highway":"motorway"},"geometry":{"type":"LineString","coordinates":[[-112.00434,41.19246],[-112.00469,41.1921],[-112.00602,41.19072]]}},{"type":"Feature","properties":{"highway":"motorway"},"geometry":{"type":"LineString","coordinates":[[-112.00804,41.18808],[-112.00777,41.18838],[-112.00763,41.18853],[-112.00657,41.18973],[-112.00578,41.19059]]}},{"type":"Feature","properties":{"highway":"motorway"},"geometry":{"type":"LineString","coordinates":[[-112.04138,41.35144],[-112.04084,41.34965],[-112.03943,41.34531],[-112.03915,41.34441],[-112.03911,41.34429]]}},{"type":"Feature","properties":{"highway":"motorway"},"geometry":{"type":"LineString","coordinates":[[-112.03763,41.34189],[-112.03779,41.34211],[-112.03794,41.34234],[-112.03804,41.34249],[-112.03809,41.34259],[-112.03821,41.3428],[-112.03831,41.34299],[-112.0384,41.34319],[-112.03849,41.3434],[-112.03867,41.3439],[-112.03945,41.34636],[-112.03971,41.34729],[-112.04055,41.3498],[-112.04106,41.35146]]}},{"type":"Feature","properties":{"highway":"motorway_link"},"geometry":{"type":"LineString","coordinates":[[-112.00342,41.21896],[-112.00374,41.21932],[-112.00437,41.21977],[-112.00453,41.21988]]}},{"type":"Feature","properties":{"highway":"motorway_link"},"geometry":{"type":"LineString","coordinates":[[-112.00312,41.21845],[-112.00339,41.21893],[-112.00342,41.21896]]}},{"type":"Feature","properties":{"highway":"motorway"},"geometry":{"type":"LineString","coordinates":[[-112.00994,41.22238],[-112.01036,41.22283],[-112.0107,41.22328],[-112.01098,41.22371],[-112.01125,41.22432]]}},{"type":"Feature","properties":{"highway":"primary"},"geometry":{"type":"LineString","coordinates":[[-112.02496,40.76739],[-112.02497,40.76837]]}},{"type":"Feature","properties":{"highway":"primary"},"geometry":{"type":"LineString","coordinates":[[-112.02506,40.76214],[-112.02507,40.76317]]}},{"type":"Feature","properties":{"highway":"primary"},"geometry":{"type":"LineString","coordinates":[[-112.02514,40.76586],[-112.02514,40.76562],[-112.02507,40.76528]]}},{"type":"Feature","properties":{"highway":"primary_link"},"geometry":{"type":"LineString","coordinates":[[-112.02371,40.7473],[-112.02384,40.74732],[-112.02397,40.74734],[-112.02406,40.74735],[-112.02416,40.74735],[-112.02454,40.74735],[-112.02459,40.74736],[-112.02464,40.74737],[-112.02469,40.74738],[-112.02474,40.7474],[-112.02474,40.74741],[-112.02478,40.74743],[-112.02481,40.74746],[-112.02484,40.7475],[-112.02486,40.74753],[-112.02487,40.74757],[-112.02488,40.74762],[-112.0249,40.74768],[-112.02493,40.74774],[-112.02497,40.7478],[-112.02502,40.74785],[-112.02507,40.7479]]}},{"type":"Feature","properties":{"highway":"primary"},"geometry":{"type":"LineString","coordinates":[[-112.02512,40.7667],[-112.02514,40.76586]]}},{"type":"Feature","properties":{"highway":"primary_link"},"geometry":{"type":"LineString","coordinates":[[-112.02461,40.76404],[-112.0247,40.76405],[-112.02479,40.76408],[-112.02487,40.76411],[-112.02495,40.76416],[-112.02502,40.76421],[-112.02507,40.76426]]}},{"type":"Feature","properties":{"highway":"primary_link"},"geometry":{"type":"LineString","coordinates":[[-112.02507,40.76383],[-112.02503,40.76388],[-112.02498,40.76392],[-112.02492,40.76395],[-112.02486,40.76398],[-112.02478,40.76401],[-112.0247,40.76403],[-112.02461,40.76404]]}},{"type":"Feature","properties":{"highway":"primary"},"geometry":{"type":"LineString","coordinates":[[-112.02507,40.76426],[-112.02507,40.76528]]}},{"type":"Feature","properties":{"highway":"primary"},"geometry":{"type":"LineString","coordinates":[[-112.02507,40.76317],[-112.02507,40.76383]]}},{"type":"Feature","properties":{"highway":"primary"},"geometry":{"type":"LineString","coordinates":[[-112.02507,40.76383],[-112.02507,40.76426]]}},{"type":"Feature","properties":{"highway":"primary"},"geometry":{"type":"LineString","coordinates":[[-112.02544,40.75211],[-112.02544,40.7524],[-112.02543,40.75269],[-112.02541,40.75297],[-112.02539,40.75324]]}},{"type":"Feature","properties":{"highway":"primary"},"geometry":{"type":"LineString","coordinates":[[-112.02505,40.75968],[-112.02506,40.76198],[-112.02506,40.76214]]}},{"type":"Feature","properties":{"highway":"primary"},"geometry":{"type":"LineString","coordinates":[[-112.02504,40.75804],[-112.02505,40.75968]]}},{"type":"Feature","properties":{"highway":"primary"},"geometry":{"type":"LineString","coordinates":[[-112.02521,40.75462],[-112.02516,40.75494],[-112.02512,40.75526],[-112.02509,40.75558],[-112.02508,40.75575],[-112.02507,40.7559]]}},{"type":"Feature","properties":{"highway":"primary"},"geometry":{"type":"LineString","coordinates":[[-112.02507,40.7479],[-112.02512,40.7482],[-112.02517,40.7485],[-112.02525,40.74898]]}},{"type":"Feature","properties":{"highway":"primary"},"geometry":{"type":"LineString","coordinates":[[-112.025,40.74729],[-112.02505,40.7477],[-112.02507,40.7479]]}},{"type":"Feature","properties":{"highway":"motorway_link"},"geometry":{"type":"LineString","coordinates":[[-112.02564,40.76917],[-112.02541,40.76916],[-112.02535,40.76915],[-112.0253,40.76914],[-112.02525,40.76911],[-112.02521,40.76909],[-112.02518,40.76906],[-112.02515,40.76902],[-112.02513,40.769],[-112.02512,40.76897],[-112.02511,40.76893],[-112.0251,40.76889]]}},{"type":"Feature","properties":{"highway":"motorway"},"geometry":{"type":"LineString","coordinates":[[-112.07495,40.77083],[-112.07481,40.77083],[-112.07129,40.77085]]}},{"type":"Feature","properties":{"highway":"motorway"},"geometry":{"type":"LineString","coordinates":[[-112.01998,41.25477],[-112.01919,41.25392],[-112.01885,41.25347],[-112.0183,41.25268],[-112.01787,41.25184],[-112.01767,41.25138],[-112.01747,41.25079],[-112.01736,41.25027]]}},{"type":"Feature","properties":{"highway":"motorway"},"geometry":{"type":"LineString","coordinates":[[-112.02641,41.26823],[-112.02634,41.26747],[-112.02624,41.267],[-112.02504,41.26281],[-112.02501,41.26272],[-112.02491,41.26237]]}},{"type":"Feature","properties":{"highway":"primary"},"geometry":{"type":"LineString","coordinates":[[-112.02161,40.69657],[-112.02176,40.69661],[-112.0221,40.69659],[-112.02254,40.69658],[-112.02293,40.69658]]}},{"type":"Feature","properties":{"highway":"primary"},"geometry":{"type":"LineString","coordinates":[[-112.00365,40.5078],[-112.0016,40.5078],[-112.00046,40.50779]]}},{"type":"Feature","properties":{"highway":"trunk"},"geometry":{"type":"LineString","coordinates":[[-112.00381,40.50781],[-112.0038,40.50803]]}},{"type":"Feature","properties":{"highway":"trunk"},"geometry":{"type":"LineString","coordinates":[[-112.00516,40.50907],[-112.00517,40.50859],[-112.00518,40.50814],[-112.00518,40.50803]]}},{"type":"Feature","properties":{"highway":"trunk"},"geometry":{"type":"LineString","coordinates":[[-112.0038,40.50672],[-112.00381,40.50723],[-112.00382,40.50769],[-112.00382,40.50771],[-112.00381,40.50781]]}},{"type":"Feature","properties":{"highway":"primary"},"geometry":{"type":"LineString","coordinates":[[-112.02472,40.55386],[-112.02423,40.55414],[-112.02409,40.55422]]}},{"type":"Feature","properties":{"highway":"primary"},"geometry":{"type":"LineString","coordinates":[[-112.02206,40.55537],[-112.02166,40.5556],[-112.02163,40.55561],[-112.02152,40.55567]]}},{"type":"Feature","properties":{"highway":"trunk"},"geometry":{"type":"LineString","coordinates":[[-112.03036,40.55174],[-112.03011,40.55133],[-112.03008,40.55128],[-112.03001,40.55119],[-112.02994,40.55109]]}},{"type":"Feature","properties":{"highway":"trunk"},"geometry":{"type":"LineString","coordinates":[[-112.0324,40.56095],[-112.03236,40.56057],[-112.03232,40.55995],[-112.03227,40.55916],[-112.03221,40.55838],[-112.03212,40.55715],[-112.03207,40.55652],[-112.03198,40.55591],[-112.03188,40.5554],[-112.0318,40.55503],[-112.0316,40.55436],[-112.03135,40.55365],[-112.03106,40.55299],[-112.03082,40.55251],[-112.03054,40.55203],[-112.03036,40.55174]]}},{"type":"Feature","properties":{"highway":"trunk"},"geometry":{"type":"LineString","coordinates":[[-112.02876,40.55167],[-112.02883,40.55175],[-112.02889,40.55184]]}},{"type":"Feature","properties":{"highway":"trunk"},"geometry":{"type":"LineString","coordinates":[[-112.02792,40.55049],[-112.02818,40.55081],[-112.0287,40.55158],[-112.02876,40.55167]]}},{"type":"Feature","properties":{"highway":"trunk"},"geometry":{"type":"LineString","coordinates":[[-112.01695,40.53938],[-112.01703,40.53946],[-112.01791,40.54031],[-112.02126,40.54383],[-112.02253,40.54505],[-112.02261,40.54512],[-112.02267,40.54519],[-112.02277,40.54529],[-112.02333,40.54586],[-112.02397,40.54649],[-112.02452,40.54705],[-112.02469,40.54721],[-112.02591,40.54842],[-112.02605,40.54857],[-112.02758,40.5501],[-112.02792,40.55049]]}},{"type":"Feature","properties":{"highway":"primary"},"geometry":{"type":"LineString","coordinates":[[-112.02784,40.55234],[-112.02871,40.55191],[-112.02875,40.5519],[-112.02889,40.55184]]}},{"type":"Feature","properties":{"highway":"primary"},"geometry":{"type":"LineString","coordinates":[[-112.02635,41.13986],[-112.02626,41.13986],[-112.02607,41.13986]]}},{"type":"Feature","properties":{"highway":"primary"},"geometry":{"type":"LineString","coordinates":[[-112.02647,41.13986],[-112.02635,41.13986]]}},{"type":"Feature","properties":{"highway":"primary"},"geometry":{"type":"LineString","coordinates":[[-112.02698,40.6095],[-112.02724,40.6095],[-112.02735,40.6095]]}},{"type":"Feature","properties":{"highway":"primary"},"geometry":{"type":"LineString","coordinates":[[-111.99729,40.60952],[-111.99745,40.60952],[-111.99792,40.60951],[-111.99914,40.60951],[-111.99982,40.60951],[-112.00107,40.60951],[-112.00277,40.60953],[-112.00408,40.60951],[-112.00436,40.60952]]}},{"type":"Feature","properties":{"highway":"primary"},"geometry":{"type":"LineString","coordinates":[[-112.00277,40.60942],[-112.00105,40.60941],[-111.99981,40.60941],[-111.99802,40.60941]]}},{"type":"Feature","properties":{"highway":"primary"},"geometry":{"type":"LineString","coordinates":[[-112.00369,40.60942],[-112.00277,40.60942]]}},{"type":"Feature","properties":{"highway":"primary"},"geometry":{"type":"LineString","coordinates":[[-112.00436,40.60952],[-112.00454,40.60952]]}},{"type":"Feature","properties":{"highway":"primary"},"geometry":{"type":"LineString","coordinates":[[-112.00454,40.60952],[-112.00511,40.60953],[-112.00518,40.60951],[-112.00536,40.60946]]}},{"type":"Feature","properties":{"highway":"primary"},"geometry":{"type":"LineString","coordinates":[[-112.0153,40.69657],[-112.01544,40.69657],[-112.01632,40.69657],[-112.01731,40.69657],[-112.0179,40.69657],[-112.0184,40.69657],[-112.0184,40.69657],[-112.01847,40.69657],[-112.01848,40.69657],[-112.01994,40.69657],[-112.02022,40.69657],[-112.0203,40.69657],[-112.02086,40.69657],[-112.02127,40.69657]]}},{"type":"Feature","properties":{"highway":"primary"},"geometry":{"type":"LineString","coordinates":[[-112.05682,40.65316],[-112.05531,40.65316],[-112.05389,40.65316],[-112.05358,40.65316],[-112.05247,40.65316],[-112.05125,40.65315],[-112.05038,40.65313]]}},{"type":"Feature","properties":{"highway":"primary"},"geometry":{"type":"LineString","coordinates":[[-112.01789,40.53859],[-112.01771,40.53869],[-112.01696,40.53912],[-112.01679,40.53921]]}},{"type":"Feature","properties":{"highway":"primary"},"geometry":{"type":"LineString","coordinates":[[-112.01273,40.54147],[-112.01261,40.54153],[-112.01237,40.54166],[-112.01234,40.54168],[-112.01226,40.54173]]}},{"type":"Feature","properties":{"highway":"primary"},"geometry":{"type":"LineString","coordinates":[[-112.01337,40.54112],[-112.01306,40.54129]]}},{"type":"Feature","properties":{"highway":"motorway_link"},"geometry":{"type":"LineString","coordinates":[[-112.00991,41.1748],[-112.00996,41.17477],[-112.01,41.17473],[-112.01004,41.1747],[-112.01008,41.17467],[-112.01012,41.17463],[-112.01016,41.17459]]}},{"type":"Feature","properties":{"highway":"motorway_link"},"geometry":{"type":"LineString","coordinates":[[-112.00991,41.1748],[-112.00994,41.1748],[-112.00999,41.1748],[-112.01005,41.17479],[-112.01007,41.17479]]}},{"type":"Feature","properties":{"highway":"primary"},"geometry":{"type":"LineString","coordinates":[[-112.00969,41.17493],[-112.00974,41.17491]]}},{"type":"Feature","properties":{"highway":"primary"},"geometry":{"type":"LineString","coordinates":[[-112.00974,41.17491],[-112.00992,41.17485]]}},{"type":"Feature","properties":{"highway":"motorway_link"},"geometry":{"type":"LineString","coordinates":[[-112.00995,41.17489],[-112.00991,41.1749],[-112.00986,41.1749],[-112.0098,41.1749]]}},{"type":"Feature","properties":{"highway":"motorway_link"},"geometry":{"type":"LineString","coordinates":[[-112.00995,41.17489],[-112.00994,41.1749],[-112.0099,41.17493],[-112.00986,41.17496],[-112.00983,41.17499],[-112.00979,41.17502],[-112.00975,41.17505],[-112.00972,41.17508],[-112.0097,41.17511]]}},{"type":"Feature","properties":{"highway":"primary"},"geometry":{"type":"LineString","coordinates":[[-112.01007,41.17479],[-112.01026,41.17471]]}},{"type":"Feature","properties":{"highway":"primary"},"geometry":{"type":"LineString","coordinates":[[-112.31336,40.53436],[-112.31411,40.53436],[-112.31422,40.53436]]}},{"type":"Feature","properties":{"highway":"primary"},"geometry":{"type":"LineString","coordinates":[[-112.42598,40.59878],[-112.42599,40.59961]]}},{"type":"Feature","properties":{"highway":"primary"},"geometry":{"type":"LineString","coordinates":[[-112.40877,40.60032],[-112.40718,40.60068],[-112.40692,40.60075],[-112.40579,40.60106]]}},{"type":"Feature","properties":{"highway":"primary"},"geometry":{"type":"LineString","coordinates":[[-112.1427,41.72215],[-112.14268,41.72176],[-112.14266,41.72113],[-112.1426,41.71956],[-112.14252,41.71812],[-112.14248,41.7171],[-112.14245,41.71634],[-112.14239,41.71503],[-112.14228,41.71267]]}},{"type":"Feature","properties":{"highway":"primary"},"geometry":{"type":"LineString","coordinates":[[-112.1427,41.72222],[-112.1427,41.72215]]}},{"type":"Feature","properties":{"highway":"primary"},"geometry":{"type":"LineString","coordinates":[[-112.06453,41.07483],[-112.06457,41.07487],[-112.06459,41.07492],[-112.06461,41.07497],[-112.06462,41.07501]]}},{"type":"Feature","properties":{"highway":"primary"},"geometry":{"type":"LineString","coordinates":[[-112.06462,41.07501],[-112.06464,41.07498],[-112.06467,41.07494],[-112.06469,41.07492],[-112.06472,41.0749]]}},{"type":"Feature","properties":{"highway":"primary"},"geometry":{"type":"LineString","coordinates":[[-112.06481,41.07472],[-112.06471,41.07464],[-112.06466,41.0746],[-112.06453,41.0745],[-112.06449,41.07448],[-112.06446,41.07447],[-112.06442,41.07447],[-112.06438,41.07447],[-112.06434,41.07449],[-112.06431,41.0745],[-112.06428,41.07453],[-112.06427,41.07456],[-112.06426,41.07459],[-112.06427,41.07462],[-112.06429,41.07465],[-112.06432,41.07468],[-112.06442,41.07475],[-112.06453,41.07483],[-112.06459,41.07487],[-112.06462,41.07488],[-112.06465,41.07489],[-112.06469,41.0749],[-112.06472,41.0749],[-112.06476,41.07489],[-112.06479,41.07487],[-112.06481,41.07485],[-112.06483,41.07482],[-112.06484,41.0748],[-112.06484,41.07477],[-112.06483,41.07474],[-112.06481,41.07472]]}},{"type":"Feature","properties":{"highway":"motorway_link"},"geometry":{"type":"LineString","coordinates":[[-112.20798,41.71099],[-112.20797,41.71091],[-112.20798,41.71088],[-112.208,41.71085],[-112.20804,41.71082],[-112.2082,41.71074]]}},{"type":"Feature","properties":{"highway":"motorway_link"},"geometry":{"type":"LineString","coordinates":[[-112.14058,41.6817],[-112.1407,41.68173],[-112.14081,41.68174],[-112.14088,41.68175],[-112.14092,41.68175],[-112.141,41.68175],[-112.14109,41.68175],[-112.14115,41.68175],[-112.14125,41.68175]]}},{"type":"Feature","properties":{"highway":"motorway_link"},"geometry":{"type":"LineString","coordinates":[[-112.05406,41.48613],[-112.05407,41.48599],[-112.05407,41.48598],[-112.05406,41.48596],[-112.05405,41.48594],[-112.05404,41.48593],[-112.05404,41.48592],[-112.05403,41.4859],[-112.05401,41.48588],[-112.054,41.48587],[-112.05399,41.48586],[-112.05398,41.48585],[-112.05396,41.48584],[-112.05394,41.48583],[-112.05393,41.48581],[-112.05391,41.48581],[-112.05389,41.4858],[-112.05387,41.48579],[-112.05384,41.48578],[-112.05381,41.48578],[-112.05377,41.48577],[-112.05364,41.48576]]}},{"type":"Feature","properties":{"highway":"primary"},"geometry":{"type":"LineString","coordinates":[[-112.06474,41.53521],[-112.06464,41.53519]]}},{"type":"Feature","properties":{"highway":"motorway_link"},"geometry":{"type":"LineString","coordinates":[[-112.05402,41.42269],[-112.05336,41.42173]]}},{"type":"Feature","properties":{"highway":"motorway_link"},"geometry":{"type":"LineString","coordinates":[[-112.02662,41.30768],[-112.02666,41.30737],[-112.0267,41.30686],[-112.02671,41.30668]]}},{"type":"Feature","properties":{"highway":"motorway_link"},"geometry":{"type":"LineString","coordinates":[[-112.02462,41.30674],[-112.02491,41.30682],[-112.02499,41.30685],[-112.02504,41.30688],[-112.02508,41.3069],[-112.02512,41.30695],[-112.02519,41.30705],[-112.02521,41.30735],[-112.02524,41.3075]]}},{"type":"Feature","properties":{"highway":"motorway_link"},"geometry":{"type":"LineString","coordinates":[[-112.02683,41.26946],[-112.02699,41.26864],[-112.027,41.26857]]}},{"type":"Feature","properties":{"highway":"motorway_link"},"geometry":{"type":"LineString","coordinates":[[-112.02568,41.26757],[-112.02566,41.26785],[-112.02561,41.26825],[-112.0256,41.26829],[-112.02559,41.26835],[-112.02558,41.26841]]}},{"type":"Feature","properties":{"highway":"motorway_link"},"geometry":{"type":"LineString","coordinates":[[-112.01692,41.24552],[-112.01695,41.24532],[-112.01692,41.24511],[-112.01692,41.24504],[-112.01695,41.24497],[-112.017,41.24491],[-112.01709,41.24486],[-112.01754,41.24471]]}},{"type":"Feature","properties":{"highway":"primary"},"geometry":{"type":"LineString","coordinates":[[-112.0168,41.2447],[-112.01515,41.24468]]}},{"type":"Feature","properties":{"highway":"motorway_link"},"geometry":{"type":"LineString","coordinates":[[-112.01637,41.24333],[-112.0162,41.2429]]}},{"type":"Feature","properties":{"highway":"motorway_link"},"geometry":{"type":"LineString","coordinates":[[-112.0151,41.24423],[-112.01504,41.24436],[-112.01501,41.24442],[-112.01498,41.24445],[-112.01494,41.24448],[-112.0149,41.2445],[-112.01451,41.24467]]}},{"type":"Feature","properties":{"highway":"primary"},"geometry":{"type":"LineString","coordinates":[[-112.01247,41.24465],[-112.01236,41.24465],[-112.0118,41.24465],[-112.01177,41.24465],[-112.01108,41.24465],[-112.01075,41.24465],[-112.01042,41.24465]]}},{"type":"Feature","properties":{"highway":"motorway_link"},"geometry":{"type":"LineString","coordinates":[[-112.0151,41.24423],[-112.01514,41.2445],[-112.01515,41.24468]]}},{"type":"Feature","properties":{"highway":"motorway_link"},"geometry":{"type":"LineString","coordinates":[[-112.01426,41.22914],[-112.01422,41.22898],[-112.01419,41.22876],[-112.01416,41.22863]]}},{"type":"Feature","properties":{"highway":"motorway_link"},"geometry":{"type":"LineString","coordinates":[[-112.01426,41.22914],[-112.01428,41.22894],[-112.01428,41.22888],[-112.01431,41.22883],[-112.01434,41.22879],[-112.01438,41.22876],[-112.01464,41.22864]]}},{"type":"Feature","properties":{"highway":"motorway_link"},"geometry":{"type":"LineString","coordinates":[[-112.01426,41.22954],[-112.01427,41.22935],[-112.01426,41.22914]]}},{"type":"Feature","properties":{"highway":"motorway_link"},"geometry":{"type":"LineString","coordinates":[[-112.01071,41.22821],[-112.01065,41.22844],[-112.01063,41.22858],[-112.01067,41.2289]]}},{"type":"Feature","properties":{"highway":"primary"},"geometry":{"type":"LineString","coordinates":[[-112.35941,40.62245],[-112.36066,40.62104],[-112.36077,40.62094]]}},{"type":"Feature","properties":{"highway":"primary_link"},"geometry":{"type":"LineString","coordinates":[[-112.35837,40.62398],[-112.35871,40.62325],[-112.35877,40.62312],[-112.35884,40.62299],[-112.35888,40.62291],[-112.35893,40.62283],[-112.35903,40.62269],[-112.35904,40.62267],[-112.35905,40.62264],[-112.35905,40.62262],[-112.35905,40.62259]]}},{"type":"Feature","properties":{"highway":"primary_link"},"geometry":{"type":"LineString","coordinates":[[-112.35905,40.62259],[-112.3591,40.62259],[-112.35916,40.62258],[-112.35921,40.62256],[-112.35926,40.62254],[-112.35931,40.62251],[-112.35941,40.62245]]}},{"type":"Feature","properties":{"highway":"primary_link"},"geometry":{"type":"LineString","coordinates":[[-112.35874,40.6224],[-112.35881,40.62248],[-112.35884,40.62252],[-112.35886,40.62257],[-112.35888,40.62262],[-112.35888,40.62267],[-112.35888,40.62272],[-112.35886,40.62277],[-112.35884,40.62281],[-112.3586,40.62316],[-112.35854,40.62325],[-112.35848,40.62334],[-112.35841,40.62347],[-112.35835,40.6236]]}},{"type":"Feature","properties":{"highway":"primary_link"},"geometry":{"type":"LineString","coordinates":[[-112.37003,40.61495],[-112.37137,40.61422],[-112.37138,40.61421],[-112.37139,40.61419],[-112.3714,40.61417],[-112.3714,40.61415]]}},{"type":"Feature","properties":{"highway":"primary_link"},"geometry":{"type":"LineString","coordinates":[[-112.3714,40.61415],[-112.37143,40.61416],[-112.37145,40.61417],[-112.37148,40.61416],[-112.3715,40.61415],[-112.3729,40.61345]]}},{"type":"Feature","properties":{"highway":"primary"},"geometry":{"type":"LineString","coordinates":[[-112.37376,40.61297],[-112.37323,40.61323],[-112.37282,40.61343],[-112.3714,40.61415],[-112.371,40.61436],[-112.37048,40.61462]]}},{"type":"Feature","properties":{"highway":"primary_link"},"geometry":{"type":"LineString","coordinates":[[-112.37105,40.61311],[-112.37102,40.61325],[-112.37101,40.6134],[-112.37101,40.61353],[-112.37101,40.61359],[-112.37102,40.61366],[-112.37104,40.61373],[-112.37106,40.61381],[-112.3711,40.61389],[-112.37114,40.61397],[-112.37115,40.61401],[-112.37116,40.61405],[-112.37116,40.61409],[-112.37115,40.61414],[-112.37113,40.61419],[-112.37112,40.61422],[-112.3711,40.61424],[-112.37108,40.61427],[-112.37105,40.6143],[-112.37101,40.61432],[-112.37081,40.61442],[-112.37065,40.61452],[-112.37048,40.61462]]}},{"type":"Feature","properties":{"highway":"primary"},"geometry":{"type":"LineString","coordinates":[[-112.36194,40.6197],[-112.36167,40.61993],[-112.3614,40.62015],[-112.36114,40.62037],[-112.36089,40.62059],[-112.36064,40.62082],[-112.3604,40.62105],[-112.36018,40.62126],[-112.35997,40.62148],[-112.35969,40.62179],[-112.35955,40.62195],[-112.35942,40.62211],[-112.3593,40.62226],[-112.35919,40.6224],[-112.35905,40.62259]]}},{"type":"Feature","properties":{"highway":"primary"},"geometry":{"type":"LineString","coordinates":[[-112.36408,40.61814],[-112.36381,40.61832],[-112.36355,40.6185],[-112.36331,40.61867],[-112.36308,40.61884],[-112.36281,40.61904],[-112.36254,40.61924],[-112.36224,40.61947],[-112.36194,40.6197]]}},{"type":"Feature","properties":{"highway":"primary"},"geometry":{"type":"LineString","coordinates":[[-112.37048,40.61462],[-112.36882,40.61545]]}},{"type":"Feature","properties":{"highway":"motorway_link"},"geometry":{"type":"LineString","coordinates":[[-112.02262,41.12356],[-112.02266,41.12369],[-112.02268,41.12373],[-112.02268,41.12376],[-112.02268,41.1238],[-112.02268,41.12381],[-112.02268,41.12381],[-112.02267,41.12384],[-112.02266,41.12387],[-112.02265,41.1239],[-112.02253,41.12404]]}},{"type":"Feature","properties":{"highway":"motorway_link"},"geometry":{"type":"LineString","coordinates":[[-112.02262,41.12356],[-112.0228,41.12375],[-112.02282,41.12377],[-112.0229,41.12385]]}},{"type":"Feature","properties":{"highway":"motorway_link"},"geometry":{"type":"LineString","coordinates":[[-112.02236,41.12329],[-112.02262,41.12356]]}},{"type":"Feature","properties":{"highway":"primary"},"geometry":{"type":"LineString","coordinates":[[-112.34203,40.54827],[-112.33968,40.5456],[-112.33904,40.54484],[-112.33739,40.54291],[-112.3369,40.54239],[-112.33665,40.54214],[-112.3364,40.54189],[-112.33616,40.54168],[-112.33592,40.54146],[-112.33567,40.54125],[-112.33539,40.54102],[-112.33511,40.5408],[-112.33482,40.54057],[-112.33182,40.5384],[-112.33035,40.53734],[-112.32861,40.53608]]}},{"type":"Feature","properties":{"highway":"motorway_link"},"geometry":{"type":"LineString","coordinates":[[-112.02483,41.12386],[-112.02464,41.12356]]}},{"type":"Feature","properties":{"highway":"motorway_link"},"geometry":{"type":"LineString","coordinates":[[-112.02248,40.77179],[-112.02269,40.77187],[-112.02293,40.77195],[-112.02306,40.77199],[-112.02319,40.77202],[-112.02335,40.77206],[-112.02353,40.77209],[-112.0237,40.77212],[-112.02388,40.77214],[-112.02406,40.77215],[-112.02424,40.77216]]}},{"type":"Feature","properties":{"highway":"motorway_link"},"geometry":{"type":"LineString","coordinates":[[-112.00124,41.10115],[-112.00126,41.10121],[-112.00128,41.10125],[-112.0013,41.10129],[-112.00133,41.10138],[-112.00136,41.10145],[-112.00138,41.10152],[-112.00141,41.10162],[-112.00144,41.10172],[-112.00147,41.10184],[-112.00148,41.10189],[-112.00149,41.10195],[-112.0015,41.102],[-112.00151,41.10206],[-112.00152,41.10211],[-112.00152,41.10217],[-112.00153,41.10229],[-112.00154,41.1024],[-112.00154,41.10253],[-112.00154,41.10263]]}},{"type":"Feature","properties":{"highway":"motorway"},"geometry":{"type":"LineString","coordinates":[[-112.17802,40.74962],[-112.18269,40.74571],[-112.18329,40.74519],[-112.18715,40.74206],[-112.18828,40.74126],[-112.18859,40.74103],[-112.19273,40.7383],[-112.1982,40.73534],[-112.20169,40.73357],[-112.2035,40.73266],[-112.20805,40.73039],[-112.2124,40.7286],[-112.21815,40.72632]]}},{"type":"Feature","properties":{"highway":"motorway"},"geometry":{"type":"LineString","coordinates":[[-112.17666,40.75075],[-112.17802,40.74962]]}},{"type":"Feature","properties":{"highway":"motorway_link"},"geometry":{"type":"LineString","coordinates":[[-112.01143,41.17555],[-112.01138,41.17536],[-112.01133,41.17525],[-112.01129,41.17516],[-112.01121,41.175],[-112.0111,41.17479],[-112.01106,41.17471],[-112.01105,41.17469],[-112.01105,41.17467],[-112.01106,41.17464],[-112.01106,41.17464],[-112.01107,41.17462],[-112.01109,41.17459],[-112.01111,41.17457],[-112.0114,41.17431]]}},{"type":"Feature","properties":{"highway":"motorway"},"geometry":{"type":"LineString","coordinates":[[-112.23698,40.71659],[-112.23123,40.72003]]}},{"type":"Feature","properties":{"highway":"motorway"},"geometry":{"type":"LineString","coordinates":[[-112.23123,40.72003],[-112.22794,40.72195],[-112.22725,40.72234],[-112.22663,40.72267],[-112.22616,40.72288],[-112.22527,40.72323]]}},{"type":"Feature","properties":{"highway":"trunk"},"geometry":{"type":"LineString","coordinates":[[-112.29822,40.5499],[-112.29823,40.54955]]}},{"type":"Feature","properties":{"highway":"trunk"},"geometry":{"type":"LineString","coordinates":[[-112.29824,40.54939],[-112.29824,40.54916],[-112.29819,40.54904]]}},{"type":"Feature","properties":{"highway":"trunk"},"geometry":{"type":"LineString","coordinates":[[-112.29819,40.54904],[-112.29811,40.54914],[-112.29809,40.5497]]}},{"type":"Feature","properties":{"highway":"trunk"},"geometry":{"type":"LineString","coordinates":[[-112.29808,40.55011],[-112.29807,40.55037],[-112.29806,40.55064]]}},{"type":"Feature","properties":{"highway":"trunk"},"geometry":{"type":"LineString","coordinates":[[-112.29806,40.55064],[-112.29805,40.55094],[-112.29811,40.55107]]}},{"type":"Feature","properties":{"highway":"motorway_link"},"geometry":{"type":"LineString","coordinates":[[-112.06336,40.7699],[-112.06332,40.76989],[-112.06327,40.76988],[-112.06323,40.76986],[-112.0632,40.76984],[-112.06317,40.76982],[-112.06315,40.76979],[-112.06313,40.76976],[-112.0631,40.76962]]}},{"type":"Feature","properties":{"highway":"trunk"},"geometry":{"type":"LineString","coordinates":[[-112.05131,41.48579],[-112.0513,41.48579],[-112.05121,41.48577],[-112.05115,41.48576],[-112.05108,41.48575],[-112.051,41.48575],[-112.05093,41.48574],[-112.05086,41.48574],[-112.05078,41.48574],[-112.05073,41.48574],[-112.05068,41.48574],[-112.05063,41.48574],[-112.05034,41.48576],[-112.04957,41.48586]]}},{"type":"Feature","properties":{"highway":"trunk"},"geometry":{"type":"LineString","coordinates":[[-112.04387,41.48624],[-112.04441,41.48621],[-112.04507,41.48612]]}},{"type":"Feature","properties":{"highway":"trunk"},"geometry":{"type":"LineString","coordinates":[[-112.04507,41.48612],[-112.04437,41.4861],[-112.04393,41.48612]]}},{"type":"Feature","properties":{"highway":"trunk"},"geometry":{"type":"LineString","coordinates":[[-112.0481,41.48594],[-112.04957,41.48586]]}},{"type":"Feature","properties":{"highway":"primary"},"geometry":{"type":"LineString","coordinates":[[-112.03794,40.36467],[-112.03838,40.3653]]}},{"type":"Feature","properties":{"highway":"motorway"},"geometry":{"type":"LineString","coordinates":[[-112.22541,40.72337],[-112.22655,40.7229],[-112.22697,40.72268],[-112.22807,40.7221],[-112.23047,40.72066],[-112.23166,40.72003],[-112.23584,40.71754]]}},{"type":"Feature","properties":{"highway":"trunk_link"},"geometry":{"type":"LineString","coordinates":[[-112.02781,40.58722],[-112.02773,40.58752],[-112.02766,40.5876],[-112.02744,40.58766],[-112.02724,40.58766],[-112.02698,40.58773]]}},{"type":"Feature","properties":{"highway":"primary_link"},"geometry":{"type":"LineString","coordinates":[[-112.06287,40.56601],[-112.06294,40.56602],[-112.063,40.56604],[-112.06306,40.56607],[-112.06311,40.5661],[-112.06316,40.56614],[-112.06327,40.5663]]}},{"type":"Feature","properties":{"highway":"trunk"},"geometry":{"type":"LineString","coordinates":[[-112.02073,40.37257],[-112.02176,40.37215],[-112.02222,40.37196]]}},{"type":"Feature","properties":{"highway":"primary"},"geometry":{"type":"LineString","coordinates":[[-112.02419,40.60938],[-112.02399,40.60938],[-112.02324,40.60939],[-112.02295,40.60939],[-112.02266,40.60939],[-112.02233,40.60939],[-112.02213,40.60939],[-112.02177,40.60939]]}},{"type":"Feature","properties":{"highway":"primary"},"geometry":{"type":"LineString","coordinates":[[-112.02077,40.60945],[-112.02099,40.60951],[-112.02146,40.60951],[-112.02179,40.60951],[-112.02234,40.60951],[-112.02276,40.6095],[-112.02286,40.60951],[-112.02296,40.60951],[-112.02306,40.60952],[-112.02315,40.60952]]}},{"type":"Feature","properties":{"highway":"primary_link"},"geometry":{"type":"LineString","coordinates":[[-112.02295,40.60939],[-112.02275,40.60945],[-112.02249,40.60945],[-112.02245,40.60946],[-112.02241,40.60947],[-112.02237,40.60948],[-112.02234,40.60951]]}},{"type":"Feature","properties":{"highway":"primary_link"},"geometry":{"type":"LineString","coordinates":[[-112.02179,40.60951],[-112.02192,40.60945],[-112.02218,40.60945],[-112.02223,40.60944],[-112.02227,40.60943],[-112.0223,40.60942],[-112.02233,40.60939]]}},{"type":"Feature","properties":{"highway":"primary"},"geometry":{"type":"LineString","coordinates":[[-112.02177,40.60939],[-112.02097,40.60939],[-112.02077,40.60945]]}},{"type":"Feature","properties":{"highway":"primary"},"geometry":{"type":"LineString","coordinates":[[-112.02315,40.60952],[-112.02331,40.60953],[-112.02397,40.60952],[-112.02399,40.60952],[-112.0242,40.60952]]}},{"type":"Feature","properties":{"highway":"trunk"},"geometry":{"type":"LineString","coordinates":[[-112.10922,40.71808],[-112.10706,40.71808],[-112.10562,40.71809],[-112.10319,40.71808],[-112.10053,40.71807],[-112.10003,40.71806],[-112.09961,40.71804],[-112.09926,40.71801],[-112.09889,40.71798],[-112.09844,40.71795],[-112.09759,40.71788],[-112.09702,40.71783],[-112.09659,40.71779],[-112.09631,40.71775],[-112.0959,40.71769],[-112.09546,40.71762],[-112.09503,40.71755],[-112.09419,40.71742]]}},{"type":"Feature","properties":{"highway":"trunk"},"geometry":{"type":"LineString","coordinates":[[-112.11004,40.71817],[-112.11189,40.71817],[-112.11317,40.71818],[-112.11416,40.71817]]}},{"type":"Feature","properties":{"highway":"primary"},"geometry":{"type":"LineString","coordinates":[[-112.36586,40.56622],[-112.36297,40.56495],[-112.35536,40.56158],[-112.35517,40.56149],[-112.35498,40.56141],[-112.35476,40.5613],[-112.35455,40.56119],[-112.35429,40.56105],[-112.35404,40.5609],[-112.3538,40.56074],[-112.35356,40.56058],[-112.35332,40.56041],[-112.3531,40.56023],[-112.35293,40.5601],[-112.35276,40.55997],[-112.35259,40.55983],[-112.35244,40.55969],[-112.35229,40.55955],[-112.35215,40.55941],[-112.35197,40.55922],[-112.35179,40.55904],[-112.3467,40.5536],[-112.34543,40.55224],[-112.34509,40.55186],[-112.34482,40.55155],[-112.34455,40.55124],[-112.34212,40.54842],[-112.34203,40.54827]]}},{"type":"Feature","properties":{"highway":"primary"},"geometry":{"type":"LineString","coordinates":[[-112.36819,40.56725],[-112.36816,40.5672],[-112.36811,40.56716],[-112.36806,40.56713],[-112.36799,40.56709],[-112.36751,40.56689],[-112.36746,40.56686],[-112.36733,40.5668],[-112.36619,40.56631],[-112.36611,40.56628],[-112.36603,40.56625],[-112.36595,40.56623],[-112.36586,40.56622]]}},{"type":"Feature","properties":{"highway":"primary"},"geometry":{"type":"LineString","coordinates":[[-112.36748,40.56696],[-112.36794,40.56716],[-112.368,40.56718],[-112.36806,40.56721],[-112.36813,40.56723],[-112.36819,40.56725]]}},{"type":"Feature","properties":{"highway":"primary"},"geometry":{"type":"LineString","coordinates":[[-112.36586,40.56622],[-112.36594,40.56626],[-112.36601,40.5663],[-112.36608,40.56634],[-112.36616,40.56637],[-112.36695,40.56672]]}},{"type":"Feature","properties":{"highway":"primary"},"geometry":{"type":"LineString","coordinates":[[-112.36695,40.56672],[-112.36748,40.56696]]}},{"type":"Feature","properties":{"highway":"primary_link"},"geometry":{"type":"LineString","coordinates":[[-112.36695,40.56672],[-112.3671,40.56683],[-112.36713,40.56688],[-112.36716,40.56692],[-112.36717,40.56696],[-112.36718,40.567],[-112.36718,40.56704],[-112.36722,40.56791]]}},{"type":"Feature","properties":{"highway":"trunk_link"},"geometry":{"type":"LineString","coordinates":[[-112.11131,40.71809],[-112.11118,40.71804],[-112.11084,40.71804],[-112.11053,40.71804],[-112.11037,40.71803],[-112.11025,40.71798],[-112.11019,40.71795],[-112.11011,40.71788],[-112.11004,40.71776]]}},{"type":"Feature","properties":{"highway":"trunk_link"},"geometry":{"type":"LineString","coordinates":[[-112.08674,40.71814],[-112.08712,40.71812],[-112.08749,40.7181],[-112.0879,40.71809],[-112.0883,40.71808],[-112.08872,40.71808]]}},{"type":"Feature","properties":{"highway":"primary"},"geometry":{"type":"LineString","coordinates":[[-112.09184,40.70738],[-112.09184,40.70746],[-112.09184,40.70773]]}},{"type":"Feature","properties":{"highway":"primary"},"geometry":{"type":"LineString","coordinates":[[-112.09184,40.69881],[-112.09187,40.69814],[-112.09187,40.69803],[-112.09187,40.6977]]}},{"type":"Feature","properties":{"highway":"primary"},"geometry":{"type":"LineString","coordinates":[[-112.09188,40.69694],[-112.09189,40.69664],[-112.09189,40.69661],[-112.09189,40.69648]]}},{"type":"Feature","properties":{"highway":"primary"},"geometry":{"type":"LineString","coordinates":[[-112.08334,40.69651],[-112.08355,40.69651],[-112.08368,40.69648]]}},{"type":"Feature","properties":{"highway":"motorway_link"},"geometry":{"type":"LineString","coordinates":[[-112.05708,41.4424],[-112.05718,41.44185],[-112.05721,41.4417],[-112.05723,41.44156],[-112.05725,41.44142],[-112.05728,41.44128],[-112.0573,41.44114],[-112.05735,41.44077]]}},{"type":"Feature","properties":{"highway":"motorway_link"},"geometry":{"type":"LineString","coordinates":[[-112.05746,41.43913],[-112.05745,41.43903],[-112.05736,41.43821]]}},{"type":"Feature","properties":{"highway":"primary"},"geometry":{"type":"LineString","coordinates":[[-112.0251,40.77069],[-112.0251,40.77086]]}},{"type":"Feature","properties":{"highway":"motorway"},"geometry":{"type":"LineString","coordinates":[[-112.02635,41.27282],[-112.02641,41.26879]]}},{"type":"Feature","properties":{"highway":"motorway"},"geometry":{"type":"LineString","coordinates":[[-112.02627,41.27842],[-112.02635,41.27282]]}},{"type":"Feature","properties":{"highway":"primary"},"geometry":{"type":"LineString","coordinates":[[-112.35921,40.62272],[-112.35941,40.62245]]}},{"type":"Feature","properties":{"highway":"primary"},"geometry":{"type":"LineString","coordinates":[[-112.36077,40.62094],[-112.36101,40.62071],[-112.36119,40.62054],[-112.36171,40.62008]]}},{"type":"Feature","properties":{"highway":"primary"},"geometry":{"type":"LineString","coordinates":[[-112.36171,40.62008],[-112.36196,40.61986],[-112.36223,40.61964],[-112.36244,40.61947],[-112.36265,40.6193],[-112.36289,40.61912],[-112.36306,40.61898]]}},{"type":"Feature","properties":{"highway":"motorway_link"},"geometry":{"type":"LineString","coordinates":[[-112.03882,41.33998],[-112.03868,41.33989],[-112.03855,41.33981],[-112.03844,41.33973],[-112.03839,41.33968],[-112.03828,41.33959],[-112.03823,41.33953],[-112.03817,41.33948],[-112.03809,41.33939],[-112.03804,41.33931],[-112.03799,41.33925],[-112.03789,41.33909],[-112.03783,41.33896],[-112.03777,41.33882],[-112.03765,41.33829]]}},{"type":"Feature","properties":{"highway":"primary"},"geometry":{"type":"LineString","coordinates":[[-112.02524,41.30668],[-112.02513,41.30663],[-112.02508,41.30661],[-112.02375,41.30662],[-112.02362,41.30668]]}},{"type":"Feature","properties":{"highway":"primary"},"geometry":{"type":"LineString","coordinates":[[-112.01451,41.24467],[-112.01337,41.24466]]}},{"type":"Feature","properties":{"highway":"primary"},"geometry":{"type":"LineString","coordinates":[[-112.00798,41.17556],[-112.00856,41.17535]]}},{"type":"Feature","properties":{"highway":"primary"},"geometry":{"type":"LineString","coordinates":[[-112.02593,41.18347],[-112.02593,41.18357],[-112.02593,41.18382],[-112.02592,41.18423]]}},{"type":"Feature","properties":{"highway":"primary"},"geometry":{"type":"LineString","coordinates":[[-112.02583,41.19017],[-112.02583,41.19036],[-112.02584,41.19066],[-112.02584,41.19073]]}},{"type":"Feature","properties":{"highway":"primary"},"geometry":{"type":"LineString","coordinates":[[-112.02603,41.16907],[-112.02603,41.16924],[-112.02603,41.16948],[-112.02603,41.16954],[-112.02603,41.1697],[-112.02603,41.17007],[-112.02603,41.17016],[-112.02603,41.17027],[-112.02602,41.17047],[-112.02602,41.17061],[-112.02602,41.17065],[-112.02602,41.17081],[-112.02602,41.17088],[-112.02602,41.17119],[-112.02602,41.17149],[-112.02602,41.17165],[-112.02601,41.17256],[-112.02601,41.17303],[-112.02601,41.1731],[-112.026,41.17346],[-112.026,41.17358],[-112.026,41.17398],[-112.026,41.1742],[-112.026,41.17451],[-112.026,41.17481],[-112.026,41.17496],[-112.02599,41.17508],[-112.02599,41.17524],[-112.02599,41.17543]]}},{"type":"Feature","properties":{"highway":"primary"},"geometry":{"type":"LineString","coordinates":[[-112.02599,41.17543],[-112.02599,41.17554],[-112.02599,41.17566],[-112.02599,41.17587],[-112.02599,41.17608],[-112.02599,41.17616]]}},{"type":"Feature","properties":{"highway":"primary"},"geometry":{"type":"LineString","coordinates":[[-112.02599,41.17616],[-112.02599,41.1763],[-112.02598,41.17698]]}},{"type":"Feature","properties":{"highway":"primary"},"geometry":{"type":"LineString","coordinates":[[-112.02598,41.17698],[-112.02598,41.17726],[-112.02598,41.17751],[-112.02597,41.17792],[-112.02597,41.17798],[-112.02597,41.17835],[-112.02597,41.17862]]}},{"type":"Feature","properties":{"highway":"primary"},"geometry":{"type":"LineString","coordinates":[[-112.02597,41.17862],[-112.02597,41.17878],[-112.02596,41.17934]]}},{"type":"Feature","properties":{"highway":"primary"},"geometry":{"type":"LineString","coordinates":[[-112.02594,41.18271],[-112.02594,41.18279],[-112.02593,41.183],[-112.02593,41.18307],[-112.02593,41.18315],[-112.02593,41.18339],[-112.02593,41.18347]]}},{"type":"Feature","properties":{"highway":"trunk"},"geometry":{"type":"LineString","coordinates":[[-112.2883,40.64637],[-112.28823,40.64664],[-112.28825,40.6468]]}},{"type":"Feature","properties":{"highway":"trunk"},"geometry":{"type":"LineString","coordinates":[[-112.28825,40.6468],[-112.28827,40.64694]]}},{"type":"Feature","properties":{"highway":"trunk"},"geometry":{"type":"LineString","coordinates":[[-112.2886,40.64825],[-112.28856,40.64791]]}},{"type":"Feature","properties":{"highway":"primary"},"geometry":{"type":"LineString","coordinates":[[-112.01365,40.31999],[-112.01363,40.31895],[-112.01362,40.31787],[-112.0136,40.31618],[-112.01359,40.31606]]}},{"type":"Feature","properties":{"highway":"primary"},"geometry":{"type":"LineString","coordinates":[[-112.00646,40.54535],[-112.00647,40.54528],[-112.00644,40.54521],[-112.0064,40.54515],[-112.00634,40.54509],[-112.00626,40.54505],[-112.00617,40.54503]]}},{"type":"Feature","properties":{"highway":"primary"},"geometry":{"type":"LineString","coordinates":[[-112.00595,40.54559],[-112.00602,40.5456],[-112.00609,40.5456],[-112.00617,40.5456],[-112.00625,40.54557],[-112.00633,40.54554],[-112.00639,40.54549],[-112.00643,40.54543],[-112.00645,40.54539],[-112.00646,40.54535]]}},{"type":"Feature","properties":{"highway":"primary"},"geometry":{"type":"LineString","coordinates":[[-112.00617,40.54503],[-112.00613,40.54502],[-112.00602,40.54502],[-112.00593,40.54505],[-112.00584,40.54509],[-112.00577,40.54514],[-112.00575,40.54516]]}},{"type":"Feature","properties":{"highway":"trunk"},"geometry":{"type":"LineString","coordinates":[[-112.32977,40.49505],[-112.32741,40.49744]]}},{"type":"Feature","properties":{"highway":"motorway_link"},"geometry":{"type":"LineString","coordinates":[[-112.00607,41.10513],[-112.00581,41.10478],[-112.00558,41.10441]]}},{"type":"Feature","properties":{"highway":"motorway_link"},"geometry":{"type":"LineString","coordinates":[[-112.00558,41.10441],[-112.00547,41.10423],[-112.00538,41.10405],[-112.00525,41.1037],[-112.00524,41.10366],[-112.0052,41.10353]]}},{"type":"Feature","properties":{"highway":"primary"},"geometry":{"type":"LineString","coordinates":[[-112.09128,40.69643],[-112.09043,40.69644]]}},{"type":"Feature","properties":{"highway":"primary"},"geometry":{"type":"LineString","coordinates":[[-112.09,40.69644],[-112.08985,40.69644],[-112.08969,40.69645],[-112.08948,40.69646]]}},{"type":"Feature","properties":{"highway":"primary"},"geometry":{"type":"LineString","coordinates":[[-112.09043,40.69644],[-112.09,40.69644]]}},{"type":"Feature","properties":{"highway":"primary"},"geometry":{"type":"LineString","coordinates":[[-112.08948,40.69646],[-112.08915,40.69646],[-112.08898,40.69649]]}},{"type":"Feature","properties":{"highway":"trunk"},"geometry":{"type":"LineString","coordinates":[[-112.29848,40.53504],[-112.29847,40.53523],[-112.29847,40.53525],[-112.29847,40.5356],[-112.29846,40.53571],[-112.29846,40.53604],[-112.29846,40.53616],[-112.29846,40.53621],[-112.29845,40.53635],[-112.29845,40.53657]]}},{"type":"Feature","properties":{"highway":"trunk"},"geometry":{"type":"LineString","coordinates":[[-112.29845,40.53657],[-112.29845,40.53684],[-112.29844,40.53707],[-112.29844,40.53731],[-112.29844,40.53741],[-112.29843,40.53756],[-112.29843,40.53783],[-112.29842,40.53821]]}},{"type":"Feature","properties":{"highway":"trunk"},"geometry":{"type":"LineString","coordinates":[[-112.29841,40.53479],[-112.29841,40.53492],[-112.29848,40.53504]]}},{"type":"Feature","properties":{"highway":"trunk"},"geometry":{"type":"LineString","coordinates":[[-112.09937,40.33425],[-112.0998,40.33396],[-112.10025,40.33366],[-112.10053,40.33343],[-112.10075,40.33325],[-112.10094,40.33305],[-112.10123,40.33272],[-112.10123,40.33271],[-112.10149,40.33237],[-112.10171,40.33196],[-112.10191,40.33159],[-112.10206,40.33121],[-112.10213,40.331],[-112.10215,40.33091],[-112.10223,40.33058]]}},{"type":"Feature","properties":{"highway":"trunk"},"geometry":{"type":"LineString","coordinates":[[-112.10244,40.32109],[-112.10245,40.32006],[-112.10245,40.31992]]}},{"type":"Feature","properties":{"highway":"primary"},"geometry":{"type":"LineString","coordinates":[[-112.09175,40.69645],[-112.09162,40.69644],[-112.09128,40.69643]]}},{"type":"Feature","properties":{"highway":"primary"},"geometry":{"type":"LineString","coordinates":[[-112.02806,40.60956],[-112.02809,40.60959]]}},{"type":"Feature","properties":{"highway":"primary"},"geometry":{"type":"LineString","coordinates":[[-112.02809,40.60959],[-112.02816,40.60962],[-112.02821,40.60963],[-112.02826,40.60963],[-112.02831,40.60963],[-112.02835,40.60962],[-112.0284,40.6096]]}},{"type":"Feature","properties":{"highway":"primary"},"geometry":{"type":"LineString","coordinates":[[-112.0284,40.6096],[-112.02843,40.60958]]}},{"type":"Feature","properties":{"highway":"primary"},"geometry":{"type":"LineString","coordinates":[[-112.02843,40.60958],[-112.02846,40.60954],[-112.02848,40.6095],[-112.02849,40.60946],[-112.02849,40.60943],[-112.02848,40.60939],[-112.02847,40.60937],[-112.02846,40.60934]]}},{"type":"Feature","properties":{"highway":"primary"},"geometry":{"type":"LineString","coordinates":[[-112.02846,40.60934],[-112.02841,40.60931]]}},{"type":"Feature","properties":{"highway":"primary"},"geometry":{"type":"LineString","coordinates":[[-112.02841,40.60931],[-112.02836,40.60929],[-112.0283,40.60927],[-112.02825,40.60927],[-112.02821,40.60927],[-112.02817,40.60928],[-112.02813,40.60929]]}},{"type":"Feature","properties":{"highway":"primary"},"geometry":{"type":"LineString","coordinates":[[-112.02813,40.60929],[-112.02808,40.60931]]}},{"type":"Feature","properties":{"highway":"primary"},"geometry":{"type":"LineString","coordinates":[[-112.02808,40.60931],[-112.02804,40.60936],[-112.02802,40.6094],[-112.02801,40.60944],[-112.02801,40.60947],[-112.02802,40.6095],[-112.02803,40.60954],[-112.02806,40.60956]]}},{"type":"Feature","properties":{"highway":"primary"},"geometry":{"type":"LineString","coordinates":[[-112.02442,40.60952],[-112.02462,40.60952],[-112.02533,40.60952]]}},{"type":"Feature","properties":{"highway":"primary"},"geometry":{"type":"LineString","coordinates":[[-112.02533,40.60952],[-112.02562,40.60951],[-112.02581,40.6095],[-112.02627,40.6095]]}},{"type":"Feature","properties":{"highway":"primary"},"geometry":{"type":"LineString","coordinates":[[-112.02627,40.6095],[-112.02698,40.6095]]}},{"type":"Feature","properties":{"highway":"primary"},"geometry":{"type":"LineString","coordinates":[[-112.06445,41.16365],[-112.06444,41.1633],[-112.06444,41.16294]]}},{"type":"Feature","properties":{"highway":"primary"},"geometry":{"type":"LineString","coordinates":[[-112.49723,40.61476],[-112.49614,40.61368]]}},{"type":"Feature","properties":{"highway":"primary"},"geometry":{"type":"LineString","coordinates":[[-112.49614,40.61368],[-112.49537,40.61292],[-112.49328,40.61084],[-112.48956,40.60717],[-112.48888,40.60651]]}},{"type":"Feature","properties":{"highway":"primary"},"geometry":{"type":"LineString","coordinates":[[-112.50074,40.61822],[-112.50049,40.61797],[-112.50013,40.61761]]}},{"type":"Feature","properties":{"highway":"primary"},"geometry":{"type":"LineString","coordinates":[[-112.50117,40.61864],[-112.50074,40.61822]]}},{"type":"Feature","properties":{"highway":"primary"},"geometry":{"type":"LineString","coordinates":[[-112.502,40.61945],[-112.50117,40.61864]]}},{"type":"Feature","properties":{"highway":"primary"},"geometry":{"type":"LineString","coordinates":[[-112.50013,40.61761],[-112.49963,40.61713],[-112.49919,40.6167],[-112.49877,40.61628],[-112.49839,40.61591],[-112.49808,40.61561],[-112.49781,40.61534],[-112.49723,40.61476]]}},{"type":"Feature","properties":{"highway":"primary"},"geometry":{"type":"LineString","coordinates":[[-112.50754,40.62492],[-112.50565,40.62306],[-112.50266,40.62011]]}},{"type":"Feature","properties":{"highway":"primary"},"geometry":{"type":"LineString","coordinates":[[-112.50784,40.62521],[-112.50754,40.62492]]}},{"type":"Feature","properties":{"highway":"primary"},"geometry":{"type":"LineString","coordinates":[[-112.5084,40.62575],[-112.50784,40.62521]]}},{"type":"Feature","properties":{"highway":"primary"},"geometry":{"type":"LineString","coordinates":[[-112.5093,40.62665],[-112.5084,40.62575]]}},{"type":"Feature","properties":{"highway":"primary"},"geometry":{"type":"LineString","coordinates":[[-112.50961,40.62696],[-112.5093,40.62665]]}},{"type":"Feature","properties":{"highway":"primary"},"geometry":{"type":"LineString","coordinates":[[-112.51067,40.62802],[-112.50999,40.62735],[-112.50994,40.6273],[-112.50961,40.62696]]}},{"type":"Feature","properties":{"highway":"primary"},"geometry":{"type":"LineString","coordinates":[[-112.5117,40.62905],[-112.51067,40.62802]]}},{"type":"Feature","properties":{"highway":"primary"},"geometry":{"type":"LineString","coordinates":[[-112.06447,41.15438],[-112.06447,41.15449],[-112.06448,41.15507],[-112.06446,41.15547],[-112.06445,41.15588],[-112.06445,41.15606],[-112.06445,41.15681],[-112.06445,41.15759],[-112.06445,41.15822],[-112.06445,41.15909],[-112.06445,41.15982]]}},{"type":"Feature","properties":{"highway":"primary"},"geometry":{"type":"LineString","coordinates":[[-112.02294,41.30668],[-112.02302,41.30668],[-112.02362,41.30668]]}},{"type":"Feature","properties":{"highway":"primary"},"geometry":{"type":"LineString","coordinates":[[-112.02016,41.30676],[-112.02058,41.30674],[-112.02087,41.30672],[-112.02125,41.30671],[-112.02153,41.3067]]}},{"type":"Feature","properties":{"highway":"primary"},"geometry":{"type":"LineString","coordinates":[[-112.02016,41.30676],[-112.01996,41.3067],[-112.0189,41.30676],[-112.01779,41.3068]]}},{"type":"Feature","properties":{"highway":"primary"},"geometry":{"type":"LineString","coordinates":[[-112.01693,41.3068],[-112.01682,41.3068],[-112.0159,41.30681],[-112.01571,41.30686]]}},{"type":"Feature","properties":{"highway":"primary"},"geometry":{"type":"LineString","coordinates":[[-112.00958,41.30685],[-112.00977,41.30691],[-112.01013,41.30691],[-112.01037,41.30691],[-112.01065,41.30691],[-112.01085,41.30685]]}},{"type":"Feature","properties":{"highway":"primary"},"geometry":{"type":"LineString","coordinates":[[-112.01085,41.30685],[-112.01163,41.30685],[-112.01301,41.30686],[-112.01497,41.30686]]}},{"type":"Feature","properties":{"highway":"primary"},"geometry":{"type":"LineString","coordinates":[[-112.01497,41.30686],[-112.01553,41.30686],[-112.01571,41.30686]]}},{"type":"Feature","properties":{"highway":"primary"},"geometry":{"type":"LineString","coordinates":[[-112.0257,41.21966],[-112.0257,41.21979],[-112.02569,41.22057]]}},{"type":"Feature","properties":{"highway":"primary"},"geometry":{"type":"LineString","coordinates":[[-112.02569,41.22057],[-112.02569,41.22073],[-112.02569,41.221]]}},{"type":"Feature","properties":{"highway":"primary"},"geometry":{"type":"LineString","coordinates":[[-112.02575,41.2143],[-112.02574,41.21495]]}},{"type":"Feature","properties":{"highway":"primary"},"geometry":{"type":"LineString","coordinates":[[-112.02574,41.21495],[-112.02574,41.21539],[-112.02574,41.21544],[-112.02573,41.21573],[-112.02573,41.21587]]}},{"type":"Feature","properties":{"highway":"primary"},"geometry":{"type":"LineString","coordinates":[[-112.02573,41.21587],[-112.02573,41.21607],[-112.02573,41.21651],[-112.02573,41.21664],[-112.02572,41.21691],[-112.02572,41.21762],[-112.02571,41.21804]]}},{"type":"Feature","properties":{"highway":"primary"},"geometry":{"type":"LineString","coordinates":[[-112.02571,41.21804],[-112.02571,41.21816],[-112.02571,41.21869]]}},{"type":"Feature","properties":{"highway":"primary"},"geometry":{"type":"LineString","coordinates":[[-112.02571,41.21869],[-112.02571,41.21906],[-112.0257,41.2193],[-112.0257,41.21956],[-112.0257,41.21966]]}},{"type":"Feature","properties":{"highway":"primary"},"geometry":{"type":"LineString","coordinates":[[-112.02565,41.22337],[-112.02565,41.22366]]}},{"type":"Feature","properties":{"highway":"primary"},"geometry":{"type":"LineString","coordinates":[[-112.02565,41.22366],[-112.02565,41.22393],[-112.02564,41.22402]]}},{"type":"Feature","properties":{"highway":"primary"},"geometry":{"type":"LineString","coordinates":[[-112.02564,41.22402],[-112.02564,41.22426],[-112.02564,41.22441],[-112.02564,41.22492],[-112.02563,41.22525]]}},{"type":"Feature","properties":{"highway":"primary"},"geometry":{"type":"LineString","coordinates":[[-112.02563,41.22525],[-112.02563,41.22564]]}},{"type":"Feature","properties":{"highway":"primary"},"geometry":{"type":"LineString","coordinates":[[-112.02563,41.22564],[-112.02563,41.22582],[-112.02562,41.22593]]}},{"type":"Feature","properties":{"highway":"primary"},"geometry":{"type":"LineString","coordinates":[[-112.02562,41.22593],[-112.02562,41.22616],[-112.02562,41.22634],[-112.02562,41.22648],[-112.02562,41.22694]]}},{"type":"Feature","properties":{"highway":"primary"},"geometry":{"type":"LineString","coordinates":[[-112.02562,41.22694],[-112.02561,41.22732],[-112.0256,41.22749],[-112.0256,41.22774],[-112.02559,41.22799],[-112.02558,41.22861],[-112.02558,41.22869]]}},{"type":"Feature","properties":{"highway":"primary"},"geometry":{"type":"LineString","coordinates":[[-112.02558,41.22869],[-112.02557,41.22951]]}},{"type":"Feature","properties":{"highway":"primary"},"geometry":{"type":"LineString","coordinates":[[-112.02557,41.22951],[-112.02557,41.22981],[-112.02557,41.23011],[-112.02557,41.23103],[-112.02556,41.23166]]}},{"type":"Feature","properties":{"highway":"primary"},"geometry":{"type":"LineString","coordinates":[[-112.02556,41.23166],[-112.02554,41.23333]]}},{"type":"Feature","properties":{"highway":"primary"},"geometry":{"type":"LineString","coordinates":[[-112.02554,41.23333],[-112.02554,41.23349],[-112.02553,41.23422],[-112.02552,41.23495]]}},{"type":"Feature","properties":{"highway":"primary"},"geometry":{"type":"LineString","coordinates":[[-112.02552,41.23495],[-112.02551,41.23519],[-112.02549,41.2365]]}},{"type":"Feature","properties":{"highway":"primary"},"geometry":{"type":"LineString","coordinates":[[-112.02549,41.2365],[-112.02549,41.23687]]}},{"type":"Feature","properties":{"highway":"primary"},"geometry":{"type":"LineString","coordinates":[[-112.02549,41.23687],[-112.02548,41.23739]]}},{"type":"Feature","properties":{"highway":"primary"},"geometry":{"type":"LineString","coordinates":[[-112.02548,41.23739],[-112.02548,41.23767],[-112.02546,41.23853],[-112.02545,41.23936],[-112.02543,41.24093]]}},{"type":"Feature","properties":{"highway":"primary"},"geometry":{"type":"LineString","coordinates":[[-112.01548,41.52632],[-112.01547,41.52665]]}},{"type":"Feature","properties":{"highway":"trunk"},"geometry":{"type":"LineString","coordinates":[[-112.02366,41.48652],[-112.02216,41.48652],[-112.02031,41.48653],[-112.01718,41.48653]]}},{"type":"Feature","properties":{"highway":"primary"},"geometry":{"type":"LineString","coordinates":[[-112.02333,41.1617],[-112.02355,41.16175],[-112.02376,41.16175]]}},{"type":"Feature","properties":{"highway":"motorway"},"geometry":{"type":"LineString","coordinates":[[-112.78131,40.76258],[-112.77753,40.76044],[-112.77497,40.75926],[-112.77223,40.75829],[-112.76987,40.75762],[-112.76669,40.757],[-112.76224,40.75657],[-112.75615,40.75595]]}},{"type":"Feature","properties":{"highway":"motorway"},"geometry":{"type":"LineString","coordinates":[[-112.75615,40.75595],[-112.75594,40.75593]]}},{"type":"Feature","properties":{"highway":"motorway"},"geometry":{"type":"LineString","coordinates":[[-112.7558,40.7564],[-112.75603,40.75642],[-112.76215,40.75702],[-112.76646,40.75746],[-112.76964,40.75797],[-112.77199,40.75853],[-112.77479,40.75947],[-112.77692,40.76053],[-112.78107,40.7628]]}},{"type":"Feature","properties":{"highway":"motorway"},"geometry":{"type":"LineString","coordinates":[[-112.75562,40.75638],[-112.7558,40.7564]]}},{"type":"Feature","properties":{"highway":"trunk_link"},"geometry":{"type":"LineString","coordinates":[[-112.02898,40.69643],[-112.02905,40.69641],[-112.02912,40.69638],[-112.02918,40.69634]]}},{"type":"Feature","properties":{"highway":"trunk_link"},"geometry":{"type":"LineString","coordinates":[[-112.03046,40.69643],[-112.03041,40.6964],[-112.03036,40.69639],[-112.03031,40.69638],[-112.03026,40.69637],[-112.02972,40.69637],[-112.02968,40.69636],[-112.02963,40.69635]]}},{"type":"Feature","properties":{"highway":"primary"},"geometry":{"type":"LineString","coordinates":[[-112.02293,40.69658],[-112.0235,40.69658]]}},{"type":"Feature","properties":{"highway":"primary"},"geometry":{"type":"LineString","coordinates":[[-112.00574,40.69658],[-112.00588,40.69658],[-112.00635,40.69658]]}},{"type":"Feature","properties":{"highway":"primary"},"geometry":{"type":"LineString","coordinates":[[-112.00506,40.69658],[-112.00541,40.69658],[-112.0056,40.69658],[-112.00574,40.69658]]}},{"type":"Feature","properties":{"highway":"primary"},"geometry":{"type":"LineString","coordinates":[[-112.02985,40.74022],[-112.0294,40.74022],[-112.02875,40.74022],[-112.02825,40.74022]]}},{"type":"Feature","properties":{"highway":"primary"},"geometry":{"type":"LineString","coordinates":[[-112.02825,40.74022],[-112.02801,40.74022],[-112.02707,40.74022]]}},{"type":"Feature","properties":{"highway":"primary_link"},"geometry":{"type":"LineString","coordinates":[[-112.02494,40.74087],[-112.02498,40.7408],[-112.02502,40.74072],[-112.02504,40.74066],[-112.02507,40.74057],[-112.02508,40.74053],[-112.0251,40.74049],[-112.02512,40.74046],[-112.02516,40.74042],[-112.02521,40.74038],[-112.02527,40.74035],[-112.02531,40.74034],[-112.02541,40.74032],[-112.02547,40.74031],[-112.02559,40.7403],[-112.02563,40.7403],[-112.02568,40.74029],[-112.02573,40.74027],[-112.02578,40.74025],[-112.02583,40.74022]]}},{"type":"Feature","properties":{"highway":"primary"},"geometry":{"type":"LineString","coordinates":[[-112.02583,40.74022],[-112.02519,40.74022]]}},{"type":"Feature","properties":{"highway":"primary"},"geometry":{"type":"LineString","coordinates":[[-112.02707,40.74022],[-112.02672,40.74022]]}},{"type":"Feature","properties":{"highway":"primary"},"geometry":{"type":"LineString","coordinates":[[-112.02494,40.74213],[-112.02494,40.74087],[-112.02493,40.74037],[-112.02493,40.74022]]}},{"type":"Feature","properties":{"highway":"motorway_link"},"geometry":{"type":"LineString","coordinates":[[-112.07933,41.08814],[-112.07951,41.08864],[-112.07956,41.08872],[-112.07961,41.08879],[-112.07967,41.08886],[-112.07973,41.08892],[-112.0798,41.08897],[-112.07987,41.08902],[-112.07995,41.08906],[-112.07996,41.08907],[-112.0802,41.0892]]}},{"type":"Feature","properties":{"highway":"motorway"},"geometry":{"type":"LineString","coordinates":[[-112.02659,41.05389],[-112.02598,41.05375]]}},{"type":"Feature","properties":{"highway":"motorway"},"geometry":{"type":"LineString","coordinates":[[-112.04204,41.06004],[-112.03745,41.05725],[-112.03714,41.05707],[-112.03683,41.05689],[-112.03651,41.05672],[-112.03617,41.05655],[-112.03583,41.05638],[-112.03548,41.05622],[-112.03513,41.05606],[-112.03471,41.05589],[-112.0343,41.05572],[-112.03408,41.05564],[-112.03387,41.05556],[-112.03357,41.05545],[-112.03327,41.05535],[-112.03297,41.05526],[-112.03267,41.05517],[-112.03219,41.05503],[-112.03171,41.05491],[-112.03123,41.05479],[-112.03081,41.0547],[-112.0304,41.05461],[-112.02998,41.05453],[-112.02823,41.05422],[-112.02769,41.05412],[-112.02714,41.05401],[-112.02659,41.05389]]}},{"type":"Feature","properties":{"highway":"motorway"},"geometry":{"type":"LineString","coordinates":[[-112.02601,41.05398],[-112.02662,41.05412]]}},{"type":"Feature","properties":{"highway":"motorway"},"geometry":{"type":"LineString","coordinates":[[-112.02662,41.05412],[-112.02718,41.05424],[-112.02791,41.05439],[-112.02849,41.0545],[-112.02907,41.0546],[-112.03038,41.05483],[-112.03073,41.0549],[-112.03109,41.05498],[-112.03144,41.05507],[-112.03182,41.05516],[-112.03219,41.05526],[-112.03256,41.05537],[-112.03293,41.05548],[-112.0333,41.0556],[-112.03368,41.05574],[-112.03407,41.05588],[-112.03445,41.05603],[-112.0348,41.05617],[-112.03514,41.05632],[-112.03548,41.05648],[-112.03585,41.05665],[-112.0362,41.05683],[-112.03655,41.05702],[-112.03699,41.05727],[-112.03742,41.05752],[-112.04153,41.06004]]}},{"type":"Feature","properties":{"highway":"motorway_link"},"geometry":{"type":"LineString","coordinates":[[-112.01483,41.04977],[-112.01545,41.05015],[-112.01602,41.05051],[-112.01737,41.05136],[-112.01756,41.05146],[-112.01775,41.05155],[-112.01799,41.05166]]}},{"type":"Feature","properties":{"highway":"motorway_link"},"geometry":{"type":"LineString","coordinates":[[-112.01954,41.051],[-112.0194,41.05094],[-112.01892,41.05074],[-112.01877,41.05068],[-112.01862,41.05063],[-112.01847,41.05058],[-112.01831,41.05053],[-112.01814,41.05049],[-112.01649,41.05008],[-112.01617,41.04998],[-112.01584,41.04988],[-112.01542,41.04974],[-112.01501,41.04959]]}},{"type":"Feature","properties":{"highway":"primary"},"geometry":{"type":"LineString","coordinates":[[-112.0802,41.0892],[-112.07946,41.0892],[-112.0779,41.0892],[-112.07779,41.0892],[-112.07768,41.08921],[-112.07757,41.08922],[-112.07743,41.08925],[-112.07729,41.08928]]}},{"type":"Feature","properties":{"highway":"primary"},"geometry":{"type":"LineString","coordinates":[[-112.06469,41.06777],[-112.06469,41.06796],[-112.06469,41.06825],[-112.06468,41.06877],[-112.06468,41.06914]]}},{"type":"Feature","properties":{"highway":"primary"},"geometry":{"type":"LineString","coordinates":[[-112.06468,41.06914],[-112.06467,41.06943],[-112.06467,41.06959],[-112.06465,41.07012],[-112.06465,41.07041],[-112.06465,41.0708],[-112.06465,41.07092],[-112.06465,41.0712],[-112.06464,41.07209],[-112.06463,41.07298],[-112.06463,41.07423]]}},{"type":"Feature","properties":{"highway":"motorway_link"},"geometry":{"type":"LineString","coordinates":[[-112.02666,40.72492],[-112.02642,40.72484],[-112.02629,40.72482],[-112.02618,40.7248],[-112.02607,40.72478],[-112.02595,40.72478],[-112.0258,40.72477],[-112.02509,40.72476],[-112.0249,40.72475]]}},{"type":"Feature","properties":{"highway":"motorway"},"geometry":{"type":"LineString","coordinates":[[-112.01035,40.72576],[-112.0083,40.72577],[-111.99465,40.72575]]}},{"type":"Feature","properties":{"highway":"motorway_link"},"geometry":{"type":"LineString","coordinates":[[-112.01833,40.72566],[-112.01805,40.72567],[-112.01782,40.72568],[-112.01757,40.7257],[-112.01735,40.72574]]}},{"type":"Feature","properties":{"highway":"motorway"},"geometry":{"type":"LineString","coordinates":[[-112.02108,40.72573],[-112.01735,40.72574]]}},{"type":"Feature","properties":{"highway":"trunk"},"geometry":{"type":"LineString","coordinates":[[-112.02964,40.71792],[-112.02939,40.71896]]}},{"type":"Feature","properties":{"highway":"motorway_link"},"geometry":{"type":"LineString","coordinates":[[-112.0328,40.72595],[-112.03296,40.72594],[-112.0332,40.72593],[-112.03388,40.7259],[-112.03418,40.72589],[-112.03447,40.72588],[-112.03484,40.72586]]}},{"type":"Feature","properties":{"highway":"motorway_link"},"geometry":{"type":"LineString","coordinates":[[-112.03484,40.72586],[-112.03518,40.72584],[-112.03552,40.72577]]}},{"type":"Feature","properties":{"highway":"motorway"},"geometry":{"type":"LineString","coordinates":[[-112.03552,40.72577],[-112.03617,40.72572],[-112.03721,40.72559],[-112.03759,40.72554],[-112.03802,40.72547],[-112.03845,40.7254],[-112.03899,40.72529],[-112.03957,40.72516],[-112.04013,40.72503],[-112.04052,40.72492],[-112.04083,40.72484],[-112.04144,40.72466]]}},{"type":"Feature","properties":{"highway":"motorway"},"geometry":{"type":"LineString","coordinates":[[-112.04144,40.72466],[-112.04221,40.72438],[-112.04291,40.7241],[-112.04357,40.72384],[-112.04412,40.7236],[-112.04475,40.72331],[-112.04804,40.7217],[-112.04874,40.72137],[-112.04943,40.72103],[-112.04996,40.72076],[-112.05051,40.72051],[-112.05118,40.72023],[-112.05196,40.71994],[-112.05285,40.71963],[-112.05369,40.71938]]}},{"type":"Feature","properties":{"highway":"motorway"},"geometry":{"type":"LineString","coordinates":[[-112.01731,40.72591],[-112.02114,40.72588]]}},{"type":"Feature","properties":{"highway":"motorway_link"},"geometry":{"type":"LineString","coordinates":[[-112.07933,41.08814],[-112.07944,41.08868],[-112.07945,41.08878],[-112.07945,41.08888],[-112.07946,41.08911],[-112.07946,41.0892]]}},{"type":"Feature","properties":{"highway":"primary"},"geometry":{"type":"LineString","coordinates":[[-112.06453,41.09019],[-112.06454,41.09063],[-112.06454,41.09087],[-112.06461,41.0911]]}},{"type":"Feature","properties":{"highway":"primary"},"geometry":{"type":"LineString","coordinates":[[-112.06468,41.09028],[-112.0647,41.08943],[-112.0647,41.0894],[-112.0647,41.08937],[-112.06469,41.08927],[-112.06469,41.08916]]}},{"type":"Feature","properties":{"highway":"primary_link"},"geometry":{"type":"LineString","coordinates":[[-112.03084,40.74022],[-112.03007,40.74005],[-112.03002,40.74004],[-112.03,40.74002],[-112.02999,40.74002],[-112.02995,40.73999],[-112.02992,40.73995],[-112.0299,40.73991],[-112.0299,40.73988],[-112.02989,40.73986],[-112.02988,40.73981],[-112.02986,40.73976],[-112.02983,40.7397]]}},{"type":"Feature","properties":{"highway":"primary"},"geometry":{"type":"LineString","coordinates":[[-112.09192,40.68588],[-112.09193,40.68379],[-112.09193,40.68318]]}},{"type":"Feature","properties":{"highway":"primary"},"geometry":{"type":"LineString","coordinates":[[-112.0918,40.68199],[-112.0918,40.68292],[-112.09179,40.68588]]}},{"type":"Feature","properties":{"highway":"motorway_link"},"geometry":{"type":"LineString","coordinates":[[-112.02657,40.76922],[-112.02647,40.76921],[-112.02628,40.76919],[-112.02615,40.76918],[-112.02608,40.76918],[-112.02587,40.76917],[-112.02564,40.76917]]}},{"type":"Feature","properties":{"highway":"primary"},"geometry":{"type":"LineString","coordinates":[[-112.00034,40.56211],[-112.00028,40.56209],[-112.00024,40.56207],[-112.0002,40.56206],[-112.00011,40.562]]}},{"type":"Feature","properties":{"highway":"primary"},"geometry":{"type":"LineString","coordinates":[[-112.00014,40.56232],[-112.00025,40.56227],[-112.00029,40.56226],[-112.00034,40.56225]]}},{"type":"Feature","properties":{"highway":"primary"},"geometry":{"type":"LineString","coordinates":[[-112.00442,40.56224],[-112.0045,40.56224],[-112.00457,40.56225],[-112.00464,40.56226],[-112.00469,40.56227],[-112.00473,40.56229],[-112.00476,40.56231],[-112.00484,40.56236]]}},{"type":"Feature","properties":{"highway":"primary"},"geometry":{"type":"LineString","coordinates":[[-112.00482,40.56202],[-112.00478,40.56205],[-112.00473,40.56208],[-112.0047,40.56209],[-112.00463,40.56211]]}},{"type":"Feature","properties":{"highway":"primary"},"geometry":{"type":"LineString","coordinates":[[-112.00549,40.5623],[-112.00564,40.56226],[-112.0057,40.56225],[-112.00577,40.56224]]}},{"type":"Feature","properties":{"highway":"primary"},"geometry":{"type":"LineString","coordinates":[[-112.00577,40.56211],[-112.00571,40.56211],[-112.00564,40.5621],[-112.00559,40.56207],[-112.00554,40.56205],[-112.0055,40.56203],[-112.00544,40.562]]}},{"type":"Feature","properties":{"highway":"primary"},"geometry":{"type":"LineString","coordinates":[[-112.01027,40.5621],[-112.01044,40.56204],[-112.01064,40.56197],[-112.01079,40.5619],[-112.01098,40.56181]]}},{"type":"Feature","properties":{"highway":"primary"},"geometry":{"type":"LineString","coordinates":[[-112.01471,40.55954],[-112.01462,40.55959],[-112.01343,40.56027],[-112.01223,40.56095]]}},{"type":"Feature","properties":{"highway":"primary"},"geometry":{"type":"LineString","coordinates":[[-112.14174,41.71233],[-112.1414,41.71233],[-112.13936,41.71237],[-112.13844,41.71238],[-112.13797,41.71239]]}},{"type":"Feature","properties":{"highway":"primary"},"geometry":{"type":"LineString","coordinates":[[-112.09986,41.71534],[-112.10206,41.71532],[-112.10261,41.71531]]}},{"type":"Feature","properties":{"highway":"primary"},"geometry":{"type":"LineString","coordinates":[[-112.16078,41.71192],[-112.15995,41.71194],[-112.15747,41.712],[-112.15737,41.712]]}},{"type":"Feature","properties":{"highway":"motorway_link"},"geometry":{"type":"LineString","coordinates":[[-112.02206,41.16255],[-112.02196,41.16303],[-112.0219,41.16334],[-112.02175,41.16397],[-112.02166,41.16437],[-112.02124,41.16566],[-112.02088,41.16673],[-112.02008,41.16911],[-112.0198,41.17004],[-112.01975,41.17043]]}},{"type":"Feature","properties":{"highway":"primary"},"geometry":{"type":"LineString","coordinates":[[-112.04664,41.08916],[-112.04689,41.08914],[-112.04702,41.08907]]}},{"type":"Feature","properties":{"highway":"primary"},"geometry":{"type":"LineString","coordinates":[[-112.04612,41.08909],[-112.04554,41.08911],[-112.0455,41.08911],[-112.04531,41.08911]]}},{"type":"Feature","properties":{"highway":"trunk"},"geometry":{"type":"LineString","coordinates":[[-112.29823,40.54955],[-112.29824,40.54939]]}},{"type":"Feature","properties":{"highway":"primary"},"geometry":{"type":"LineString","coordinates":[[-112.04952,40.65312],[-112.04871,40.65311]]}},{"type":"Feature","properties":{"highway":"primary"},"geometry":{"type":"LineString","coordinates":[[-112.05038,40.65313],[-112.04952,40.65312]]}},{"type":"Feature","properties":{"highway":"primary"},"geometry":{"type":"LineString","coordinates":[[-112.04799,40.65312],[-112.04791,40.65306],[-112.04759,40.65307],[-112.04706,40.65307],[-112.04658,40.65308]]}},{"type":"Feature","properties":{"highway":"primary"},"geometry":{"type":"LineString","coordinates":[[-112.07604,40.65408],[-112.07569,40.6543],[-112.07552,40.65441],[-112.07534,40.65451]]}},{"type":"Feature","properties":{"highway":"primary"},"geometry":{"type":"LineString","coordinates":[[-112.07615,40.65401],[-112.07604,40.65408]]}},{"type":"Feature","properties":{"highway":"primary"},"geometry":{"type":"LineString","coordinates":[[-112.05759,40.65316],[-112.05682,40.65316]]}},{"type":"Feature","properties":{"highway":"motorway_link"},"geometry":{"type":"LineString","coordinates":[[-112.02358,41.15745],[-112.02332,41.15826],[-112.02297,41.15919],[-112.02251,41.16061]]}},{"type":"Feature","properties":{"highway":"trunk"},"geometry":{"type":"LineString","coordinates":[[-112.29809,40.5497],[-112.29808,40.55011]]}},{"type":"Feature","properties":{"highway":"primary"},"geometry":{"type":"LineString","coordinates":[[-112.09189,40.69648],[-112.09189,40.6964],[-112.09189,40.69583],[-112.09188,40.69507],[-112.09188,40.69457]]}},{"type":"Feature","properties":{"highway":"primary"},"geometry":{"type":"LineString","coordinates":[[-112.09188,40.69457],[-112.09189,40.69414]]}},{"type":"Feature","properties":{"highway":"primary"},"geometry":{"type":"LineString","coordinates":[[-112.09192,40.68687],[-112.09192,40.68588]]}},{"type":"Feature","properties":{"highway":"primary"},"geometry":{"type":"LineString","coordinates":[[-112.09191,40.68851],[-112.09191,40.68781]]}},{"type":"Feature","properties":{"highway":"primary"},"geometry":{"type":"LineString","coordinates":[[-112.09191,40.68781],[-112.09191,40.68755],[-112.09192,40.68687]]}},{"type":"Feature","properties":{"highway":"primary"},"geometry":{"type":"LineString","coordinates":[[-112.09193,40.68318],[-112.09194,40.68199]]}},{"type":"Feature","properties":{"highway":"primary"},"geometry":{"type":"LineString","coordinates":[[-112.09194,40.68199],[-112.09195,40.6775],[-112.09198,40.6738],[-112.09201,40.67004],[-112.09201,40.66885],[-112.09201,40.66868],[-112.092,40.66852],[-112.09199,40.66832],[-112.09196,40.66812],[-112.09193,40.66792]]}},{"type":"Feature","properties":{"highway":"primary"},"geometry":{"type":"LineString","coordinates":[[-112.09193,40.66792],[-112.0919,40.66764],[-112.09185,40.66737],[-112.09179,40.66712],[-112.09172,40.66684]]}},{"type":"Feature","properties":{"highway":"primary"},"geometry":{"type":"LineString","coordinates":[[-112.15737,41.712],[-112.15624,41.71202]]}},{"type":"Feature","properties":{"highway":"primary"},"geometry":{"type":"LineString","coordinates":[[-112.04785,41.19108],[-112.04813,41.1908],[-112.04827,41.19065]]}},{"type":"Feature","properties":{"highway":"primary"},"geometry":{"type":"LineString","coordinates":[[-112.04882,41.19014],[-112.04912,41.18986]]}},{"type":"Feature","properties":{"highway":"primary"},"geometry":{"type":"LineString","coordinates":[[-112.03872,41.45504],[-112.03874,41.45478],[-112.03873,41.45457],[-112.0387,41.45394]]}},{"type":"Feature","properties":{"highway":"primary"},"geometry":{"type":"LineString","coordinates":[[-112.03609,41.41609],[-112.03611,41.41575],[-112.03613,41.41545],[-112.03614,41.41537],[-112.0362,41.41455]]}},{"type":"Feature","properties":{"highway":"motorway_link"},"geometry":{"type":"LineString","coordinates":[[-112.02251,41.16061],[-112.02242,41.16093],[-112.02224,41.1614],[-112.02217,41.16148],[-112.02206,41.16154],[-112.02168,41.1616]]}},{"type":"Feature","properties":{"highway":"motorway"},"geometry":{"type":"LineString","coordinates":[[-112.02492,41.15267],[-112.02484,41.15312],[-112.02466,41.15398],[-112.02457,41.15439]]}},{"type":"Feature","properties":{"highway":"primary"},"geometry":{"type":"LineString","coordinates":[[-112.02897,40.69658],[-112.02919,40.69658]]}},{"type":"Feature","properties":{"highway":"primary"},"geometry":{"type":"LineString","coordinates":[[-112.0945,41.107],[-112.0942,41.107]]}},{"type":"Feature","properties":{"highway":"primary_link"},"geometry":{"type":"LineString","coordinates":[[-112.09503,41.10646],[-112.09505,41.10652],[-112.09507,41.10658],[-112.09507,41.10664],[-112.09506,41.1067],[-112.09504,41.10676],[-112.09501,41.10681],[-112.09498,41.10685],[-112.09494,41.10688],[-112.0949,41.10691],[-112.09486,41.10693],[-112.09481,41.10694],[-112.09471,41.10697],[-112.09461,41.10698],[-112.0945,41.107]]}},{"type":"Feature","properties":{"highway":"primary"},"geometry":{"type":"LineString","coordinates":[[-112.0945,41.107],[-112.09503,41.107],[-112.09517,41.107]]}},{"type":"Feature","properties":{"highway":"primary"},"geometry":{"type":"LineString","coordinates":[[-112.09517,41.107],[-112.09517,41.1069],[-112.09517,41.10682],[-112.09517,41.10678],[-112.09516,41.10674],[-112.09515,41.1067],[-112.09514,41.10666],[-112.09503,41.10646]]}},{"type":"Feature","properties":{"highway":"motorway_link"},"geometry":{"type":"LineString","coordinates":[[-112.02187,41.16556],[-112.02263,41.1641],[-112.02276,41.1638],[-112.02291,41.1635],[-112.02308,41.16318],[-112.0233,41.16282],[-112.02348,41.16248],[-112.02352,41.1624],[-112.02365,41.16208],[-112.02373,41.16183],[-112.02376,41.16175]]}},{"type":"Feature","properties":{"highway":"primary"},"geometry":{"type":"LineString","coordinates":[[-112.02429,40.58794],[-112.02414,40.58794],[-112.02402,40.58794],[-112.02398,40.58794],[-112.02332,40.58793]]}},{"type":"Feature","properties":{"highway":"primary"},"geometry":{"type":"LineString","coordinates":[[-112.02478,40.58793],[-112.02447,40.58793],[-112.02444,40.58794],[-112.02429,40.58794]]}},{"type":"Feature","properties":{"highway":"primary"},"geometry":{"type":"LineString","coordinates":[[-112.02542,40.58786],[-112.02512,40.58787],[-112.02478,40.58793]]}},{"type":"Feature","properties":{"highway":"primary"},"geometry":{"type":"LineString","coordinates":[[-112.01629,41.48653],[-112.01627,41.48666],[-112.01622,41.48697],[-112.0162,41.48708],[-112.01618,41.48729],[-112.01615,41.4877]]}},{"type":"Feature","properties":{"highway":"primary"},"geometry":{"type":"LineString","coordinates":[[-112.01622,41.48799],[-112.01622,41.48791]]}},{"type":"Feature","properties":{"highway":"trunk"},"geometry":{"type":"LineString","coordinates":[[-112.01629,41.48653],[-112.01619,41.48652]]}},{"type":"Feature","properties":{"highway":"primary"},"geometry":{"type":"LineString","coordinates":[[-112.01635,41.48639],[-112.01629,41.48653]]}},{"type":"Feature","properties":{"highway":"primary"},"geometry":{"type":"LineString","coordinates":[[-112.01643,41.48653],[-112.01647,41.48639]]}},{"type":"Feature","properties":{"highway":"trunk"},"geometry":{"type":"LineString","coordinates":[[-112.01643,41.48653],[-112.01629,41.48653]]}},{"type":"Feature","properties":{"highway":"primary"},"geometry":{"type":"LineString","coordinates":[[-112.09096,41.78405],[-112.09172,41.78326],[-112.09218,41.78269],[-112.09261,41.78206],[-112.093,41.78139],[-112.09329,41.78061],[-112.09371,41.77941],[-112.09466,41.77677],[-112.09526,41.7751],[-112.09556,41.77413],[-112.09637,41.77191],[-112.09642,41.77175],[-112.09646,41.7716],[-112.09651,41.77141],[-112.09656,41.7712],[-112.0966,41.771],[-112.09663,41.77083],[-112.09665,41.77068],[-112.09674,41.76971],[-112.09676,41.76956],[-112.09687,41.76862],[-112.09721,41.76575],[-112.09818,41.75729],[-112.09866,41.75302],[-112.09908,41.74945],[-112.09941,41.7466],[-112.0995,41.74561],[-112.09948,41.7452],[-112.09946,41.74489],[-112.09939,41.74457],[-112.09926,41.7442],[-112.09912,41.74381],[-112.0989,41.74331],[-112.09873,41.74291],[-112.09862,41.74258],[-112.09851,41.74208],[-112.09843,41.74145],[-112.09844,41.74087],[-112.09849,41.73982],[-112.0986,41.73765],[-112.09865,41.73587],[-112.09866,41.73482],[-112.09857,41.7335],[-112.0984,41.73234],[-112.09828,41.7315],[-112.09809,41.73048],[-112.09783,41.72951],[-112.09744,41.72819],[-112.09727,41.72765],[-112.09706,41.72711],[-112.09685,41.72654],[-112.0964,41.72545],[-112.09595,41.72457],[-112.09538,41.72348]]}},{"type":"Feature","properties":{"highway":"primary"},"geometry":{"type":"LineString","coordinates":[[-112.09538,41.72348],[-112.09483,41.72252],[-112.09404,41.72111],[-112.09386,41.72079],[-112.09363,41.72038],[-112.09356,41.72026],[-112.09345,41.72002],[-112.09323,41.71953],[-112.09309,41.71915],[-112.09301,41.7189],[-112.09298,41.71877],[-112.09296,41.71871],[-112.09287,41.71814],[-112.09286,41.71806],[-112.09284,41.71774],[-112.09279,41.71573],[-112.09279,41.71538]]}},{"type":"Feature","properties":{"highway":"primary"},"geometry":{"type":"LineString","coordinates":[[-112.01627,41.48771],[-112.01629,41.48743]]}},{"type":"Feature","properties":{"highway":"primary"},"geometry":{"type":"LineString","coordinates":[[-112.01633,41.48707],[-112.01639,41.48672],[-112.0164,41.48666],[-112.01643,41.48653]]}},{"type":"Feature","properties":{"highway":"trunk"},"geometry":{"type":"LineString","coordinates":[[-112.02415,41.48653],[-112.02366,41.48652]]}},{"type":"Feature","properties":{"highway":"trunk"},"geometry":{"type":"LineString","coordinates":[[-112.0255,41.48653],[-112.02415,41.48653]]}},{"type":"Feature","properties":{"highway":"trunk"},"geometry":{"type":"LineString","coordinates":[[-112.02691,41.48653],[-112.0255,41.48653]]}},{"type":"Feature","properties":{"highway":"primary"},"geometry":{"type":"LineString","coordinates":[[-112.02859,40.69643],[-112.02837,40.69643]]}},{"type":"Feature","properties":{"highway":"primary"},"geometry":{"type":"LineString","coordinates":[[-112.02022,41.52973],[-112.01959,41.52972],[-112.01939,41.52972],[-112.0192,41.5297],[-112.01901,41.52969],[-112.0188,41.52966],[-112.01856,41.52961],[-112.01829,41.52955],[-112.01812,41.5295],[-112.01796,41.52945],[-112.01781,41.5294],[-112.01763,41.52933],[-112.01751,41.52927],[-112.01738,41.52921],[-112.01726,41.52915],[-112.01715,41.52909],[-112.01706,41.52903],[-112.01692,41.52895],[-112.01681,41.52886],[-112.0167,41.52879],[-112.0166,41.52871],[-112.01651,41.52863],[-112.01638,41.52851]]}},{"type":"Feature","properties":{"highway":"primary"},"geometry":{"type":"LineString","coordinates":[[-112.06319,40.71793],[-112.06319,40.7176]]}},{"type":"Feature","properties":{"highway":"primary"},"geometry":{"type":"LineString","coordinates":[[-112.06319,40.7176],[-112.0632,40.71682]]}},{"type":"Feature","properties":{"highway":"primary"},"geometry":{"type":"LineString","coordinates":[[-112.02519,40.74022],[-112.02493,40.74022]]}},{"type":"Feature","properties":{"highway":"trunk_link"},"geometry":{"type":"LineString","coordinates":[[-112.01633,41.48707],[-112.01644,41.48691],[-112.01645,41.48683],[-112.01648,41.48677],[-112.0165,41.48675],[-112.01651,41.48673],[-112.01653,41.48672],[-112.01654,41.48671],[-112.01656,41.4867],[-112.01658,41.48669],[-112.0166,41.48668],[-112.01663,41.48667],[-112.01666,41.48666],[-112.0167,41.48666],[-112.01673,41.48665],[-112.01677,41.48665],[-112.01681,41.48664],[-112.01718,41.48653]]}},{"type":"Feature","properties":{"highway":"primary"},"geometry":{"type":"LineString","coordinates":[[-112.03398,41.34783],[-112.03413,41.34819]]}},{"type":"Feature","properties":{"highway":"motorway_link"},"geometry":{"type":"LineString","coordinates":[[-112.00201,41.10419],[-112.00215,41.1042],[-112.00247,41.10422],[-112.00286,41.10423],[-112.00328,41.10424],[-112.00365,41.10431],[-112.00393,41.10437]]}},{"type":"Feature","properties":{"highway":"motorway_link"},"geometry":{"type":"LineString","coordinates":[[-112.08144,41.09008],[-112.08132,41.08987],[-112.08125,41.08978],[-112.08118,41.08971],[-112.08111,41.08964],[-112.08102,41.08958],[-112.08093,41.08953],[-112.08083,41.08948],[-112.08077,41.08944],[-112.08059,41.08934]]}},{"type":"Feature","properties":{"highway":"motorway_link"},"geometry":{"type":"LineString","coordinates":[[-112.07945,41.08934],[-112.07967,41.08941],[-112.07974,41.08942],[-112.07979,41.08944],[-112.07984,41.08946],[-112.07989,41.0895],[-112.07993,41.08954],[-112.08005,41.0897],[-112.08011,41.08978],[-112.0802,41.08985]]}},{"type":"Feature","properties":{"highway":"primary"},"geometry":{"type":"LineString","coordinates":[[-112.06387,41.53508],[-112.06299,41.53491]]}},{"type":"Feature","properties":{"highway":"primary"},"geometry":{"type":"LineString","coordinates":[[-112.06299,41.53491],[-112.06219,41.53476]]}},{"type":"Feature","properties":{"highway":"primary"},"geometry":{"type":"LineString","coordinates":[[-112.01337,41.24466],[-112.01297,41.24465],[-112.01281,41.24465],[-112.01272,41.24465],[-112.01247,41.24465]]}},{"type":"Feature","properties":{"highway":"primary_link"},"geometry":{"type":"LineString","coordinates":[[-112.02733,40.60939],[-112.02723,40.60934],[-112.02639,40.60933],[-112.02631,40.60929],[-112.02628,40.60921]]}},{"type":"Feature","properties":{"highway":"primary"},"geometry":{"type":"LineString","coordinates":[[-112.00608,40.65279],[-112.00589,40.65279],[-112.00504,40.65279]]}},{"type":"Feature","properties":{"highway":"primary"},"geometry":{"type":"LineString","coordinates":[[-112.00504,40.65279],[-112.00465,40.65279]]}},{"type":"Feature","properties":{"highway":"primary"},"geometry":{"type":"LineString","coordinates":[[-112.00465,40.65279],[-112.00447,40.6528]]}},{"type":"Feature","properties":{"highway":"primary_link"},"geometry":{"type":"LineString","coordinates":[[-112.02045,40.53722],[-112.02042,40.53729],[-112.02022,40.53739],[-112.02013,40.53745],[-112.02008,40.53748],[-112.02006,40.53751],[-112.02005,40.53757]]}},{"type":"Feature","properties":{"highway":"primary"},"geometry":{"type":"LineString","coordinates":[[-112.02604,41.16775],[-112.02604,41.16801]]}},{"type":"Feature","properties":{"highway":"primary"},"geometry":{"type":"LineString","coordinates":[[-112.02507,41.16782],[-112.02517,41.16781]]}},{"type":"Feature","properties":{"highway":"primary"},"geometry":{"type":"LineString","coordinates":[[-112.06355,40.6965],[-112.06347,40.6965],[-112.06339,40.6965],[-112.06325,40.6965],[-112.06306,40.6965]]}},{"type":"Feature","properties":{"highway":"primary"},"geometry":{"type":"LineString","coordinates":[[-112.06312,40.70334],[-112.06312,40.7031],[-112.06311,40.70267],[-112.06311,40.70261],[-112.06311,40.70233],[-112.06311,40.70195],[-112.06311,40.70115],[-112.0631,40.70083],[-112.0631,40.69996],[-112.0631,40.69803],[-112.0631,40.69795],[-112.0631,40.69753],[-112.0631,40.69741]]}},{"type":"Feature","properties":{"highway":"primary"},"geometry":{"type":"LineString","coordinates":[[-112.06312,40.70416],[-112.06312,40.70385],[-112.06312,40.70376]]}},{"type":"Feature","properties":{"highway":"primary"},"geometry":{"type":"LineString","coordinates":[[-112.06312,40.70376],[-112.06312,40.70366],[-112.06312,40.70334]]}},{"type":"Feature","properties":{"highway":"primary"},"geometry":{"type":"LineString","coordinates":[[-112.08228,40.6965],[-112.08216,40.69649],[-112.08165,40.69649]]}},{"type":"Feature","properties":{"highway":"trunk"},"geometry":{"type":"LineString","coordinates":[[-112.03121,40.56082],[-112.0313,40.56166]]}},{"type":"Feature","properties":{"highway":"trunk"},"geometry":{"type":"LineString","coordinates":[[-112.03111,40.55993],[-112.03113,40.5601],[-112.03121,40.56082]]}},{"type":"Feature","properties":{"highway":"primary"},"geometry":{"type":"LineString","coordinates":[[-112.09177,40.71657],[-112.09179,40.71691],[-112.09178,40.71719],[-112.09179,40.71726]]}},{"type":"Feature","properties":{"highway":"primary"},"geometry":{"type":"LineString","coordinates":[[-112.01042,41.24465],[-112.01037,41.24465],[-112.00965,41.24464],[-112.0095,41.24464]]}},{"type":"Feature","properties":{"highway":"primary"},"geometry":{"type":"LineString","coordinates":[[-112.01541,40.54003],[-112.01525,40.54011]]}},{"type":"Feature","properties":{"highway":"primary"},"geometry":{"type":"LineString","coordinates":[[-112.01423,41.10355],[-112.01451,41.10356],[-112.01467,41.10356]]}},{"type":"Feature","properties":{"highway":"primary"},"geometry":{"type":"LineString","coordinates":[[-112.0011,41.08915],[-112.00139,41.08915],[-112.00166,41.08915]]}},{"type":"Feature","properties":{"highway":"primary"},"geometry":{"type":"LineString","coordinates":[[-112.00286,41.08915],[-112.00328,41.08915]]}},{"type":"Feature","properties":{"highway":"primary"},"geometry":{"type":"LineString","coordinates":[[-112.02603,41.16866],[-112.02603,41.16907]]}},{"type":"Feature","properties":{"highway":"primary"},"geometry":{"type":"LineString","coordinates":[[-112.0631,40.69741],[-112.0631,40.69728],[-112.06309,40.69712]]}},{"type":"Feature","properties":{"highway":"primary"},"geometry":{"type":"LineString","coordinates":[[-112.06308,40.69693],[-112.06308,40.69683],[-112.06308,40.6968],[-112.06307,40.69661],[-112.06306,40.6965]]}},{"type":"Feature","properties":{"highway":"primary"},"geometry":{"type":"LineString","coordinates":[[-112.06309,40.69712],[-112.06308,40.69693]]}},{"type":"Feature","properties":{"highway":"primary"},"geometry":{"type":"LineString","coordinates":[[-112.02592,41.18423],[-112.02592,41.18446],[-112.02591,41.18551],[-112.02589,41.18691],[-112.02589,41.18717]]}},{"type":"Feature","properties":{"highway":"primary"},"geometry":{"type":"LineString","coordinates":[[-112.02589,41.18717],[-112.02588,41.18753]]}},{"type":"Feature","properties":{"highway":"primary"},"geometry":{"type":"LineString","coordinates":[[-112.01754,41.24471],[-112.0168,41.2447]]}},{"type":"Feature","properties":{"highway":"primary"},"geometry":{"type":"LineString","coordinates":[[-112.01515,41.24468],[-112.01451,41.24467]]}},{"type":"Feature","properties":{"highway":"trunk"},"geometry":{"type":"LineString","coordinates":[[-112.02815,41.48653],[-112.02799,41.48653]]}},{"type":"Feature","properties":{"highway":"primary"},"geometry":{"type":"LineString","coordinates":[[-112.01629,41.48743],[-112.01633,41.48712],[-112.01633,41.48707]]}},{"type":"Feature","properties":{"highway":"primary"},"geometry":{"type":"LineString","coordinates":[[-112.02911,40.53694],[-112.02836,40.53693]]}},{"type":"Feature","properties":{"highway":"primary"},"geometry":{"type":"LineString","coordinates":[[-112.03085,40.537],[-112.0316,40.53699]]}},{"type":"Feature","properties":{"highway":"primary"},"geometry":{"type":"LineString","coordinates":[[-112.0316,40.53699],[-112.03225,40.53699]]}},{"type":"Feature","properties":{"highway":"primary"},"geometry":{"type":"LineString","coordinates":[[-112.033,40.53695],[-112.03287,40.53687],[-112.0322,40.53687],[-112.03177,40.53686],[-112.03128,40.53687]]}},{"type":"Feature","properties":{"highway":"primary"},"geometry":{"type":"LineString","coordinates":[[-112.03108,40.53687],[-112.03055,40.53686]]}},{"type":"Feature","properties":{"highway":"primary"},"geometry":{"type":"LineString","coordinates":[[-112.14273,41.7123],[-112.14227,41.71232]]}},{"type":"Feature","properties":{"highway":"primary"},"geometry":{"type":"LineString","coordinates":[[-112.01165,40.54207],[-112.01158,40.54211],[-112.01027,40.54285],[-112.00959,40.54324],[-112.00955,40.54326],[-112.00943,40.54333]]}},{"type":"Feature","properties":{"highway":"primary"},"geometry":{"type":"LineString","coordinates":[[-112.02002,41.24474],[-112.01937,41.24473],[-112.01754,41.24471]]}},{"type":"Feature","properties":{"highway":"primary"},"geometry":{"type":"LineString","coordinates":[[-112.02056,41.24475],[-112.02002,41.24474]]}},{"type":"Feature","properties":{"highway":"primary"},"geometry":{"type":"LineString","coordinates":[[-112.03142,40.65307],[-112.03091,40.65306]]}},{"type":"Feature","properties":{"highway":"primary"},"geometry":{"type":"LineString","coordinates":[[-112.03128,40.53687],[-112.03108,40.53687]]}},{"type":"Feature","properties":{"highway":"primary_link"},"geometry":{"type":"LineString","coordinates":[[-112.03055,40.53686],[-112.03055,40.5368]]}},{"type":"Feature","properties":{"highway":"primary"},"geometry":{"type":"LineString","coordinates":[[-112.03055,40.53686],[-112.03031,40.53685]]}},{"type":"Feature","properties":{"highway":"primary"},"geometry":{"type":"LineString","coordinates":[[-112.03087,40.60951],[-112.03178,40.6095]]}},{"type":"Feature","properties":{"highway":"primary"},"geometry":{"type":"LineString","coordinates":[[-112.0244,41.24487],[-112.02365,41.24484]]}},{"type":"Feature","properties":{"highway":"primary"},"geometry":{"type":"LineString","coordinates":[[-112.02365,41.24484],[-112.02318,41.24482]]}},{"type":"Feature","properties":{"highway":"primary"},"geometry":{"type":"LineString","coordinates":[[-112.00947,40.33794],[-112.00918,40.33837],[-112.00829,40.33964],[-112.0073,40.34107],[-112.00613,40.34274],[-112.00516,40.34413],[-112.00509,40.34424],[-112.00503,40.34435],[-112.00498,40.34445],[-112.00494,40.34456],[-112.00491,40.34466],[-112.00485,40.34488],[-112.00463,40.34575],[-112.00417,40.34757],[-112.00415,40.34764],[-112.00352,40.35024],[-112.00345,40.35039],[-112.00335,40.3506],[-112.00325,40.35078],[-112.00275,40.35131]]}},{"type":"Feature","properties":{"highway":"primary"},"geometry":{"type":"LineString","coordinates":[[-112.00966,40.33763],[-112.00947,40.33794]]}},{"type":"Feature","properties":{"highway":"primary"},"geometry":{"type":"LineString","coordinates":[[-112.00265,40.35158],[-112.00306,40.35115],[-112.00337,40.3508],[-112.00351,40.35051],[-112.00362,40.35025],[-112.00428,40.34766],[-112.0043,40.34758],[-112.00441,40.34717],[-112.00476,40.34577],[-112.00501,40.34477],[-112.00505,40.34467],[-112.00508,40.34457],[-112.00513,40.34446],[-112.00518,40.34436],[-112.00523,40.34426],[-112.00529,40.34416],[-112.00535,40.34407],[-112.00625,40.34278],[-112.00741,40.34112],[-112.00802,40.34024],[-112.00842,40.3397],[-112.00881,40.33915],[-112.00934,40.33836]]}},{"type":"Feature","properties":{"highway":"primary"},"geometry":{"type":"LineString","coordinates":[[-112.00934,40.33836],[-112.0096,40.33799]]}},{"type":"Feature","properties":{"highway":"primary"},"geometry":{"type":"LineString","coordinates":[[-112.01352,40.31999],[-112.01353,40.32065],[-112.01353,40.32127],[-112.01354,40.32249],[-112.01355,40.32365],[-112.01355,40.32496],[-112.01356,40.32616],[-112.01356,40.32696]]}},{"type":"Feature","properties":{"highway":"primary"},"geometry":{"type":"LineString","coordinates":[[-112.01356,40.32696],[-112.01356,40.32702],[-112.01356,40.32708]]}},{"type":"Feature","properties":{"highway":"primary"},"geometry":{"type":"LineString","coordinates":[[-112.01368,40.32735],[-112.01368,40.32616],[-112.01367,40.32496],[-112.01366,40.32365],[-112.01365,40.32249],[-112.01365,40.32127],[-112.01365,40.32015],[-112.01365,40.31999]]}},{"type":"Feature","properties":{"highway":"primary"},"geometry":{"type":"LineString","coordinates":[[-112.01356,40.32708],[-112.01356,40.32717],[-112.01357,40.32736]]}},{"type":"Feature","properties":{"highway":"primary"},"geometry":{"type":"LineString","coordinates":[[-112.01368,40.32774],[-112.01368,40.32735]]}},{"type":"Feature","properties":{"highway":"primary"},"geometry":{"type":"LineString","coordinates":[[-112.00275,40.35131],[-112.00255,40.35152]]}},{"type":"Feature","properties":{"highway":"primary"},"geometry":{"type":"LineString","coordinates":[[-112.05364,40.53696],[-112.05393,40.53696],[-112.05454,40.53696],[-112.05471,40.53696]]}},{"type":"Feature","properties":{"highway":"primary"},"geometry":{"type":"LineString","coordinates":[[-112.05315,40.53696],[-112.05364,40.53696]]}},{"type":"Feature","properties":{"highway":"primary"},"geometry":{"type":"LineString","coordinates":[[-112.06222,40.57282],[-112.06303,40.56841],[-112.06309,40.56801],[-112.06314,40.56774],[-112.06318,40.56747],[-112.06321,40.56724],[-112.06323,40.56693],[-112.06325,40.56656]]}},{"type":"Feature","properties":{"highway":"primary"},"geometry":{"type":"LineString","coordinates":[[-112.06325,40.56656],[-112.06327,40.5663],[-112.06328,40.56601]]}},{"type":"Feature","properties":{"highway":"primary"},"geometry":{"type":"LineString","coordinates":[[-112.05471,40.53696],[-112.05481,40.53696],[-112.05566,40.53694]]}},{"type":"Feature","properties":{"highway":"trunk_link"},"geometry":{"type":"LineString","coordinates":[[-112.02482,40.54581],[-112.02408,40.54519],[-112.02394,40.54506],[-112.0239,40.54503],[-112.02385,40.54501],[-112.02379,40.54499],[-112.02373,40.54498],[-112.02368,40.54498],[-112.02363,40.54498],[-112.02358,40.54499],[-112.02353,40.54501],[-112.02316,40.54522],[-112.02313,40.54525],[-112.0231,40.54529],[-112.02308,40.54532],[-112.02307,40.54537],[-112.02306,40.54541],[-112.02307,40.54546],[-112.02309,40.5455],[-112.02312,40.54554],[-112.02405,40.54647],[-112.02415,40.54657],[-112.02424,40.54667],[-112.02432,40.54677],[-112.02438,40.54686],[-112.02445,40.54696],[-112.02452,40.54705]]}},{"type":"Feature","properties":{"highway":"primary"},"geometry":{"type":"LineString","coordinates":[[-112.03858,40.36522],[-112.038,40.36442],[-112.03794,40.36433],[-112.03789,40.36425],[-112.03785,40.36416],[-112.03781,40.36405],[-112.03778,40.36393],[-112.03775,40.36382],[-112.03774,40.36367],[-112.03774,40.36353],[-112.03774,40.36342],[-112.03776,40.3633],[-112.03778,40.36319],[-112.03781,40.36308],[-112.03784,40.36298],[-112.03788,40.36289],[-112.03793,40.36279],[-112.03798,40.3627],[-112.03804,40.36261],[-112.03811,40.36253],[-112.03818,40.36244],[-112.03861,40.36201],[-112.03872,40.36188],[-112.03882,40.36176],[-112.03894,40.36162],[-112.03905,40.36148],[-112.03915,40.36132],[-112.03925,40.36116],[-112.03934,40.36101],[-112.03943,40.36085],[-112.03951,40.36069],[-112.03958,40.36054],[-112.03965,40.36035],[-112.03972,40.36016],[-112.03976,40.36002],[-112.0398,40.35988],[-112.03984,40.3597],[-112.03987,40.35953],[-112.0399,40.35935],[-112.03991,40.35917],[-112.03992,40.35898],[-112.03993,40.35862],[-112.03992,40.35856],[-112.0399,40.35849],[-112.03988,40.35843],[-112.03984,40.35837]]}},{"type":"Feature","properties":{"highway":"primary"},"geometry":{"type":"LineString","coordinates":[[-112.03984,40.35837],[-112.03983,40.35845],[-112.03982,40.35853],[-112.03981,40.35861],[-112.03981,40.35868],[-112.03981,40.35894],[-112.0398,40.3591],[-112.03979,40.35925],[-112.03978,40.3594],[-112.03975,40.35959],[-112.03971,40.35978],[-112.03966,40.35997],[-112.0396,40.36018],[-112.03952,40.36038],[-112.03944,40.36058],[-112.03935,40.36078],[-112.03924,40.36097],[-112.03913,40.36116],[-112.03904,40.3613],[-112.03894,40.36145],[-112.03883,40.36159],[-112.03871,40.36173],[-112.03859,40.36187],[-112.03847,40.362],[-112.03815,40.36232],[-112.03805,40.36243],[-112.03795,40.36255],[-112.03787,40.36267],[-112.0378,40.36279],[-112.03773,40.36291],[-112.03768,40.36303],[-112.03764,40.36315],[-112.03761,40.36327],[-112.03758,40.36338],[-112.03757,40.3635],[-112.03757,40.36362],[-112.03757,40.36375],[-112.03758,40.36387],[-112.03761,40.364],[-112.03764,40.36411],[-112.03768,40.36423],[-112.03773,40.36434],[-112.03779,40.36446],[-112.03786,40.36456],[-112.03794,40.36467]]}},{"type":"Feature","properties":{"highway":"primary_link"},"geometry":{"type":"LineString","coordinates":[[-112.0316,40.53699],[-112.03158,40.53697],[-112.03155,40.53695],[-112.03151,40.53694],[-112.03139,40.53694],[-112.03126,40.53693],[-112.03116,40.53691],[-112.03108,40.53687]]}},{"type":"Feature","properties":{"highway":"primary_link"},"geometry":{"type":"LineString","coordinates":[[-112.06248,40.561],[-112.06262,40.5611],[-112.0627,40.56124],[-112.06275,40.56129]]}},{"type":"Feature","properties":{"highway":"primary"},"geometry":{"type":"LineString","coordinates":[[-111.99993,40.5224],[-112.00007,40.5224],[-112.00056,40.52241]]}},{"type":"Feature","properties":{"highway":"primary"},"geometry":{"type":"LineString","coordinates":[[-112.01871,41.10364],[-112.01925,41.10365]]}},{"type":"Feature","properties":{"highway":"trunk"},"geometry":{"type":"LineString","coordinates":[[-112.1543,40.72152],[-112.15472,40.72157],[-112.15512,40.72162],[-112.15532,40.72164],[-112.15556,40.72168],[-112.15579,40.72172],[-112.15607,40.72179],[-112.15632,40.72185],[-112.15656,40.72192],[-112.15681,40.72201],[-112.15713,40.72215],[-112.15733,40.72224],[-112.15743,40.72229],[-112.1576,40.72238],[-112.15779,40.72249],[-112.15797,40.72261],[-112.15815,40.72275],[-112.15831,40.72287],[-112.15852,40.72305],[-112.15872,40.72324],[-112.15893,40.72342],[-112.15911,40.7236],[-112.15931,40.72377],[-112.15948,40.72391],[-112.15963,40.72406],[-112.15986,40.72427],[-112.16005,40.72442],[-112.16024,40.72458],[-112.16052,40.72479],[-112.16078,40.72497],[-112.16102,40.72514],[-112.16137,40.72538],[-112.16166,40.72554],[-112.1621,40.72579],[-112.16244,40.72598],[-112.16279,40.72615],[-112.16314,40.72632],[-112.16422,40.7268],[-112.16499,40.72713],[-112.16546,40.72729],[-112.16589,40.72743],[-112.16634,40.72755],[-112.16678,40.72765],[-112.16717,40.72772],[-112.1677,40.7278],[-112.16815,40.72784],[-112.16869,40.72789],[-112.16898,40.72792],[-112.17064,40.72803],[-112.1709,40.72805],[-112.17175,40.7281],[-112.17237,40.72813],[-112.17285,40.72814],[-112.17337,40.72814],[-112.17389,40.72812],[-112.17437,40.72811],[-112.1748,40.7281],[-112.17535,40.72807],[-112.17585,40.72805],[-112.17597,40.72804]]}},{"type":"Feature","properties":{"highway":"trunk"},"geometry":{"type":"LineString","coordinates":[[-112.17597,40.72804],[-112.17675,40.728],[-112.17726,40.72798],[-112.17784,40.72796],[-112.17806,40.72794]]}},{"type":"Feature","properties":{"highway":"primary"},"geometry":{"type":"LineString","coordinates":[[-112.01983,40.5377],[-112.02005,40.53757]]}},{"type":"Feature","properties":{"highway":"primary"},"geometry":{"type":"LineString","coordinates":[[-112.01306,40.54129],[-112.01273,40.54147]]}},{"type":"Feature","properties":{"highway":"primary"},"geometry":{"type":"LineString","coordinates":[[-112.04029,40.60941],[-112.04111,40.60941]]}},{"type":"Feature","properties":{"highway":"primary"},"geometry":{"type":"LineString","coordinates":[[-112.06526,40.65312],[-112.06468,40.65313]]}},{"type":"Feature","properties":{"highway":"primary"},"geometry":{"type":"LineString","coordinates":[[-112.06468,40.65313],[-112.06295,40.65315]]}},{"type":"Feature","properties":{"highway":"primary"},"geometry":{"type":"LineString","coordinates":[[-112.06295,40.65315],[-112.05977,40.65317],[-112.05759,40.65316]]}},{"type":"Feature","properties":{"highway":"primary"},"geometry":{"type":"LineString","coordinates":[[-112.04658,40.65308],[-112.04523,40.6531],[-112.04501,40.65317]]}},{"type":"Feature","properties":{"highway":"primary"},"geometry":{"type":"LineString","coordinates":[[-112.04501,40.65317],[-112.04525,40.65327],[-112.04605,40.65324],[-112.04644,40.65323]]}},{"type":"Feature","properties":{"highway":"primary"},"geometry":{"type":"LineString","coordinates":[[-112.04644,40.65323],[-112.04673,40.65321],[-112.0476,40.65318],[-112.0479,40.65317],[-112.04799,40.65312]]}},{"type":"Feature","properties":{"highway":"primary"},"geometry":{"type":"LineString","coordinates":[[-112.04871,40.65311],[-112.04799,40.65312]]}},{"type":"Feature","properties":{"highway":"primary"},"geometry":{"type":"LineString","coordinates":[[-112.0363,40.65308],[-112.03549,40.65308]]}},{"type":"Feature","properties":{"highway":"primary"},"geometry":{"type":"LineString","coordinates":[[-112.03549,40.65308],[-112.03472,40.65308]]}},{"type":"Feature","properties":{"highway":"primary"},"geometry":{"type":"LineString","coordinates":[[-112.02655,40.65306],[-112.02636,40.65299],[-112.02585,40.65299]]}},{"type":"Feature","properties":{"highway":"primary"},"geometry":{"type":"LineString","coordinates":[[-112.02359,40.65312],[-112.02441,40.65312],[-112.02445,40.65312],[-112.02465,40.65312]]}},{"type":"Feature","properties":{"highway":"primary_link"},"geometry":{"type":"LineString","coordinates":[[-112.02155,40.65304],[-112.02196,40.65304],[-112.02231,40.65303],[-112.02235,40.65303],[-112.02239,40.65302],[-112.02242,40.65301],[-112.02244,40.65298]]}},{"type":"Feature","properties":{"highway":"primary"},"geometry":{"type":"LineString","coordinates":[[-112.02549,40.60938],[-112.02534,40.60938],[-112.02465,40.60938],[-112.02462,40.60938],[-112.02441,40.60938],[-112.02419,40.60938]]}},{"type":"Feature","properties":{"highway":"primary"},"geometry":{"type":"LineString","coordinates":[[-112.01264,40.60946],[-112.01281,40.60946],[-112.01332,40.60946]]}},{"type":"Feature","properties":{"highway":"primary"},"geometry":{"type":"LineString","coordinates":[[-112.01197,40.60946],[-112.01248,40.60946],[-112.01264,40.60946]]}},{"type":"Feature","properties":{"highway":"primary"},"geometry":{"type":"LineString","coordinates":[[-112.01332,40.60946],[-112.01475,40.60946],[-112.01496,40.60946],[-112.01679,40.60946],[-112.02077,40.60945]]}},{"type":"Feature","properties":{"highway":"primary"},"geometry":{"type":"LineString","coordinates":[[-112.00536,40.60946],[-112.00552,40.60945],[-112.00611,40.60946]]}},{"type":"Feature","properties":{"highway":"primary"},"geometry":{"type":"LineString","coordinates":[[-112.05445,40.6094],[-112.05538,40.60939],[-112.05557,40.6094]]}},{"type":"Feature","properties":{"highway":"primary"},"geometry":{"type":"LineString","coordinates":[[-112.05139,40.60942],[-112.05215,40.60941],[-112.05306,40.6094]]}},{"type":"Feature","properties":{"highway":"primary"},"geometry":{"type":"LineString","coordinates":[[-112.05047,40.60943],[-112.05063,40.60943],[-112.05139,40.60942]]}},{"type":"Feature","properties":{"highway":"primary"},"geometry":{"type":"LineString","coordinates":[[-112.04111,40.60941],[-112.04136,40.60941]]}},{"type":"Feature","properties":{"highway":"primary"},"geometry":{"type":"LineString","coordinates":[[-112.03967,40.60942],[-112.04029,40.60941]]}},{"type":"Feature","properties":{"highway":"primary"},"geometry":{"type":"LineString","coordinates":[[-112.03178,40.6095],[-112.03222,40.6095],[-112.03241,40.6095]]}},{"type":"Feature","properties":{"highway":"trunk"},"geometry":{"type":"LineString","coordinates":[[-112.00158,40.48969],[-112.00095,40.48913],[-112.00038,40.48858]]}},{"type":"Feature","properties":{"highway":"trunk"},"geometry":{"type":"LineString","coordinates":[[-112.00383,40.50052],[-112.00384,40.50246],[-112.00379,40.50333],[-112.00379,40.50419],[-112.0038,40.50672]]}},{"type":"Feature","properties":{"highway":"trunk"},"geometry":{"type":"LineString","coordinates":[[-112.00381,40.49853],[-112.00382,40.49917],[-112.00383,40.50052]]}},{"type":"Feature","properties":{"highway":"trunk"},"geometry":{"type":"LineString","coordinates":[[-112.0051,40.50131],[-112.00512,40.50083],[-112.00511,40.49994]]}},{"type":"Feature","properties":{"highway":"primary"},"geometry":{"type":"LineString","coordinates":[[-114.02011,40.73957],[-114.01996,40.73969],[-114.01964,40.74001]]}},{"type":"Feature","properties":{"highway":"primary"},"geometry":{"type":"LineString","coordinates":[[-112.02232,40.69649],[-112.02228,40.69649],[-112.02215,40.6965],[-112.02191,40.69652],[-112.02182,40.69652],[-112.02174,40.69653],[-112.02161,40.69657]]}},{"type":"Feature","properties":{"highway":"primary"},"geometry":{"type":"LineString","coordinates":[[-112.06306,40.6965],[-112.06296,40.6965],[-112.06248,40.6965]]}},{"type":"Feature","properties":{"highway":"primary"},"geometry":{"type":"LineString","coordinates":[[-112.04458,40.69653],[-112.04441,40.69653],[-112.04406,40.69653],[-112.04394,40.69653]]}},{"type":"Feature","properties":{"highway":"primary"},"geometry":{"type":"LineString","coordinates":[[-112.05356,40.69652],[-112.0534,40.69652],[-112.05262,40.69652],[-112.05259,40.69652]]}},{"type":"Feature","properties":{"highway":"primary"},"geometry":{"type":"LineString","coordinates":[[-112.05862,40.69651],[-112.05797,40.69651],[-112.05766,40.69651],[-112.05675,40.69651],[-112.05561,40.69651],[-112.05356,40.69652]]}},{"type":"Feature","properties":{"highway":"primary"},"geometry":{"type":"LineString","coordinates":[[-112.05931,40.69651],[-112.05923,40.69651],[-112.05862,40.69651]]}},{"type":"Feature","properties":{"highway":"primary"},"geometry":{"type":"LineString","coordinates":[[-112.06248,40.6965],[-112.06243,40.6965],[-112.06227,40.6965],[-112.0612,40.6965],[-112.06057,40.6965],[-112.05992,40.6965],[-112.05942,40.69651],[-112.05931,40.69651]]}},{"type":"Feature","properties":{"highway":"primary"},"geometry":{"type":"LineString","coordinates":[[-112.04335,40.69654],[-112.043,40.69654]]}},{"type":"Feature","properties":{"highway":"primary"},"geometry":{"type":"LineString","coordinates":[[-112.04394,40.69653],[-112.04382,40.69654],[-112.04335,40.69654]]}},{"type":"Feature","properties":{"highway":"primary"},"geometry":{"type":"LineString","coordinates":[[-112.03496,40.69654],[-112.0344,40.69654]]}},{"type":"Feature","properties":{"highway":"primary"},"geometry":{"type":"LineString","coordinates":[[-112.03601,40.69654],[-112.03496,40.69654]]}},{"type":"Feature","properties":{"highway":"primary"},"geometry":{"type":"LineString","coordinates":[[-112.06659,41.08918],[-112.06786,41.08917],[-112.0687,41.08917],[-112.06978,41.08918],[-112.07049,41.08918],[-112.07059,41.08918],[-112.07105,41.08919]]}},{"type":"Feature","properties":{"highway":"primary"},"geometry":{"type":"LineString","coordinates":[[-112.07105,41.08919],[-112.07182,41.08919]]}},{"type":"Feature","properties":{"highway":"primary"},"geometry":{"type":"LineString","coordinates":[[-112.03443,40.3279],[-112.03392,40.32763],[-112.03349,40.32742],[-112.03307,40.32723],[-112.03265,40.32699],[-112.03224,40.32675],[-112.03184,40.32647],[-112.03144,40.32616],[-112.03103,40.32578],[-112.0306,40.32533],[-112.03034,40.325],[-112.03022,40.32485],[-112.03,40.32453],[-112.02968,40.32398],[-112.02953,40.32361],[-112.02944,40.32341],[-112.02929,40.32298],[-112.02922,40.32268]]}},{"type":"Feature","properties":{"highway":"motorway_link"},"geometry":{"type":"LineString","coordinates":[[-112.02205,41.16134],[-112.0219,41.16217]]}},{"type":"Feature","properties":{"highway":"motorway_link"},"geometry":{"type":"LineString","coordinates":[[-112.02358,41.15745],[-112.0232,41.15818],[-112.02249,41.15969],[-112.02224,41.1605],[-112.02205,41.16134]]}},{"type":"Feature","properties":{"highway":"primary"},"geometry":{"type":"LineString","coordinates":[[-112.00388,40.6528],[-112.00372,40.6528],[-112.00316,40.6528],[-112.00312,40.6528]]}},{"type":"Feature","properties":{"highway":"primary"},"geometry":{"type":"LineString","coordinates":[[-112.00272,40.6528],[-112.00261,40.6528],[-112.0025,40.6528],[-112.00232,40.6528],[-112.00218,40.6528]]}},{"type":"Feature","properties":{"highway":"primary"},"geometry":{"type":"LineString","coordinates":[[-112.00312,40.6528],[-112.00283,40.6528],[-112.00272,40.6528]]}},{"type":"Feature","properties":{"highway":"trunk"},"geometry":{"type":"LineString","coordinates":[[-112.06682,40.71866],[-112.06738,40.71861],[-112.06779,40.71858]]}},{"type":"Feature","properties":{"highway":"trunk"},"geometry":{"type":"LineString","coordinates":[[-112.06422,40.71882],[-112.06457,40.71881],[-112.06493,40.7188],[-112.06511,40.71879]]}},{"type":"Feature","properties":{"highway":"trunk"},"geometry":{"type":"LineString","coordinates":[[-112.06319,40.71882],[-112.06422,40.71882]]}},{"type":"Feature","properties":{"highway":"motorway_link"},"geometry":{"type":"LineString","coordinates":[[-112.06133,40.71878],[-112.06144,40.71881],[-112.06156,40.71882],[-112.06167,40.71884],[-112.06179,40.71885],[-112.06191,40.71885],[-112.06268,40.71886],[-112.06274,40.71886],[-112.06279,40.71887],[-112.06285,40.71889],[-112.0629,40.71891],[-112.06295,40.71893],[-112.06299,40.71897],[-112.06303,40.71901],[-112.06307,40.71908],[-112.06309,40.71915],[-112.06311,40.71922],[-112.06312,40.7193],[-112.06312,40.71935],[-112.06314,40.7194],[-112.06316,40.71947],[-112.0632,40.71953]]}},{"type":"Feature","properties":{"highway":"motorway"},"geometry":{"type":"LineString","coordinates":[[-112.061,40.71877],[-112.06133,40.71878]]}},{"type":"Feature","properties":{"highway":"motorway"},"geometry":{"type":"LineString","coordinates":[[-112.0212,40.72574],[-112.02108,40.72573]]}},{"type":"Feature","properties":{"highway":"motorway"},"geometry":{"type":"LineString","coordinates":[[-112.05944,40.71833],[-112.05895,40.71835],[-112.05847,40.71839]]}},{"type":"Feature","properties":{"highway":"motorway"},"geometry":{"type":"LineString","coordinates":[[-112.06319,40.71828],[-112.06266,40.71828],[-112.06195,40.71829],[-112.0602,40.7183],[-112.05944,40.71833]]}},{"type":"Feature","properties":{"highway":"motorway_link"},"geometry":{"type":"LineString","coordinates":[[-112.06319,40.7176],[-112.06306,40.71802],[-112.06304,40.71806],[-112.06301,40.71809],[-112.06298,40.71813],[-112.06294,40.71816],[-112.06289,40.71818],[-112.06283,40.71821],[-112.06277,40.71822],[-112.06271,40.71823],[-112.06252,40.71823],[-112.0624,40.71824],[-112.06227,40.71825],[-112.06211,40.71827],[-112.06195,40.71829]]}},{"type":"Feature","properties":{"highway":"trunk_link"},"geometry":{"type":"LineString","coordinates":[[-112.06439,40.71827],[-112.06363,40.71822],[-112.06357,40.71821],[-112.06351,40.71819],[-112.06345,40.71817],[-112.06341,40.71814],[-112.06337,40.71811],[-112.06334,40.71807],[-112.06331,40.71802],[-112.06328,40.71797],[-112.06326,40.71791],[-112.06324,40.71784],[-112.06323,40.71776],[-112.06322,40.71768],[-112.06319,40.7176]]}},{"type":"Feature","properties":{"highway":"trunk"},"geometry":{"type":"LineString","coordinates":[[-112.06439,40.71827],[-112.06382,40.71827]]}},{"type":"Feature","properties":{"highway":"trunk"},"geometry":{"type":"LineString","coordinates":[[-112.08227,40.71822],[-112.08051,40.71823],[-112.06488,40.71827],[-112.06439,40.71827]]}},{"type":"Feature","properties":{"highway":"trunk_link"},"geometry":{"type":"LineString","coordinates":[[-112.09235,40.71727],[-112.09229,40.71722]]}},{"type":"Feature","properties":{"highway":"trunk"},"geometry":{"type":"LineString","coordinates":[[-112.09278,40.71728],[-112.09235,40.71727]]}},{"type":"Feature","properties":{"highway":"trunk"},"geometry":{"type":"LineString","coordinates":[[-112.09419,40.71742],[-112.09357,40.71735]]}},{"type":"Feature","properties":{"highway":"trunk"},"geometry":{"type":"LineString","coordinates":[[-112.09357,40.71735],[-112.09335,40.71732],[-112.09305,40.7173],[-112.0929,40.71729]]}},{"type":"Feature","properties":{"highway":"trunk"},"geometry":{"type":"LineString","coordinates":[[-112.0929,40.71729],[-112.09278,40.71728]]}},{"type":"Feature","properties":{"highway":"trunk"},"geometry":{"type":"LineString","coordinates":[[-112.09235,40.71727],[-112.09213,40.71726],[-112.09194,40.71726],[-112.09185,40.71726]]}},{"type":"Feature","properties":{"highway":"trunk"},"geometry":{"type":"LineString","coordinates":[[-112.29383,40.58008],[-112.29383,40.58016],[-112.2938,40.58042],[-112.29379,40.58063],[-112.29377,40.58096],[-112.29376,40.5813],[-112.29375,40.58167],[-112.29375,40.58223],[-112.2938,40.58442],[-112.2938,40.58465],[-112.29395,40.59159]]}},{"type":"Feature","properties":{"highway":"trunk"},"geometry":{"type":"LineString","coordinates":[[-112.29398,40.59329],[-112.29412,40.60015]]}},{"type":"Feature","properties":{"highway":"trunk"},"geometry":{"type":"LineString","coordinates":[[-112.28935,40.65436],[-112.28929,40.65451],[-112.28937,40.65515],[-112.28952,40.65626],[-112.28966,40.65735],[-112.28969,40.65754],[-112.28971,40.65779],[-112.28972,40.65805],[-112.28972,40.65833],[-112.2897,40.65859],[-112.28968,40.65881],[-112.28965,40.65905],[-112.2896,40.65931],[-112.28953,40.65965],[-112.28945,40.6599],[-112.28933,40.66024],[-112.28919,40.66059],[-112.28908,40.66082],[-112.28897,40.66104],[-112.28885,40.66125],[-112.28866,40.66155],[-112.28836,40.662],[-112.28627,40.66516],[-112.28596,40.66562],[-112.28571,40.66598],[-112.28548,40.66629],[-112.28529,40.66653],[-112.28509,40.66679],[-112.28479,40.66713],[-112.2846,40.66734],[-112.28454,40.66749]]}},{"type":"Feature","properties":{"highway":"trunk"},"geometry":{"type":"LineString","coordinates":[[-112.28454,40.66749],[-112.28473,40.6674],[-112.2851,40.66698],[-112.28531,40.66673],[-112.28554,40.66643],[-112.28573,40.66617],[-112.286,40.66579],[-112.28629,40.66535],[-112.28645,40.66511],[-112.2867,40.66474],[-112.28698,40.66431],[-112.28711,40.66411],[-112.28853,40.66196],[-112.28882,40.66152],[-112.28893,40.66134],[-112.28905,40.66113],[-112.2892,40.66085],[-112.28935,40.66052],[-112.28949,40.66018],[-112.28957,40.65991],[-112.28967,40.65958],[-112.28974,40.65925],[-112.28979,40.659],[-112.28982,40.65866],[-112.28984,40.65841],[-112.28984,40.65824],[-112.28984,40.65807],[-112.28982,40.65771],[-112.28978,40.6573],[-112.2895,40.65508]]}},{"type":"Feature","properties":{"highway":"trunk"},"geometry":{"type":"LineString","coordinates":[[-112.28215,40.67024],[-112.283,40.66926]]}},{"type":"Feature","properties":{"highway":"trunk"},"geometry":{"type":"LineString","coordinates":[[-112.28215,40.67024],[-112.28201,40.67031],[-112.28134,40.67109],[-112.28031,40.67228],[-112.27853,40.6743],[-112.27676,40.67633],[-112.27507,40.67825],[-112.27339,40.68017],[-112.27332,40.68034]]}},{"type":"Feature","properties":{"highway":"motorway"},"geometry":{"type":"LineString","coordinates":[[-112.02306,41.14004],[-112.02304,41.14094],[-112.02307,41.1416],[-112.02314,41.14222],[-112.02324,41.14288],[-112.02335,41.14331],[-112.02364,41.14437],[-112.02417,41.14586],[-112.02445,41.14694]]}},{"type":"Feature","properties":{"highway":"primary"},"geometry":{"type":"LineString","coordinates":[[-112.0784,41.08933],[-112.07945,41.08934]]}},{"type":"Feature","properties":{"highway":"primary"},"geometry":{"type":"LineString","coordinates":[[-112.07729,41.08928],[-112.07744,41.0893],[-112.0776,41.08932],[-112.07775,41.08933],[-112.0779,41.08933],[-112.0784,41.08933]]}},{"type":"Feature","properties":{"highway":"motorway_link"},"geometry":{"type":"LineString","coordinates":[[-112.08024,41.08934],[-112.08015,41.08944],[-112.08014,41.08946],[-112.08012,41.0895],[-112.08011,41.08954],[-112.0801,41.08958],[-112.0801,41.08963],[-112.08011,41.08968],[-112.08012,41.08972],[-112.08017,41.08978],[-112.0802,41.08985]]}},{"type":"Feature","properties":{"highway":"motorway_link"},"geometry":{"type":"LineString","coordinates":[[-112.08031,41.08927],[-112.08043,41.08934]]}},{"type":"Feature","properties":{"highway":"motorway_link"},"geometry":{"type":"LineString","coordinates":[[-112.08048,41.08927],[-112.08054,41.0892]]}},{"type":"Feature","properties":{"highway":"motorway_link"},"geometry":{"type":"LineString","coordinates":[[-112.08043,41.08934],[-112.08048,41.08927]]}},{"type":"Feature","properties":{"highway":"primary"},"geometry":{"type":"LineString","coordinates":[[-112.08038,41.0892],[-112.0802,41.0892]]}},{"type":"Feature","properties":{"highway":"primary"},"geometry":{"type":"LineString","coordinates":[[-112.08059,41.08934],[-112.08135,41.08934]]}},{"type":"Feature","properties":{"highway":"primary"},"geometry":{"type":"LineString","coordinates":[[-112.08024,41.08934],[-112.08043,41.08934]]}},{"type":"Feature","properties":{"highway":"primary"},"geometry":{"type":"LineString","coordinates":[[-112.08043,41.08934],[-112.08059,41.08934]]}},{"type":"Feature","properties":{"highway":"primary"},"geometry":{"type":"LineString","coordinates":[[-112.08054,41.0892],[-112.08038,41.0892]]}},{"type":"Feature","properties":{"highway":"primary"},"geometry":{"type":"LineString","coordinates":[[-112.08126,41.08921],[-112.08086,41.0892],[-112.08054,41.0892]]}},{"type":"Feature","properties":{"highway":"motorway_link"},"geometry":{"type":"LineString","coordinates":[[-112.0802,41.0892],[-112.08031,41.08927]]}},{"type":"Feature","properties":{"highway":"motorway_link"},"geometry":{"type":"LineString","coordinates":[[-112.08048,41.08927],[-112.08038,41.0892]]}},{"type":"Feature","properties":{"highway":"motorway_link"},"geometry":{"type":"LineString","coordinates":[[-112.08059,41.08934],[-112.08048,41.08927]]}},{"type":"Feature","properties":{"highway":"motorway_link"},"geometry":{"type":"LineString","coordinates":[[-112.08031,41.08927],[-112.08024,41.08934]]}},{"type":"Feature","properties":{"highway":"motorway_link"},"geometry":{"type":"LineString","coordinates":[[-112.08038,41.0892],[-112.08031,41.08927]]}},{"type":"Feature","properties":{"highway":"primary"},"geometry":{"type":"LineString","coordinates":[[-112.07945,41.08934],[-112.07991,41.08934],[-112.08024,41.08934]]}},{"type":"Feature","properties":{"highway":"trunk"},"geometry":{"type":"LineString","coordinates":[[-112.08529,40.71826],[-112.08577,40.71821],[-112.08631,40.71817],[-112.08674,40.71814]]}},{"type":"Feature","properties":{"highway":"trunk"},"geometry":{"type":"LineString","coordinates":[[-112.08674,40.71814],[-112.08731,40.71813],[-112.09171,40.71816],[-112.09476,40.71819],[-112.09687,40.7182]]}},{"type":"Feature","properties":{"highway":"trunk"},"geometry":{"type":"LineString","coordinates":[[-112.08228,40.7184],[-112.08285,40.7184],[-112.08314,40.71839],[-112.08343,40.71838],[-112.08372,40.71837],[-112.08401,40.71836]]}},{"type":"Feature","properties":{"highway":"primary"},"geometry":{"type":"LineString","coordinates":[[-112.05769,40.6372],[-112.05662,40.63619],[-112.05641,40.63598],[-112.0562,40.63576],[-112.05601,40.63553],[-112.05581,40.63531],[-112.0556,40.63506],[-112.05539,40.63481],[-112.05518,40.63453],[-112.05501,40.6343],[-112.05465,40.63376],[-112.05437,40.6333],[-112.05419,40.63299],[-112.05389,40.63241],[-112.05373,40.63208],[-112.05342,40.63139]]}},{"type":"Feature","properties":{"highway":"primary"},"geometry":{"type":"LineString","coordinates":[[-112.05342,40.63139],[-112.05328,40.631],[-112.05315,40.63061],[-112.05302,40.63019]]}},{"type":"Feature","properties":{"highway":"motorway_link"},"geometry":{"type":"LineString","coordinates":[[-112.02242,41.16093],[-112.02242,41.1612],[-112.0225,41.16136],[-112.02263,41.16151],[-112.02273,41.16159],[-112.02294,41.16168]]}},{"type":"Feature","properties":{"highway":"motorway_link"},"geometry":{"type":"LineString","coordinates":[[-112.02294,41.16168],[-112.02333,41.16157],[-112.02358,41.16146],[-112.02375,41.16134],[-112.02389,41.16112],[-112.02403,41.1608]]}},{"type":"Feature","properties":{"highway":"motorway_link"},"geometry":{"type":"LineString","coordinates":[[-112.02457,41.16164],[-112.02427,41.16154],[-112.02416,41.16147],[-112.02408,41.16139],[-112.02403,41.16133],[-112.02399,41.16123],[-112.02399,41.16112],[-112.02403,41.1608]]}},{"type":"Feature","properties":{"highway":"motorway_link"},"geometry":{"type":"LineString","coordinates":[[-112.02348,41.16248],[-112.02349,41.16231]]}},{"type":"Feature","properties":{"highway":"motorway_link"},"geometry":{"type":"LineString","coordinates":[[-112.02349,41.16231],[-112.02349,41.16215],[-112.02341,41.16199],[-112.02334,41.1619],[-112.02319,41.16177],[-112.02294,41.16168]]}},{"type":"Feature","properties":{"highway":"motorway_link"},"geometry":{"type":"LineString","coordinates":[[-112.02115,41.1617],[-112.02166,41.16177],[-112.02191,41.16178],[-112.02202,41.16183],[-112.02206,41.1619],[-112.02209,41.16212],[-112.02206,41.16255]]}},{"type":"Feature","properties":{"highway":"motorway_link"},"geometry":{"type":"LineString","coordinates":[[-112.02294,41.16168],[-112.0227,41.16172],[-112.02251,41.16182],[-112.02239,41.16191],[-112.02227,41.16208],[-112.02217,41.16225],[-112.02206,41.16255]]}},{"type":"Feature","properties":{"highway":"primary"},"geometry":{"type":"LineString","coordinates":[[-112.00559,41.30685],[-112.00546,41.3067],[-112.00499,41.30617],[-112.00479,41.30594]]}},{"type":"Feature","properties":{"highway":"primary"},"geometry":{"type":"LineString","coordinates":[[-112.02641,41.33413],[-112.02604,41.33366]]}},{"type":"Feature","properties":{"highway":"primary"},"geometry":{"type":"LineString","coordinates":[[-112.00479,41.30594],[-112.00475,41.3059],[-112.00434,41.30545],[-112.00376,41.30482]]}},{"type":"Feature","properties":{"highway":"primary"},"geometry":{"type":"LineString","coordinates":[[-112.00376,41.30482],[-112.0033,41.3043]]}},{"type":"Feature","properties":{"highway":"primary"},"geometry":{"type":"LineString","coordinates":[[-112.0033,41.3043],[-112.00281,41.30376]]}},{"type":"Feature","properties":{"highway":"primary"},"geometry":{"type":"LineString","coordinates":[[-112.00769,41.30923],[-112.00714,41.30858]]}},{"type":"Feature","properties":{"highway":"primary"},"geometry":{"type":"LineString","coordinates":[[-112.00095,41.30684],[-111.99864,41.30683],[-111.9976,41.3068]]}},{"type":"Feature","properties":{"highway":"primary"},"geometry":{"type":"LineString","coordinates":[[-112.00281,41.30376],[-112.00247,41.30338],[-112.00209,41.30295],[-112.00168,41.30251],[-112.00145,41.30224],[-112.00094,41.30169],[-112.00074,41.30147],[-112.00039,41.30108],[-111.99992,41.30055],[-111.99938,41.29995],[-111.99902,41.29955]]}},{"type":"Feature","properties":{"highway":"primary"},"geometry":{"type":"LineString","coordinates":[[-112.00822,41.30685],[-112.00958,41.30685]]}},{"type":"Feature","properties":{"highway":"primary"},"geometry":{"type":"LineString","coordinates":[[-112.01085,41.30685],[-112.01065,41.3068],[-112.0103,41.3068],[-112.01006,41.3068],[-112.00976,41.3068],[-112.00958,41.30685]]}},{"type":"Feature","properties":{"highway":"primary"},"geometry":{"type":"LineString","coordinates":[[-112.01779,41.3068],[-112.01693,41.3068]]}},{"type":"Feature","properties":{"highway":"primary"},"geometry":{"type":"LineString","coordinates":[[-112.01764,41.3069],[-112.01891,41.30686]]}},{"type":"Feature","properties":{"highway":"primary"},"geometry":{"type":"LineString","coordinates":[[-112.01571,41.30686],[-112.0159,41.30692],[-112.0163,41.30691]]}},{"type":"Feature","properties":{"highway":"primary"},"geometry":{"type":"LineString","coordinates":[[-112.0163,41.30691],[-112.01764,41.3069]]}},{"type":"Feature","properties":{"highway":"primary"},"geometry":{"type":"LineString","coordinates":[[-112.01891,41.30686],[-112.01912,41.30685],[-112.01998,41.30681],[-112.02016,41.30676]]}},{"type":"Feature","properties":{"highway":"primary"},"geometry":{"type":"LineString","coordinates":[[-112.02153,41.3067],[-112.0221,41.30669],[-112.02241,41.30668]]}},{"type":"Feature","properties":{"highway":"primary"},"geometry":{"type":"LineString","coordinates":[[-112.02241,41.30668],[-112.02287,41.30668],[-112.02294,41.30668]]}},{"type":"Feature","properties":{"highway":"primary"},"geometry":{"type":"LineString","coordinates":[[-112.05277,40.62444],[-112.05281,40.62438],[-112.05297,40.62349],[-112.05296,40.6234]]}},{"type":"Feature","properties":{"highway":"primary"},"geometry":{"type":"LineString","coordinates":[[-112.05257,40.62748],[-112.05255,40.62694],[-112.05255,40.62648],[-112.05257,40.62605],[-112.05261,40.62559],[-112.05265,40.62525],[-112.05271,40.62486]]}},{"type":"Feature","properties":{"highway":"primary"},"geometry":{"type":"LineString","coordinates":[[-112.04374,40.6095],[-112.04375,40.60947],[-112.04374,40.60944],[-112.04374,40.60942],[-112.04372,40.60939],[-112.04371,40.60937],[-112.04369,40.60936],[-112.04369,40.60935],[-112.04365,40.60933],[-112.04362,40.60932],[-112.04358,40.60931],[-112.04354,40.6093],[-112.0435,40.6093],[-112.04346,40.60931],[-112.04342,40.60932],[-112.04339,40.60934],[-112.04336,40.60936],[-112.04334,40.60938],[-112.04333,40.6094],[-112.04332,40.60943],[-112.04331,40.60945],[-112.04331,40.60948],[-112.04332,40.6095],[-112.04333,40.60953],[-112.04334,40.60955],[-112.04335,40.60956],[-112.04337,40.60958],[-112.04339,40.6096],[-112.04342,40.60961],[-112.04345,40.60962],[-112.04349,40.60963],[-112.04352,40.60963],[-112.04355,40.60963],[-112.04359,40.60963],[-112.04362,40.60962],[-112.04364,40.60961],[-112.04365,40.6096],[-112.04368,40.60959],[-112.0437,40.60957],[-112.04372,40.60955],[-112.04373,40.60952],[-112.04374,40.6095]]}},{"type":"Feature","properties":{"highway":"primary"},"geometry":{"type":"LineString","coordinates":[[-112.04581,40.60944],[-112.04577,40.60942],[-112.04573,40.6094],[-112.04569,40.60938],[-112.04564,40.60938],[-112.04559,40.60937],[-112.04554,40.60937],[-112.04472,40.60936],[-112.04461,40.60936],[-112.04451,40.60937],[-112.04439,40.60938],[-112.04434,40.60938],[-112.04428,40.60939],[-112.04406,40.60943],[-112.04401,40.60943],[-112.04396,40.60943],[-112.04391,40.60942],[-112.04386,40.60941],[-112.04369,40.60936]]}},{"type":"Feature","properties":{"highway":"primary"},"geometry":{"type":"LineString","coordinates":[[-112.04338,40.53693],[-112.04387,40.53693]]}},{"type":"Feature","properties":{"highway":"primary"},"geometry":{"type":"LineString","coordinates":[[-112.00254,41.08916],[-112.00286,41.08915]]}},{"type":"Feature","properties":{"highway":"primary"},"geometry":{"type":"LineString","coordinates":[[-112.00204,41.08915],[-112.00254,41.08916]]}},{"type":"Feature","properties":{"highway":"primary"},"geometry":{"type":"LineString","coordinates":[[-112.06318,40.71301],[-112.06317,40.71224],[-112.06317,40.71148],[-112.06317,40.71135],[-112.06317,40.7111],[-112.06316,40.71074],[-112.06316,40.71012],[-112.06315,40.70888],[-112.06315,40.70877],[-112.06315,40.70866],[-112.06314,40.70746],[-112.06314,40.70738],[-112.06314,40.70731],[-112.06312,40.70416]]}},{"type":"Feature","properties":{"highway":"primary"},"geometry":{"type":"LineString","coordinates":[[-112.06318,40.7131],[-112.06318,40.71301]]}},{"type":"Feature","properties":{"highway":"primary"},"geometry":{"type":"LineString","coordinates":[[-112.04804,40.53694],[-112.04845,40.53694]]}},{"type":"Feature","properties":{"highway":"motorway_link"},"geometry":{"type":"LineString","coordinates":[[-112.06319,40.71856],[-112.06311,40.71851],[-112.06303,40.71847],[-112.06293,40.71843],[-112.06283,40.71839],[-112.06271,40.71836],[-112.06265,40.71835],[-112.06259,40.71833],[-112.06252,40.71832],[-112.06244,40.71832],[-112.06236,40.71832],[-112.06222,40.71831],[-112.06209,40.7183],[-112.06195,40.71829]]}},{"type":"Feature","properties":{"highway":"trunk"},"geometry":{"type":"LineString","coordinates":[[-112.06511,40.71879],[-112.06547,40.71877],[-112.06613,40.71871]]}},{"type":"Feature","properties":{"highway":"trunk"},"geometry":{"type":"LineString","coordinates":[[-112.06613,40.71871],[-112.06682,40.71866]]}},{"type":"Feature","properties":{"highway":"primary"},"geometry":{"type":"LineString","coordinates":[[-112.06911,40.53867],[-112.06927,40.53837],[-112.0694,40.53815],[-112.06949,40.53802],[-112.06961,40.53787],[-112.06986,40.53759]]}},{"type":"Feature","properties":{"highway":"primary"},"geometry":{"type":"LineString","coordinates":[[-112.0942,41.107],[-112.09407,41.10698],[-112.09394,41.10697],[-112.09381,41.10697],[-112.09368,41.10697],[-112.09339,41.10697],[-112.09317,41.10698],[-112.09298,41.107],[-112.09279,41.10702],[-112.09261,41.10705],[-112.09242,41.10709],[-112.09223,41.10713],[-112.09205,41.10718],[-112.09187,41.10723],[-112.0917,41.10729],[-112.09153,41.10736],[-112.09134,41.10744],[-112.09116,41.10753],[-112.09099,41.10763],[-112.09082,41.10773],[-112.09067,41.10784],[-112.09008,41.10825],[-112.08957,41.1086],[-112.08775,41.10985],[-112.08762,41.10994],[-112.08748,41.11002],[-112.08735,41.1101],[-112.0872,41.11017],[-112.08706,41.11024],[-112.08691,41.1103],[-112.08676,41.11035],[-112.08661,41.1104],[-112.0864,41.11046],[-112.08618,41.11052],[-112.08607,41.11054],[-112.08596,41.11057],[-112.08582,41.11059],[-112.08567,41.11061],[-112.08552,41.11062]]}},{"type":"Feature","properties":{"highway":"primary"},"geometry":{"type":"LineString","coordinates":[[-112.08552,41.11062],[-112.08538,41.11063],[-112.08533,41.11063]]}},{"type":"Feature","properties":{"highway":"primary"},"geometry":{"type":"LineString","coordinates":[[-112.08533,41.11063],[-112.08516,41.11063],[-112.08401,41.11062],[-112.08395,41.11062],[-112.08379,41.11062]]}},{"type":"Feature","properties":{"highway":"primary"},"geometry":{"type":"LineString","coordinates":[[-112.06328,40.56601],[-112.06328,40.56557],[-112.06328,40.56538],[-112.06328,40.56519],[-112.06327,40.56496],[-112.06324,40.56467],[-112.06319,40.56429],[-112.06294,40.56256],[-112.06292,40.56238],[-112.06288,40.5622],[-112.06284,40.56189],[-112.06276,40.56136]]}},{"type":"Feature","properties":{"highway":"primary"},"geometry":{"type":"LineString","coordinates":[[-112.06276,40.56136],[-112.06275,40.56129],[-112.06271,40.561]]}},{"type":"Feature","properties":{"highway":"motorway"},"geometry":{"type":"LineString","coordinates":[[-113.40398,40.72956],[-113.44064,40.73049],[-113.44755,40.73064],[-113.48801,40.73156],[-113.49918,40.73182],[-113.55142,40.73301],[-113.57402,40.73353],[-113.58346,40.7337],[-113.5944,40.73395],[-113.60879,40.73427],[-113.62598,40.73463],[-113.64254,40.73502],[-113.66497,40.73554],[-113.68961,40.73601],[-113.70406,40.73638],[-113.75072,40.73739],[-113.77069,40.73778],[-113.78941,40.73819],[-113.80885,40.73856],[-113.82169,40.73883],[-113.83998,40.73921],[-113.84778,40.73936],[-113.85745,40.73955],[-113.87601,40.73986],[-113.90798,40.74043],[-113.95599,40.74141],[-113.9633,40.74159],[-113.96533,40.74171],[-113.96721,40.74184],[-113.971,40.74221],[-113.97378,40.74253],[-113.97659,40.74293],[-113.97805,40.74314],[-113.98199,40.74374],[-113.98402,40.74408],[-113.99017,40.7452],[-113.99384,40.74587],[-113.99756,40.74653],[-114.00072,40.74696]]}},{"type":"Feature","properties":{"highway":"motorway"},"geometry":{"type":"LineString","coordinates":[[-114.0106,40.74691],[-114.00865,40.74703],[-114.00786,40.74706],[-114.00698,40.74707],[-114.00598,40.74707],[-114.00511,40.74706],[-114.00414,40.74703],[-114.00313,40.74697],[-114.00218,40.74691],[-114.00122,40.74683],[-113.99888,40.74656],[-113.99707,40.74627],[-113.99549,40.74597],[-113.9906,40.74508],[-113.98398,40.74388],[-113.98079,40.74337],[-113.97713,40.74284],[-113.97085,40.74205],[-113.96777,40.74174],[-113.96215,40.74125],[-113.9537,40.74072],[-113.93765,40.74015],[-113.90801,40.73954],[-113.87584,40.73888],[-113.86212,40.73873],[-113.85914,40.73867],[-113.85651,40.73862],[-113.85066,40.7385],[-113.85051,40.7385],[-113.84824,40.73841],[-113.84393,40.73834],[-113.82257,40.73794],[-113.82143,40.73791],[-113.79087,40.73726],[-113.77333,40.73694],[-113.77062,40.73688],[-113.75064,40.73646],[-113.70933,40.73559],[-113.68965,40.73512],[-113.66385,40.73461],[-113.63193,40.73389],[-113.62245,40.73369],[-113.61014,40.73338],[-113.59445,40.73304],[-113.55141,40.73211],[-113.54191,40.73187],[-113.52012,40.73137],[-113.49929,40.73085],[-113.48809,40.73065],[-113.48405,40.73055],[-113.46601,40.73017],[-113.4477,40.72968],[-113.40411,40.72867]]}},{"type":"Feature","properties":{"highway":"primary"},"geometry":{"type":"LineString","coordinates":[[-112.05284,40.62394],[-112.05276,40.62437],[-112.05277,40.62444]]}},{"type":"Feature","properties":{"highway":"primary"},"geometry":{"type":"LineString","coordinates":[[-112.05296,40.6234],[-112.05292,40.62349],[-112.05284,40.62394]]}},{"type":"Feature","properties":{"highway":"primary"},"geometry":{"type":"LineString","coordinates":[[-112.05271,40.62486],[-112.05277,40.62444]]}},{"type":"Feature","properties":{"highway":"primary"},"geometry":{"type":"LineString","coordinates":[[-112.05296,40.6234],[-112.05319,40.62221]]}},{"type":"Feature","properties":{"highway":"primary"},"geometry":{"type":"LineString","coordinates":[[-112.15493,41.71204],[-112.15378,41.71207]]}},{"type":"Feature","properties":{"highway":"primary"},"geometry":{"type":"LineString","coordinates":[[-112.15624,41.71202],[-112.15493,41.71204]]}},{"type":"Feature","properties":{"highway":"motorway_link"},"geometry":{"type":"LineString","coordinates":[[-112.01841,41.05185],[-112.01853,41.05199],[-112.01855,41.05203],[-112.01856,41.05204],[-112.01856,41.05209],[-112.01854,41.0523]]}},{"type":"Feature","properties":{"highway":"motorway_link"},"geometry":{"type":"LineString","coordinates":[[-112.01854,41.0523],[-112.0188,41.05217],[-112.01887,41.05214],[-112.01893,41.05214],[-112.019,41.05213],[-112.01916,41.05216]]}},{"type":"Feature","properties":{"highway":"trunk"},"geometry":{"type":"LineString","coordinates":[[-112.00373,40.51149],[-112.00375,40.51164],[-112.00385,40.51231],[-112.00389,40.51251],[-112.00399,40.51289],[-112.00412,40.51327]]}},{"type":"Feature","properties":{"highway":"trunk"},"geometry":{"type":"LineString","coordinates":[[-112.00412,40.51327],[-112.0042,40.51348],[-112.00432,40.51386],[-112.00447,40.51428]]}},{"type":"Feature","properties":{"highway":"trunk"},"geometry":{"type":"LineString","coordinates":[[-112.28346,40.66873],[-112.28379,40.66836]]}},{"type":"Feature","properties":{"highway":"trunk"},"geometry":{"type":"LineString","coordinates":[[-112.283,40.66926],[-112.28346,40.66873]]}},{"type":"Feature","properties":{"highway":"trunk"},"geometry":{"type":"LineString","coordinates":[[-112.28379,40.66836],[-112.28454,40.66749]]}},{"type":"Feature","properties":{"highway":"primary"},"geometry":{"type":"LineString","coordinates":[[-114.02779,40.73785],[-114.02687,40.73795],[-114.02634,40.73801],[-114.02548,40.73812],[-114.02462,40.73824]]}},{"type":"Feature","properties":{"highway":"primary"},"geometry":{"type":"LineString","coordinates":[[-114.02078,40.73915],[-114.02011,40.73957]]}},{"type":"Feature","properties":{"highway":"primary"},"geometry":{"type":"LineString","coordinates":[[-112.31422,40.53436],[-112.31481,40.53437]]}},{"type":"Feature","properties":{"highway":"trunk"},"geometry":{"type":"LineString","coordinates":[[-112.29483,40.57336],[-112.29461,40.57492]]}},{"type":"Feature","properties":{"highway":"trunk_link"},"geometry":{"type":"LineString","coordinates":[[-112.2942,40.57288],[-112.2946,40.57294],[-112.29465,40.57296],[-112.29469,40.57298],[-112.29474,40.57301],[-112.29477,40.57304],[-112.29479,40.57308],[-112.29481,40.57312],[-112.29482,40.57316],[-112.29483,40.57322],[-112.29483,40.57327],[-112.29483,40.57336]]}},{"type":"Feature","properties":{"highway":"trunk"},"geometry":{"type":"LineString","coordinates":[[-112.31114,40.51261],[-112.31075,40.5129]]}},{"type":"Feature","properties":{"highway":"trunk"},"geometry":{"type":"LineString","coordinates":[[-112.31159,40.51227],[-112.31114,40.51261]]}},{"type":"Feature","properties":{"highway":"trunk"},"geometry":{"type":"LineString","coordinates":[[-112.31356,40.51075],[-112.31159,40.51227]]}},{"type":"Feature","properties":{"highway":"trunk"},"geometry":{"type":"LineString","coordinates":[[-112.31397,40.51044],[-112.31378,40.51058],[-112.31356,40.51075]]}},{"type":"Feature","properties":{"highway":"trunk"},"geometry":{"type":"LineString","coordinates":[[-112.31436,40.51014],[-112.31397,40.51044]]}},{"type":"Feature","properties":{"highway":"trunk"},"geometry":{"type":"LineString","coordinates":[[-112.31481,40.5098],[-112.31448,40.51005],[-112.31436,40.51014]]}},{"type":"Feature","properties":{"highway":"trunk"},"geometry":{"type":"LineString","coordinates":[[-112.31536,40.50938],[-112.31481,40.5098]]}},{"type":"Feature","properties":{"highway":"trunk"},"geometry":{"type":"LineString","coordinates":[[-112.31574,40.50909],[-112.31536,40.50938]]}},{"type":"Feature","properties":{"highway":"trunk"},"geometry":{"type":"LineString","coordinates":[[-112.3171,40.50791],[-112.31662,40.50835],[-112.31574,40.50909]]}},{"type":"Feature","properties":{"highway":"trunk"},"geometry":{"type":"LineString","coordinates":[[-112.31757,40.50748],[-112.3171,40.50791]]}},{"type":"Feature","properties":{"highway":"trunk"},"geometry":{"type":"LineString","coordinates":[[-112.32741,40.49744],[-112.32496,40.49996],[-112.32445,40.50048],[-112.31757,40.50748]]}},{"type":"Feature","properties":{"highway":"trunk"},"geometry":{"type":"LineString","coordinates":[[-112.30884,40.51428],[-112.30845,40.51453]]}},{"type":"Feature","properties":{"highway":"trunk"},"geometry":{"type":"LineString","coordinates":[[-112.30534,40.51611],[-112.30491,40.51631]]}},{"type":"Feature","properties":{"highway":"trunk"},"geometry":{"type":"LineString","coordinates":[[-112.30343,40.51702],[-112.30293,40.51727]]}},{"type":"Feature","properties":{"highway":"primary"},"geometry":{"type":"LineString","coordinates":[[-112.3126,40.53436],[-112.31336,40.53436]]}},{"type":"Feature","properties":{"highway":"primary"},"geometry":{"type":"LineString","coordinates":[[-112.05319,40.62221],[-112.05323,40.62199],[-112.05344,40.62106]]}},{"type":"Feature","properties":{"highway":"trunk_link"},"geometry":{"type":"LineString","coordinates":[[-112.02818,40.55081],[-112.02828,40.55088],[-112.02837,40.55097],[-112.02846,40.55106],[-112.02855,40.55115],[-112.02862,40.55126],[-112.02865,40.55129],[-112.02869,40.55132],[-112.02873,40.55135],[-112.02878,40.55137],[-112.02884,40.55139],[-112.0289,40.55139],[-112.02896,40.55139],[-112.02902,40.55138],[-112.02908,40.55136],[-112.0296,40.55111],[-112.02963,40.55109],[-112.02966,40.55106],[-112.02969,40.55103],[-112.02971,40.551],[-112.02972,40.55097],[-112.02973,40.55094],[-112.02973,40.55089],[-112.02973,40.55084],[-112.02971,40.55079],[-112.0297,40.55074],[-112.02967,40.55069],[-112.02964,40.55064]]}},{"type":"Feature","properties":{"highway":"primary_link"},"geometry":{"type":"LineString","coordinates":[[-112.02551,40.55362],[-112.02596,40.55326],[-112.02601,40.55322],[-112.02606,40.55318],[-112.02612,40.55314],[-112.02619,40.5531],[-112.02634,40.55302]]}},{"type":"Feature","properties":{"highway":"primary"},"geometry":{"type":"LineString","coordinates":[[-112.03797,40.60938],[-112.03739,40.60938]]}},{"type":"Feature","properties":{"highway":"primary"},"geometry":{"type":"LineString","coordinates":[[-112.03967,40.60942],[-112.03953,40.6094],[-112.03939,40.60939],[-112.03928,40.60938],[-112.03917,40.60938],[-112.0383,40.60938],[-112.03797,40.60938]]}},{"type":"Feature","properties":{"highway":"primary"},"geometry":{"type":"LineString","coordinates":[[-112.03828,40.60949],[-112.03923,40.60949],[-112.03933,40.60948],[-112.03944,40.60947],[-112.03952,40.60946],[-112.03959,40.60944],[-112.03967,40.60942]]}},{"type":"Feature","properties":{"highway":"primary"},"geometry":{"type":"LineString","coordinates":[[-112.03559,40.60944],[-112.03565,40.60946],[-112.03571,40.60948],[-112.03576,40.60949],[-112.03581,40.60949],[-112.03587,40.60949],[-112.03828,40.60949]]}},{"type":"Feature","properties":{"highway":"primary"},"geometry":{"type":"LineString","coordinates":[[-112.03739,40.60938],[-112.03583,40.60937],[-112.03577,40.60938],[-112.03575,40.60938],[-112.03572,40.60939],[-112.0357,40.60939],[-112.03565,40.60941],[-112.03559,40.60944]]}},{"type":"Feature","properties":{"highway":"primary"},"geometry":{"type":"LineString","coordinates":[[-112.04136,40.60941],[-112.04146,40.60944],[-112.04156,40.60947],[-112.04166,40.60948],[-112.04176,40.60949],[-112.04218,40.60951],[-112.04233,40.60952],[-112.04247,40.60952],[-112.04264,40.60952],[-112.04279,40.6095],[-112.043,40.60948],[-112.04306,40.60948],[-112.04312,40.60948],[-112.04318,40.60949],[-112.04324,40.60951],[-112.04329,40.60952],[-112.04334,40.60955]]}},{"type":"Feature","properties":{"highway":"primary"},"geometry":{"type":"LineString","coordinates":[[-112.04339,40.60934],[-112.04326,40.60936],[-112.04313,40.60938],[-112.04299,40.60939],[-112.04285,40.6094],[-112.0427,40.6094],[-112.04166,40.60938],[-112.04158,40.60938],[-112.0415,40.60939],[-112.04143,40.6094],[-112.04136,40.60941]]}},{"type":"Feature","properties":{"highway":"primary"},"geometry":{"type":"LineString","coordinates":[[-112.04365,40.6096],[-112.04381,40.60957],[-112.04398,40.60953],[-112.04414,40.60951],[-112.0443,40.60949],[-112.04445,40.60948],[-112.0446,40.60947],[-112.04555,40.60947],[-112.04562,40.60947],[-112.04568,40.60946],[-112.04575,40.60945],[-112.04581,40.60944]]}},{"type":"Feature","properties":{"highway":"trunk_link"},"geometry":{"type":"LineString","coordinates":[[-112.02988,40.7098],[-112.02994,40.71012],[-112.02998,40.71041],[-112.03001,40.71065],[-112.03004,40.71089],[-112.03004,40.711]]}},{"type":"Feature","properties":{"highway":"primary"},"geometry":{"type":"LineString","coordinates":[[-112.06445,41.16158],[-112.06427,41.16154],[-112.06294,41.16156],[-112.06171,41.16157],[-112.06137,41.16163],[-112.06172,41.16167],[-112.06294,41.16164],[-112.06353,41.16164],[-112.06427,41.16163],[-112.06445,41.16158]]}},{"type":"Feature","properties":{"highway":"primary"},"geometry":{"type":"LineString","coordinates":[[-112.01148,40.56138],[-112.01138,40.56144],[-112.0109,40.56171],[-112.01083,40.56175],[-112.01077,40.56178],[-112.0107,40.56181],[-112.01063,40.56184]]}},{"type":"Feature","properties":{"highway":"primary"},"geometry":{"type":"LineString","coordinates":[[-112.01063,40.56184],[-112.01051,40.56188],[-112.01042,40.56191],[-112.01034,40.56194],[-112.01021,40.56198]]}},{"type":"Feature","properties":{"highway":"primary"},"geometry":{"type":"LineString","coordinates":[[-112.0338,40.53695],[-112.03428,40.53695]]}},{"type":"Feature","properties":{"highway":"primary"},"geometry":{"type":"LineString","coordinates":[[-112.03428,40.53695],[-112.0346,40.53695]]}},{"type":"Feature","properties":{"highway":"primary"},"geometry":{"type":"LineString","coordinates":[[-112.09267,41.10391],[-112.09349,41.10463],[-112.09369,41.10481]]}},{"type":"Feature","properties":{"highway":"motorway"},"geometry":{"type":"LineString","coordinates":[[-112.09172,41.10309],[-112.09143,41.10276],[-112.09113,41.10248],[-112.09091,41.10228],[-112.09068,41.10207],[-112.09047,41.10187],[-112.09005,41.10147],[-112.08964,41.10107],[-112.08922,41.10068],[-112.08896,41.10045]]}},{"type":"Feature","properties":{"highway":"trunk_link"},"geometry":{"type":"LineString","coordinates":[[-112.29587,40.56669],[-112.29578,40.5676],[-112.29571,40.56776]]}},{"type":"Feature","properties":{"highway":"trunk"},"geometry":{"type":"LineString","coordinates":[[-112.03448,41.48653],[-112.03265,41.48654],[-112.03006,41.48653],[-112.0291,41.48653],[-112.0284,41.48653],[-112.02835,41.48653],[-112.02826,41.48653],[-112.02815,41.48653]]}},{"type":"Feature","properties":{"highway":"primary"},"geometry":{"type":"LineString","coordinates":[[-112.07714,40.65491],[-112.07615,40.65401]]}},{"type":"Feature","properties":{"highway":"primary_link"},"geometry":{"type":"LineString","coordinates":[[-112.07923,40.65697],[-112.07919,40.65686],[-112.07899,40.65668],[-112.0789,40.6565]]}},{"type":"Feature","properties":{"highway":"primary"},"geometry":{"type":"LineString","coordinates":[[-112.07985,40.65732],[-112.0797,40.6572],[-112.07956,40.65707],[-112.07933,40.65688],[-112.0789,40.6565],[-112.07885,40.65645],[-112.07815,40.65583],[-112.07764,40.65537],[-112.07714,40.65491]]}},{"type":"Feature","properties":{"highway":"primary"},"geometry":{"type":"LineString","coordinates":[[-112.08054,40.65785],[-112.08038,40.65774],[-112.08011,40.65753],[-112.07998,40.65743],[-112.07985,40.65732]]}},{"type":"Feature","properties":{"highway":"primary_link"},"geometry":{"type":"LineString","coordinates":[[-112.07985,40.65732],[-112.0796,40.6572],[-112.0794,40.65704],[-112.07923,40.65697]]}},{"type":"Feature","properties":{"highway":"primary"},"geometry":{"type":"LineString","coordinates":[[-112.0908,40.66507],[-112.09092,40.66527],[-112.09106,40.66555],[-112.0912,40.66583],[-112.09126,40.66597]]}},{"type":"Feature","properties":{"highway":"primary"},"geometry":{"type":"LineString","coordinates":[[-112.09062,40.66478],[-112.0908,40.66507]]}},{"type":"Feature","properties":{"highway":"primary"},"geometry":{"type":"LineString","coordinates":[[-112.09159,40.66687],[-112.09165,40.66711],[-112.09172,40.66735],[-112.09177,40.6676],[-112.09183,40.66793],[-112.09186,40.66809],[-112.09189,40.66825],[-112.0919,40.66842],[-112.09192,40.6686],[-112.09192,40.66877],[-112.09192,40.67183],[-112.09192,40.67217],[-112.0919,40.67381],[-112.0919,40.67478],[-112.09186,40.67749],[-112.09187,40.67839],[-112.09186,40.67982],[-112.09185,40.68013],[-112.09184,40.68037],[-112.09182,40.68092],[-112.0918,40.68199]]}},{"type":"Feature","properties":{"highway":"primary"},"geometry":{"type":"LineString","coordinates":[[-112.09126,40.66597],[-112.09133,40.66611],[-112.09142,40.66636],[-112.09151,40.66661],[-112.09159,40.66687]]}},{"type":"Feature","properties":{"highway":"primary"},"geometry":{"type":"LineString","coordinates":[[-112.07615,40.65401],[-112.07603,40.65392],[-112.07571,40.65362],[-112.07479,40.65278],[-112.07393,40.65198],[-112.07306,40.65118],[-112.07223,40.65044],[-112.07166,40.64994],[-112.07147,40.64982]]}},{"type":"Feature","properties":{"highway":"primary"},"geometry":{"type":"LineString","coordinates":[[-112.07147,40.64982],[-112.07159,40.64998],[-112.0719,40.65029],[-112.0722,40.65057],[-112.0728,40.65112],[-112.07358,40.65183],[-112.07435,40.65254],[-112.07519,40.65331],[-112.07593,40.65398],[-112.07604,40.65408]]}},{"type":"Feature","properties":{"highway":"trunk"},"geometry":{"type":"LineString","coordinates":[[-112.03526,41.48653],[-112.03507,41.48653],[-112.03487,41.48653],[-112.03469,41.48653],[-112.03448,41.48653]]}},{"type":"Feature","properties":{"highway":"motorway_link"},"geometry":{"type":"LineString","coordinates":[[-112.02457,41.15439],[-112.02445,41.15473],[-112.02427,41.1553],[-112.02397,41.15633],[-112.02371,41.15708],[-112.02358,41.15745]]}},{"type":"Feature","properties":{"highway":"motorway"},"geometry":{"type":"LineString","coordinates":[[-112.02365,41.12381],[-112.02407,41.12437],[-112.02434,41.12481],[-112.02455,41.12524],[-112.02473,41.12564],[-112.02489,41.1261],[-112.02501,41.12655],[-112.02509,41.12698],[-112.02514,41.12742],[-112.02516,41.12782],[-112.02501,41.12955],[-112.02495,41.13001]]}},{"type":"Feature","properties":{"highway":"motorway"},"geometry":{"type":"LineString","coordinates":[[-112.0249,41.13085],[-112.0248,41.13196],[-112.02481,41.13244],[-112.02481,41.13296],[-112.02473,41.13343],[-112.0246,41.13402],[-112.02421,41.13526]]}},{"type":"Feature","properties":{"highway":"motorway"},"geometry":{"type":"LineString","coordinates":[[-112.02445,41.14694],[-112.02463,41.14755],[-112.02475,41.14805],[-112.02493,41.14882],[-112.02504,41.14984],[-112.02509,41.15064]]}},{"type":"Feature","properties":{"highway":"motorway"},"geometry":{"type":"LineString","coordinates":[[-112.02421,41.13526],[-112.02388,41.13618],[-112.02354,41.13723],[-112.02334,41.13803],[-112.02323,41.13865],[-112.02315,41.13923]]}},{"type":"Feature","properties":{"highway":"motorway"},"geometry":{"type":"LineString","coordinates":[[-112.02315,41.13923],[-112.02306,41.14004]]}},{"type":"Feature","properties":{"highway":"primary"},"geometry":{"type":"LineString","coordinates":[[-112.06065,40.63992],[-112.05987,40.6392]]}},{"type":"Feature","properties":{"highway":"primary"},"geometry":{"type":"LineString","coordinates":[[-112.05397,40.61787],[-112.054,40.6177],[-112.05425,40.6164]]}},{"type":"Feature","properties":{"highway":"primary"},"geometry":{"type":"LineString","coordinates":[[-112.05573,40.60851],[-112.05609,40.60655],[-112.05658,40.60389]]}},{"type":"Feature","properties":{"highway":"primary"},"geometry":{"type":"LineString","coordinates":[[-112.05658,40.60389],[-112.0567,40.60323]]}},{"type":"Feature","properties":{"highway":"primary"},"geometry":{"type":"LineString","coordinates":[[-112.06215,40.57321],[-112.06217,40.57309],[-112.06222,40.57282]]}},{"type":"Feature","properties":{"highway":"primary"},"geometry":{"type":"LineString","coordinates":[[-112.06201,40.57397],[-112.06208,40.57357]]}},{"type":"Feature","properties":{"highway":"primary"},"geometry":{"type":"LineString","coordinates":[[-112.06176,40.57531],[-112.06201,40.57397]]}},{"type":"Feature","properties":{"highway":"primary"},"geometry":{"type":"LineString","coordinates":[[-112.05704,40.60139],[-112.05709,40.60107],[-112.05718,40.60062]]}},{"type":"Feature","properties":{"highway":"primary"},"geometry":{"type":"LineString","coordinates":[[-112.05759,40.59834],[-112.05782,40.59685]]}},{"type":"Feature","properties":{"highway":"primary"},"geometry":{"type":"LineString","coordinates":[[-112.05718,40.60062],[-112.05747,40.59909],[-112.05759,40.59834]]}},{"type":"Feature","properties":{"highway":"primary"},"geometry":{"type":"LineString","coordinates":[[-112.05902,40.59043],[-112.05947,40.58801]]}},{"type":"Feature","properties":{"highway":"primary"},"geometry":{"type":"LineString","coordinates":[[-112.05947,40.58801],[-112.05978,40.5862]]}},{"type":"Feature","properties":{"highway":"primary"},"geometry":{"type":"LineString","coordinates":[[-112.05978,40.5862],[-112.0606,40.5817],[-112.06142,40.5772],[-112.06152,40.57665]]}},{"type":"Feature","properties":{"highway":"primary"},"geometry":{"type":"LineString","coordinates":[[-112.06152,40.57665],[-112.06159,40.5762],[-112.06164,40.57595]]}},{"type":"Feature","properties":{"highway":"primary"},"geometry":{"type":"LineString","coordinates":[[-112.00419,40.58792],[-111.99517,40.5879]]}},{"type":"Feature","properties":{"highway":"primary"},"geometry":{"type":"LineString","coordinates":[[-112.06046,41.11057],[-112.06438,41.11057],[-112.0646,41.11057]]}},{"type":"Feature","properties":{"highway":"motorway"},"geometry":{"type":"LineString","coordinates":[[-112.2372,40.71673],[-112.24157,40.71415]]}},{"type":"Feature","properties":{"highway":"motorway"},"geometry":{"type":"LineString","coordinates":[[-112.23584,40.71754],[-112.2372,40.71673]]}},{"type":"Feature","properties":{"highway":"primary"},"geometry":{"type":"LineString","coordinates":[[-112.08379,41.11078],[-112.08395,41.11078],[-112.08514,41.11078],[-112.08535,41.11077],[-112.08556,41.11076],[-112.08573,41.11075],[-112.08589,41.11073],[-112.08604,41.11071],[-112.08619,41.11068],[-112.08633,41.11065],[-112.08647,41.11062],[-112.08665,41.11057],[-112.08683,41.11051],[-112.087,41.11045],[-112.08717,41.11039],[-112.08733,41.11031],[-112.08748,41.11024],[-112.08762,41.11015],[-112.09004,41.10849],[-112.09093,41.10787],[-112.09108,41.10777],[-112.09123,41.10768],[-112.09138,41.1076],[-112.09155,41.10752],[-112.09171,41.10745],[-112.09188,41.10738],[-112.09206,41.10732],[-112.09224,41.10727],[-112.09243,41.10722],[-112.09263,41.10717],[-112.09282,41.10714],[-112.09301,41.10711],[-112.09321,41.10709],[-112.0934,41.10708],[-112.09354,41.10708],[-112.09369,41.10707],[-112.09381,41.10707],[-112.09394,41.10705],[-112.09407,41.10703],[-112.0942,41.107]]}},{"type":"Feature","properties":{"highway":"motorway"},"geometry":{"type":"LineString","coordinates":[[-112.04627,40.77113],[-112.05404,40.77114]]}},{"type":"Feature","properties":{"highway":"motorway"},"geometry":{"type":"LineString","coordinates":[[-112.03957,40.77115],[-112.04286,40.77112],[-112.04627,40.77113]]}},{"type":"Feature","properties":{"highway":"motorway_link"},"geometry":{"type":"LineString","coordinates":[[-112.06336,40.7699],[-112.0631,40.7699],[-112.063,40.7699]]}},{"type":"Feature","properties":{"highway":"motorway_link"},"geometry":{"type":"LineString","coordinates":[[-112.06286,40.77208],[-112.06306,40.77208],[-112.06316,40.77208]]}},{"type":"Feature","properties":{"highway":"motorway_link"},"geometry":{"type":"LineString","coordinates":[[-112.01799,41.05166],[-112.0182,41.05175],[-112.01841,41.05185]]}},{"type":"Feature","properties":{"highway":"motorway_link"},"geometry":{"type":"LineString","coordinates":[[-112.01841,41.05185],[-112.01865,41.05194],[-112.01878,41.05199]]}},{"type":"Feature","properties":{"highway":"motorway"},"geometry":{"type":"LineString","coordinates":[[-112.00619,41.17112],[-112.00733,41.17226]]}},{"type":"Feature","properties":{"highway":"motorway_link"},"geometry":{"type":"LineString","coordinates":[[-112.07928,41.08801],[-112.07933,41.08814]]}},{"type":"Feature","properties":{"highway":"motorway"},"geometry":{"type":"LineString","coordinates":[[-112.05971,41.06657],[-112.06046,41.06688],[-112.06431,41.06843]]}},{"type":"Feature","properties":{"highway":"motorway"},"geometry":{"type":"LineString","coordinates":[[-112.04213,41.0604],[-112.04294,41.06091],[-112.04325,41.06108],[-112.04356,41.06124],[-112.04387,41.0614],[-112.04422,41.06157],[-112.04458,41.06174],[-112.04494,41.06189],[-112.04513,41.06197],[-112.04531,41.06204],[-112.04562,41.06216],[-112.04593,41.06227],[-112.04625,41.06237],[-112.04657,41.06246],[-112.04724,41.06265],[-112.05079,41.06362]]}},{"type":"Feature","properties":{"highway":"primary"},"geometry":{"type":"LineString","coordinates":[[-112.03328,40.60945],[-112.03317,40.60938],[-112.03281,40.60938],[-112.03156,40.60939],[-112.03085,40.60939]]}},{"type":"Feature","properties":{"highway":"primary"},"geometry":{"type":"LineString","coordinates":[[-112.03328,40.60945],[-112.03345,40.60944]]}},{"type":"Feature","properties":{"highway":"primary_link"},"geometry":{"type":"LineString","coordinates":[[-112.0303,40.60951],[-112.03049,40.60946],[-112.03078,40.60945],[-112.03085,40.60939]]}},{"type":"Feature","properties":{"highway":"primary_link"},"geometry":{"type":"LineString","coordinates":[[-112.03156,40.60939],[-112.03142,40.60946],[-112.03099,40.60946],[-112.03094,40.60947],[-112.03089,40.60948],[-112.03087,40.60951]]}},{"type":"Feature","properties":{"highway":"trunk"},"geometry":{"type":"LineString","coordinates":[[-112.29396,40.58008],[-112.29399,40.57982],[-112.29407,40.57928],[-112.29447,40.57675],[-112.29478,40.57486],[-112.29484,40.57446]]}},{"type":"Feature","properties":{"highway":"trunk"},"geometry":{"type":"LineString","coordinates":[[-112.29461,40.57492],[-112.29445,40.57594],[-112.29433,40.57676],[-112.29393,40.57931],[-112.29389,40.57962],[-112.29385,40.57994],[-112.29383,40.58008]]}},{"type":"Feature","properties":{"highway":"motorway"},"geometry":{"type":"LineString","coordinates":[[-112.03911,41.34429],[-112.03884,41.34335],[-112.03846,41.34258],[-112.03818,41.34216],[-112.03793,41.3418]]}},{"type":"Feature","properties":{"highway":"motorway"},"geometry":{"type":"LineString","coordinates":[[-112.02509,41.15064],[-112.02507,41.15132],[-112.02492,41.15267]]}},{"type":"Feature","properties":{"highway":"motorway"},"geometry":{"type":"LineString","coordinates":[[-112.07775,41.08503],[-112.07819,41.08566],[-112.07846,41.0861],[-112.07865,41.08641],[-112.0792,41.0874],[-112.08005,41.08893]]}},{"type":"Feature","properties":{"highway":"motorway"},"geometry":{"type":"LineString","coordinates":[[-112.07057,41.07488],[-112.07091,41.07644],[-112.07095,41.07666],[-112.07101,41.07687],[-112.07107,41.07708],[-112.07115,41.07728],[-112.07124,41.07753],[-112.07135,41.07778],[-112.07147,41.07802],[-112.0716,41.07825],[-112.07174,41.07849],[-112.07189,41.07872],[-112.07204,41.07893],[-112.0722,41.07914],[-112.07236,41.07935],[-112.07254,41.07954],[-112.07273,41.07974],[-112.07312,41.08013]]}},{"type":"Feature","properties":{"highway":"motorway"},"geometry":{"type":"LineString","coordinates":[[-111.99801,41.19773],[-111.99987,41.19625],[-112.00139,41.19506],[-112.00169,41.19482],[-112.00199,41.19457],[-112.00248,41.19416],[-112.00277,41.19392],[-112.00305,41.19367],[-112.00343,41.19333],[-112.0038,41.19299],[-112.00407,41.19273],[-112.00434,41.19246]]}},{"type":"Feature","properties":{"highway":"primary"},"geometry":{"type":"LineString","coordinates":[[-112.0303,40.60951],[-112.03087,40.60951]]}},{"type":"Feature","properties":{"highway":"motorway"},"geometry":{"type":"LineString","coordinates":[[-112.08369,41.09455],[-112.08345,41.09422],[-112.08315,41.09377],[-112.08291,41.0934]]}},{"type":"Feature","properties":{"highway":"motorway_link"},"geometry":{"type":"LineString","coordinates":[[-112.00882,41.17504],[-112.00882,41.17506],[-112.00881,41.17508],[-112.0088,41.17509],[-112.00879,41.17511],[-112.00878,41.17512],[-112.00856,41.17535]]}},{"type":"Feature","properties":{"highway":"primary"},"geometry":{"type":"LineString","coordinates":[[-112.01576,41.5104],[-112.01576,41.51054]]}},{"type":"Feature","properties":{"highway":"primary"},"geometry":{"type":"LineString","coordinates":[[-112.01615,41.4877],[-112.01622,41.48791]]}},{"type":"Feature","properties":{"highway":"primary"},"geometry":{"type":"LineString","coordinates":[[-112.02294,41.16168],[-112.02265,41.16167],[-112.02255,41.16166]]}},{"type":"Feature","properties":{"highway":"primary"},"geometry":{"type":"LineString","coordinates":[[-112.02457,41.16164],[-112.02392,41.16165],[-112.02355,41.16165],[-112.02333,41.1617]]}},{"type":"Feature","properties":{"highway":"primary"},"geometry":{"type":"LineString","coordinates":[[-112.02221,41.1617],[-112.02241,41.1617],[-112.02255,41.16166]]}},{"type":"Feature","properties":{"highway":"primary"},"geometry":{"type":"LineString","coordinates":[[-112.02255,41.16166],[-112.02244,41.1616],[-112.02222,41.16159]]}},{"type":"Feature","properties":{"highway":"primary"},"geometry":{"type":"LineString","coordinates":[[-112.02333,41.1617],[-112.02323,41.16169],[-112.02294,41.16168]]}},{"type":"Feature","properties":{"highway":"primary"},"geometry":{"type":"LineString","coordinates":[[-112.02591,41.16176],[-112.02605,41.16176]]}},{"type":"Feature","properties":{"highway":"primary"},"geometry":{"type":"LineString","coordinates":[[-112.02787,41.16161],[-112.0273,41.16162],[-112.02622,41.16163],[-112.02605,41.16163]]}},{"type":"Feature","properties":{"highway":"primary"},"geometry":{"type":"LineString","coordinates":[[-112.02508,41.16164],[-112.02476,41.16164]]}},{"type":"Feature","properties":{"highway":"primary"},"geometry":{"type":"LineString","coordinates":[[-112.02476,41.16164],[-112.02457,41.16164]]}},{"type":"Feature","properties":{"highway":"primary"},"geometry":{"type":"LineString","coordinates":[[-112.02376,41.16175],[-112.02389,41.16175],[-112.02427,41.16175]]}},{"type":"Feature","properties":{"highway":"primary"},"geometry":{"type":"LineString","coordinates":[[-112.02427,41.16175],[-112.02451,41.16175],[-112.02458,41.16175]]}},{"type":"Feature","properties":{"highway":"primary"},"geometry":{"type":"LineString","coordinates":[[-112.02458,41.16175],[-112.02479,41.16175],[-112.02493,41.16175]]}},{"type":"Feature","properties":{"highway":"motorway"},"geometry":{"type":"LineString","coordinates":[[-112.01122,41.18287],[-112.01125,41.18257],[-112.01127,41.18213],[-112.01131,41.18164],[-112.01134,41.18115],[-112.01138,41.18059],[-112.01142,41.17993],[-112.01145,41.17946],[-112.01147,41.17916]]}},{"type":"Feature","properties":{"highway":"primary"},"geometry":{"type":"LineString","coordinates":[[-112.073,41.08921],[-112.07385,41.0892],[-112.07405,41.0892],[-112.07423,41.0892],[-112.07543,41.08921],[-112.07571,41.08922],[-112.076,41.08922],[-112.07645,41.08924],[-112.0769,41.08926],[-112.07729,41.08928]]}},{"type":"Feature","properties":{"highway":"primary"},"geometry":{"type":"LineString","coordinates":[[-112.02495,40.7658],[-112.02496,40.76656],[-112.02496,40.76739]]}},{"type":"Feature","properties":{"highway":"primary"},"geometry":{"type":"LineString","coordinates":[[-112.03797,41.19731],[-112.03808,41.1973],[-112.03855,41.19732]]}},{"type":"Feature","properties":{"highway":"primary"},"geometry":{"type":"LineString","coordinates":[[-112.02951,41.16173],[-112.02968,41.16168]]}},{"type":"Feature","properties":{"highway":"primary"},"geometry":{"type":"LineString","coordinates":[[-112.02968,41.16168],[-112.02951,41.1616],[-112.02878,41.1616]]}},{"type":"Feature","properties":{"highway":"primary"},"geometry":{"type":"LineString","coordinates":[[-112.02878,41.1616],[-112.0286,41.16161]]}},{"type":"Feature","properties":{"highway":"primary"},"geometry":{"type":"LineString","coordinates":[[-112.0286,41.16161],[-112.02787,41.16161]]}},{"type":"Feature","properties":{"highway":"primary"},"geometry":{"type":"LineString","coordinates":[[-112.02605,41.16163],[-112.02597,41.16163],[-112.02585,41.16163],[-112.02508,41.16164]]}},{"type":"Feature","properties":{"highway":"primary"},"geometry":{"type":"LineString","coordinates":[[-112.02906,41.16173],[-112.02951,41.16173]]}},{"type":"Feature","properties":{"highway":"primary"},"geometry":{"type":"LineString","coordinates":[[-112.00463,40.56211],[-112.00458,40.56212],[-112.00452,40.56212],[-112.00444,40.56212],[-112.00357,40.56212]]}},{"type":"Feature","properties":{"highway":"primary"},"geometry":{"type":"LineString","coordinates":[[-112.00357,40.56212],[-112.00291,40.56212],[-112.00268,40.56212],[-112.00258,40.56212]]}},{"type":"Feature","properties":{"highway":"primary"},"geometry":{"type":"LineString","coordinates":[[-112.20388,41.71085],[-112.20342,41.71086],[-112.20233,41.71089],[-112.20163,41.71091],[-112.20041,41.71094],[-112.20036,41.71094],[-112.19963,41.71096],[-112.1994,41.71097],[-112.19868,41.71098],[-112.19544,41.71105]]}},{"type":"Feature","properties":{"highway":"primary"},"geometry":{"type":"LineString","coordinates":[[-112.19544,41.71105],[-112.19255,41.71111],[-112.19084,41.71115]]}},{"type":"Feature","properties":{"highway":"motorway"},"geometry":{"type":"LineString","coordinates":[[-112.21569,41.71518],[-112.21797,41.71615],[-112.22052,41.71723],[-112.22243,41.71806],[-112.22383,41.71866],[-112.22517,41.71923],[-112.22813,41.72051]]}},{"type":"Feature","properties":{"highway":"motorway"},"geometry":{"type":"LineString","coordinates":[[-112.22813,41.72051],[-112.22908,41.72091]]}},{"type":"Feature","properties":{"highway":"motorway"},"geometry":{"type":"LineString","coordinates":[[-112.71316,41.96172],[-112.71723,41.96173],[-112.7199,41.96174],[-112.72033,41.96174],[-112.72374,41.96176]]}},{"type":"Feature","properties":{"highway":"motorway"},"geometry":{"type":"LineString","coordinates":[[-112.70788,41.96169],[-112.71316,41.96172]]}},{"type":"Feature","properties":{"highway":"motorway"},"geometry":{"type":"LineString","coordinates":[[-112.72384,41.96141],[-112.72103,41.96141],[-112.71854,41.96139],[-112.71379,41.96139]]}},{"type":"Feature","properties":{"highway":"motorway"},"geometry":{"type":"LineString","coordinates":[[-112.71379,41.96139],[-112.70806,41.96133]]}},{"type":"Feature","properties":{"highway":"primary"},"geometry":{"type":"LineString","coordinates":[[-112.00166,41.08915],[-112.00204,41.08915]]}},{"type":"Feature","properties":{"highway":"motorway"},"geometry":{"type":"LineString","coordinates":[[-112.44094,40.68453],[-112.44218,40.68477]]}},{"type":"Feature","properties":{"highway":"primary"},"geometry":{"type":"LineString","coordinates":[[-112.01349,40.31607],[-112.0135,40.31787],[-112.01351,40.31895],[-112.01352,40.31923],[-112.01352,40.31987],[-112.01352,40.31999]]}},{"type":"Feature","properties":{"highway":"trunk"},"geometry":{"type":"LineString","coordinates":[[-112.1001,40.30249],[-112.09924,40.29849],[-112.09919,40.29818]]}},{"type":"Feature","properties":{"highway":"trunk"},"geometry":{"type":"LineString","coordinates":[[-112.0956,40.26063],[-112.09574,40.26046],[-112.09586,40.26029],[-112.09603,40.26009],[-112.09627,40.25983],[-112.09649,40.2596],[-112.09673,40.25937],[-112.09701,40.25913],[-112.09742,40.25879]]}},{"type":"Feature","properties":{"highway":"motorway"},"geometry":{"type":"LineString","coordinates":[[-112.27357,40.68393],[-112.27021,40.68681],[-112.26743,40.68939],[-112.26702,40.68979],[-112.26506,40.69184],[-112.26433,40.69264],[-112.26306,40.69412],[-112.26174,40.69568]]}},{"type":"Feature","properties":{"highway":"motorway"},"geometry":{"type":"LineString","coordinates":[[-112.28244,40.6777],[-112.28172,40.67813],[-112.28024,40.67909],[-112.27705,40.6813],[-112.27545,40.6825],[-112.27357,40.68393]]}},{"type":"Feature","properties":{"highway":"primary"},"geometry":{"type":"LineString","coordinates":[[-112.06462,41.08839],[-112.06458,41.08852],[-112.06454,41.08877],[-112.06452,41.08902],[-112.06452,41.08905],[-112.06452,41.08916]]}},{"type":"Feature","properties":{"highway":"primary"},"geometry":{"type":"LineString","coordinates":[[-112.06659,41.08918],[-112.06637,41.08915],[-112.06614,41.08915],[-112.06582,41.08914],[-112.06534,41.08915],[-112.06488,41.08916],[-112.06482,41.08916],[-112.06469,41.08916]]}},{"type":"Feature","properties":{"highway":"primary"},"geometry":{"type":"LineString","coordinates":[[-112.06334,41.08929],[-112.06435,41.08927],[-112.06439,41.08927],[-112.06444,41.08927],[-112.06452,41.08927]]}},{"type":"Feature","properties":{"highway":"primary"},"geometry":{"type":"LineString","coordinates":[[-112.06469,41.08927],[-112.06484,41.08927],[-112.06549,41.08926],[-112.06582,41.08925]]}},{"type":"Feature","properties":{"highway":"primary"},"geometry":{"type":"LineString","coordinates":[[-112.06469,41.08916],[-112.06469,41.08908],[-112.06469,41.08905],[-112.06469,41.08876],[-112.06468,41.08853],[-112.06462,41.08839]]}},{"type":"Feature","properties":{"highway":"primary"},"geometry":{"type":"LineString","coordinates":[[-112.06218,41.08924],[-112.06233,41.0893],[-112.06309,41.0893],[-112.06334,41.08929]]}},{"type":"Feature","properties":{"highway":"primary"},"geometry":{"type":"LineString","coordinates":[[-112.06582,41.08925],[-112.06623,41.08924],[-112.06659,41.08918]]}},{"type":"Feature","properties":{"highway":"primary"},"geometry":{"type":"LineString","coordinates":[[-112.06461,41.0911],[-112.06469,41.09087],[-112.06468,41.09039],[-112.06468,41.09028]]}},{"type":"Feature","properties":{"highway":"primary"},"geometry":{"type":"LineString","coordinates":[[-112.06452,41.08927],[-112.06469,41.08927]]}},{"type":"Feature","properties":{"highway":"primary"},"geometry":{"type":"LineString","coordinates":[[-112.06469,41.08916],[-112.06452,41.08916]]}},{"type":"Feature","properties":{"highway":"primary"},"geometry":{"type":"LineString","coordinates":[[-112.06452,41.08916],[-112.06452,41.08927]]}},{"type":"Feature","properties":{"highway":"motorway"},"geometry":{"type":"LineString","coordinates":[[-112.5295,40.70914],[-112.52872,40.70878],[-112.5263,40.70781]]}},{"type":"Feature","properties":{"highway":"motorway"},"geometry":{"type":"LineString","coordinates":[[-112.45113,40.68624],[-112.44929,40.68568],[-112.44791,40.68531],[-112.44643,40.68497],[-112.44345,40.68438],[-112.44279,40.68426],[-112.44053,40.68382]]}},{"type":"Feature","properties":{"highway":"motorway"},"geometry":{"type":"LineString","coordinates":[[-112.45589,40.68801],[-112.45267,40.68679],[-112.45113,40.68624]]}},{"type":"Feature","properties":{"highway":"motorway"},"geometry":{"type":"LineString","coordinates":[[-112.01483,41.04977],[-112.01879,41.05156],[-112.01919,41.05174],[-112.01955,41.05189],[-112.01997,41.05206],[-112.02052,41.05228],[-112.02107,41.05249],[-112.0217,41.05272],[-112.02234,41.05294],[-112.02285,41.05311],[-112.02336,41.05328],[-112.02342,41.05329],[-112.02388,41.05343],[-112.02429,41.05355],[-112.0247,41.05367],[-112.02511,41.05378],[-112.02556,41.05389],[-112.02601,41.05398]]}},{"type":"Feature","properties":{"highway":"motorway"},"geometry":{"type":"LineString","coordinates":[[-112.01015,41.04765],[-112.01483,41.04977]]}},{"type":"Feature","properties":{"highway":"motorway"},"geometry":{"type":"LineString","coordinates":[[-112.51839,40.70636],[-112.52035,40.70671],[-112.52238,40.70724],[-112.52462,40.70792],[-112.52622,40.70852],[-112.52829,40.70931],[-112.52905,40.70966]]}},{"type":"Feature","properties":{"highway":"motorway"},"geometry":{"type":"LineString","coordinates":[[-112.51288,40.70538],[-112.51595,40.7059],[-112.51839,40.70636]]}},{"type":"Feature","properties":{"highway":"motorway"},"geometry":{"type":"LineString","coordinates":[[-112.31567,40.66501],[-112.31724,40.66472]]}},{"type":"Feature","properties":{"highway":"motorway"},"geometry":{"type":"LineString","coordinates":[[-112.02598,41.05375],[-112.02551,41.05363],[-112.02496,41.05349],[-112.02442,41.05334],[-112.02393,41.0532],[-112.02343,41.05305]]}},{"type":"Feature","properties":{"highway":"motorway"},"geometry":{"type":"LineString","coordinates":[[-112.07077,41.07451],[-112.07072,41.07429],[-112.07067,41.07407],[-112.07061,41.07386],[-112.07053,41.07364],[-112.07045,41.07343],[-112.07037,41.07321],[-112.07027,41.073],[-112.07016,41.07277],[-112.07004,41.07254],[-112.06991,41.07232],[-112.06977,41.0721],[-112.06963,41.0719],[-112.06949,41.0717],[-112.06933,41.0715],[-112.06918,41.07131],[-112.06899,41.0711],[-112.0688,41.07091]]}},{"type":"Feature","properties":{"highway":"motorway"},"geometry":{"type":"LineString","coordinates":[[-112.33718,40.66217],[-112.33508,40.66224],[-112.33393,40.66229],[-112.33202,40.66241],[-112.32977,40.66258],[-112.32832,40.66271],[-112.32609,40.66294],[-112.3254,40.66302],[-112.32184,40.66349],[-112.31878,40.66404],[-112.31558,40.66467]]}},{"type":"Feature","properties":{"highway":"motorway"},"geometry":{"type":"LineString","coordinates":[[-112.3392,40.66217],[-112.33718,40.66217]]}}]}